distance_from_danger_zone,distance_from_restricted_zone,speed,time_of_day,duration_in_remote_area,movement_frequency,route_deviation,stationary_duration,zone_entry_history,previous_incident_context,risk_level
583.1217079722309,536.4003616156016,5.994982126234292,2,3.921530611361016,27,1.8494135503286209,9.234022572936343,0,0,1
3632.145717101025,2464.0910841269874,6.451889483822097,5,1.1948821501520133,28,1.4264808672430098,17.111444534402608,0,0,0
1600.0948322545391,8867.64597615353,2.4874048192847638,21,37.867447262863905,28,1.208377904170177,20.381253436776852,0,0,0
1115.5310645311438,75.72902619303527,2.662996722979259,20,11.338451557056752,22,1.6156013728480163,4.935301399364522,0,0,0
223.54984455481554,3444.8770642185477,2.269597550724134,23,7.581153981419348,32,1.2646849271192335,19.407355999842114,0,1,2
223.5155502975262,1491.7958316863446,2.770615101233861,14,11.486710477903696,12,1.5212208703424284,20.197595146646528,1,0,1
91.80652233041681,5469.286292581016,3.8267633851942726,11,14.844749762198997,22,1.8484205424457114,3.2008457373786903,0,0,1
2433.4770373759275,968.2594830200908,4.0174863964711705,4,38.242405908481174,26,0.7171732759857558,15.145612219988202,0,0,1
1122.8985843527175,2849.784106993009,9.474357656944333,6,2.95287370656467,28,0.8106895003415435,2.4774126218791173,0,0,0
1497.5000740455084,126.63830103852652,4.98302614364295,21,5.2551220412951976,17,0.847988051214496,1.1720037499482079,0,0,0
44.95916959896635,642.581925856551,3.8780199622591818,14,55.814431439076564,19,2.653829692409561,10.255097063732514,1,0,2
4224.268970189974,134.05170546228698,1.9093319427009994,6,6.958963265708345,27,1.5736376173851923,28.716972795915403,2,0,1
2163.71545202561,5584.049784896203,3.3732798931958734,12,0.34230088410104464,27,1.6333737901499794,0.43323555430093363,0,2,1
306.4251502987364,2577.189829636094,11.450962410886566,2,2.3962560570122697,20,1.9189443555290921,21.01904541872654,0,0,1
260.81478649959604,2901.3729823007097,11.342894594179837,22,0.4003766832685789,27,0.8035934734374327,8.474089018037901,0,0,1
263.13370739870845,4200.090401689451,3.3445750570994894,12,68.96270719545885,35,0.5404721541006154,23.670353533373582,0,0,1
455.3044753525725,163.41647953098132,1.0405426550874515,2,4.904055451888427,22,1.1910736590602118,22.25462280914903,0,0,2
912.7133970330253,760.6577680815328,3.040407432759696,1,38.56535412899166,25,1.7489730446886866,24.980863397609866,0,0,0
698.644480136404,140.52614453526155,9.536724949789274,22,82.40139779375558,22,1.128582946073106,17.57750480502858,0,0,2
433.0675910647298,385.09014570751907,3.8447352461440367,3,13.738407952419227,25,0.7061163016710683,22.21752933199918,0,0,2
1155.6450486797585,420.81215546461186,6.498597266372958,16,0.5063972802697574,28,0.8503637053433916,2.3233840896502107,0,1,1
200.2814344728064,979.7927732549521,4.148859368059238,5,1.2766971030556176,33,0.7620804129037493,4.346335774894026,0,0,1
434.6186144028827,499.1145725993735,1.3116664778433866,10,9.854805320023782,23,0.9560493224973334,3.332561824863041,1,0,1
567.5326618650165,189.67183798546998,4.247890373935645,5,7.8174837837467,33,0.7681638822544462,16.277485986112072,0,1,2
750.72162543173,304.96703009094256,7.039181308216898,21,13.977817284685983,30,1.2952602045103832,2.0017699632922215,0,0,1
1865.5232132370943,268.9782538694315,2.742576061473334,1,8.666446894699675,26,0.9811474129675162,2.4140574420539744,0,0,1
287.28303455442835,5452.1502494988645,6.925347136540388,16,40.78898397416158,25,1.573610862086541,25.34007853920641,0,0,1
886.4349860397532,2166.259206452332,4.426704699703147,2,11.477374172977225,19,0.8264703982213054,14.685298650310962,0,2,2
1097.0056655717126,5181.889216776437,6.698860009504253,11,17.74913030287206,22,1.3527489144961318,24.989831936161508,0,0,0
77.07661970769026,899.0327784708771,5.188126587248391,13,34.02062074635351,24,1.2031707200532604,1.8008816510658319,0,0,1
1142.3996247795321,519.3609491732814,2.0089071448862628,1,2.3826830788276205,25,1.4310544893992572,6.109532883061935,0,0,1
244.3535023728997,2431.4101609777053,3.3973067869452453,21,3.915303276843228,16,1.5138944468491138,3.994683570459239,0,0,0
100.71671705516509,622.3529580754024,3.3216079716426963,21,1.702884066377955,16,1.5800521461680532,0.11673901976431852,1,1,2
3588.425352208317,563.6916554881931,2.6489736205226464,4,2.2560376814087513,19,1.7028492344299775,4.01766924673937,0,0,0
4064.756410953407,426.936910482265,4.927921349574027,9,10.779558648664768,23,1.5172756780660417,5.728366230260254,0,0,0
2002.797887375452,238.33971727038255,12.680233500806334,9,5.810972859736111,16,1.375952752843884,1.1610338505325724,0,0,1
455.94543196250993,474.5052476343513,8.096778577866282,20,8.253189088813572,22,0.9354856492636225,10.030017378062277,0,0,0
143.3327780030075,688.5012287567474,8.759193762654844,8,60.674602896778815,28,1.7165128489226236,5.797993634073172,0,0,1
1403.3009157183942,1711.2601970236658,2.5323603748934427,20,2.55656502161821,35,0.924267560958847,0.5709077686204108,0,0,0
716.109011102478,126.91153284549618,8.847193365018672,12,11.674435813551804,28,1.0867968185655028,14.607893096808725,1,0,1
176.18268074533836,384.54635291226225,10.633566775394655,9,1.5616054415613534,30,0.8653153386235011,15.680035065574291,0,1,2
840.2566737609802,2513.4084446345983,2.4713355596555924,5,5.751804271839902,26,0.8581361183179851,21.583338588197265,0,0,0
61.9924657321749,268.3563061866493,5.560270313578893,10,11.246585977098897,28,1.0759450722860875,7.975663657533389,0,0,1
2900.5074648716286,659.2969417013386,5.653901782112177,3,43.95808805295555,31,1.1126987853853827,41.55386001617068,0,0,0
379.3493322088233,3029.9357730551137,3.5687994310319673,13,7.444677436493888,20,0.8821243373497994,29.449849532184295,3,0,1
1323.5069582779763,282.4953995275481,4.675802951022517,16,1.0066344679112575,20,1.232180428656611,9.618189929338284,0,0,0
468.2558979891484,159.54129575855944,5.829891630413477,19,7.369302526933443,21,1.3004420945336337,7.064406699605479,0,0,1
900.9330750910743,1024.0375253060124,3.7337046222051686,1,2.362815875456044,29,0.982208615608893,0.03646849336727644,3,2,2
969.4685575781571,570.2060638916838,7.8635163345081525,9,3.920269124902457,20,3.052178675730862,14.895716036774166,0,1,1
265.26631940948687,1273.1354899219075,1.5653180636815966,2,14.43857897904098,24,1.3952579529404252,9.987655979651072,0,0,1
4211.368559283472,2472.9684872596927,3.311642660282878,6,1.0470672896270166,26,1.2805708559630684,33.27954359500873,0,0,0
1810.6944525657689,251.26899470207846,6.579366240426572,6,9.374584828315049,22,0.9320373614345284,10.82368823918104,0,2,1
3386.113303149899,1333.7496623045445,11.89158775196838,0,14.103434148739172,24,1.290638097309946,59.29794694048357,1,0,1
2722.582397041036,1086.3387655922895,8.166421555662888,7,8.219046666185559,23,1.3449018747635773,23.07493870614766,0,0,0
1113.26529485993,263.3654202170362,4.613410389443412,22,0.2896743824025135,26,1.219706525329019,36.8449360079128,0,0,1
3079.322455123286,1497.243161627855,3.85628360608633,0,63.52413720337871,23,2.1542882758434567,4.763942830654673,0,0,0
131.18655074373874,509.56514185686666,3.442690926161297,7,6.862016405365267,27,0.6184192982303065,1.940856622024394,0,0,1
281.76163355752095,1033.6606645424836,3.456921356291041,13,22.615218359510752,21,1.0490114851055863,19.12703420388562,0,1,1
75.53835882419835,158.78187286516203,0.9222408745872729,13,5.91001219896541,16,1.6250428054069392,18.51240876350216,0,1,2
492.2385041637042,953.1242572589874,11.601965981692288,1,9.66583402473913,27,0.8532821101713849,2.850697416674553,0,0,1
610.5563501530623,578.9270444320706,4.052520498594094,7,7.376713043231357,24,0.6579218872432611,17.365005319049192,0,1,1
399.87253185059086,2622.1734917167228,2.3576596321528447,18,6.290552720454292,30,0.9924725264848625,10.466521340945198,0,1,1
2137.4694382891207,117.99965661842548,5.505390083400095,9,0.3314048167166021,34,1.8544246165180878,1.392004961834473,0,0,0
549.4723994358442,843.4932055426083,2.498507080407852,6,6.694797278418623,32,0.8614106257461475,8.360649039747068,1,0,0
415.76340816109905,949.9283699842553,7.410471978778799,12,33.03973766260846,27,1.0591104108361902,32.107809470816036,1,0,1
958.8884998492952,1966.5094157892552,2.41361192811686,21,17.586789319916434,20,1.4456988338343053,8.473756756105715,2,0,0
202.27777738475461,1310.986829347241,6.765829813261802,20,2.3572275664187754,24,0.968776675697369,18.6536588678949,0,0,0
1964.5803149296776,1680.3759624273043,3.4080936439546616,14,13.416287687696261,15,1.0243103304362544,0.3520333593574455,0,0,0
112.97104257357081,2281.206815760043,5.0515538364735795,10,33.41645897832191,27,0.9409925134450627,15.627030833804934,1,1,2
5220.9756075047835,3002.9602502367525,7.085214696101142,13,18.061294209704723,15,0.9732524732165099,35.21279851946375,1,2,1
1795.3805314898136,595.0442640984961,2.885985566826946,10,2.4145852855044523,26,0.7670723072238751,8.306438352473233,0,0,0
285.84732860706316,1188.3593023761102,6.979917372300238,1,30.355277950765092,18,1.10195573773625,4.9446194541506525,0,0,1
26.64490445112257,2779.885773359454,0.9610242610767268,1,5.383246701318776,25,1.8695420835141519,12.483571688448919,0,0,2
2047.8761329833512,6857.60493792859,10.145659090145546,11,9.079136571149668,25,2.3004935998365563,29.760636345656913,1,0,0
1492.5150888644537,3334.3718008106707,7.725594810321084,14,11.202737751448348,16,2.0136039271378796,2.3342307296523224,1,0,0
1586.7954905455988,726.550746301168,3.9592129707427777,16,28.50754595354972,19,1.2905626049292351,6.204020076728677,1,0,0
1790.257431252216,355.6798149727695,8.575670715795287,13,40.237380578099085,30,2.371541151743076,2.039361340295167,0,0,0
112.31511861655562,1038.2312384099635,8.039828253609485,15,39.81470104527453,27,3.0683617071099714,8.237735207370385,0,0,1
552.671206899479,2060.110405896105,4.204044310303524,7,0.11978976804945006,21,1.3132580617059926,9.329359562611184,0,1,0
167.78012552533957,1047.592016002708,4.174062381039478,23,38.24426701978789,31,0.8218266948050682,34.63255429981501,1,0,2
2406.2354859898674,1020.0934470112359,2.145558119243118,16,0.8388277287902217,30,2.0642658253551076,6.382857923322122,1,0,0
1191.5614300548489,2762.3734629147975,4.355044640026425,4,4.634068926677637,27,0.7547308124964871,10.04300827586314,0,0,0
502.18256150156117,702.7243746847422,1.2753516666503744,11,10.853720198398676,27,0.8567548169011661,25.9813081663144,0,0,0
98.80167896573947,2976.9709834566634,6.714022948106957,5,9.806753577839082,16,0.5309891702406812,4.652769540354739,0,0,1
466.9860204924245,813.347643092252,6.803766201862017,17,13.922026272314387,26,1.6338927225481368,13.456328274466337,0,0,0
491.9770558209576,626.7658231303172,0.9747713439985614,4,9.792931339822752,28,0.48375450103138967,16.98432122499798,0,0,1
1589.450940749289,937.6767386275694,9.565787573906384,5,40.857133718241556,21,1.8169157718699436,4.815195450436054,1,0,1
1237.867230711224,2186.0465228205085,2.7067013784043463,8,4.12738912941891,34,2.5187857208455955,2.154418390357881,1,0,0
2638.7022948818176,232.0158353097196,19.099581604911116,14,4.8035891784440965,28,2.4378351575684474,8.387799134424919,0,0,0
786.8793600515718,358.0163378433362,4.88392806905302,9,38.02493470212397,25,0.736144827838542,5.295627012058352,0,0,0
172.84687233860228,4567.581768657821,9.622106305396347,16,1.1976580100142191,11,0.5795643707666656,3.718517579721892,0,0,0
1518.9516131799194,319.4519733764568,2.092982553341641,18,14.107246136262965,19,0.9445996578626895,43.53174645844213,0,0,0
1736.471303692237,1288.0480220600828,3.4029220355411036,11,17.173108519900563,22,1.7361619040144747,8.36955018770928,3,0,1
1008.6649938629946,1328.8045141473435,2.8755585496683413,8,10.564387596951686,26,1.9768713380168292,23.295177747152778,1,0,0
1788.6679600656373,1038.912712971798,1.2552801131021414,14,17.773923573260532,28,1.5932879813135628,2.607688537576998,0,1,0
836.9776778123335,1582.3802058339627,1.5695250119120334,13,2.844809226133495,28,1.5086302429681149,33.6499959171486,0,0,0
907.6146065327205,421.70963702777686,3.85662622340739,0,28.722359979887173,22,3.140562659528864,18.98370778755546,0,0,2
689.3770326901129,1236.662124874423,5.3848401098121395,16,2.2627914248603433,31,1.008821009465231,19.846456808472762,0,0,0
50.89732878813648,728.2365520921226,1.9238270784689804,0,7.682709228179933,22,0.8947686435999608,5.926931346999147,0,0,2
157.000922230239,1655.5881431617247,3.2594546897354584,22,1.1736010223314688,19,0.7590768002362099,7.97791228377616,0,0,1
58.32041755166459,258.3699414315686,2.488979677106876,20,11.818828157389145,34,1.4523549856625109,10.797756627812227,1,0,2
1234.0754611130594,1299.0189888563443,4.03160404720371,21,16.618389607605526,23,1.1367571054368482,18.71438252183103,0,0,0
472.8760505541198,337.34841775604855,6.399262044410651,12,42.509721533744134,26,1.6989180814452696,22.690216251278013,3,0,2
872.5246125610281,519.931809157712,4.507452218598399,7,20.167857132951717,20,1.0199771568137568,0.9751103891665296,0,0,0
2877.5186358151705,400.2129355042583,2.7876369051500367,12,11.683939693751356,29,1.5706865862561523,28.128686026903964,1,0,1
364.086587579958,332.87647196942606,7.878461091216327,15,40.460441598215986,17,1.0475535740741388,33.27042196490686,1,1,2
653.9383698592071,2650.5602401552737,5.273832719612668,1,9.763873439131947,26,1.1444430090216655,10.783985808329462,0,0,1
1710.4989770463,534.6942470860331,4.594583984286055,12,12.355866506275786,26,1.1886330035152277,2.4806096124978754,0,0,0
331.76618830087284,3958.489378560806,1.9427586249873536,17,13.598764667042474,17,0.6187087506855099,20.472365928400983,1,0,1
116.12513426021164,5286.167604678273,7.376478287597498,2,7.913975696529585,28,1.1548911212628687,9.5444877253708,0,0,1
430.5683646644685,1300.3585507177706,5.613957591922752,12,27.34714444355577,26,1.5293719013999214,20.392118644191292,0,0,0
230.97003020007543,261.47800557034293,5.799455326363988,18,3.0717459739400246,30,0.8226333920120563,20.23635405365664,2,0,2
3205.9401030567496,733.9216196322473,3.60751350981853,12,12.139896469549035,18,2.622292872686663,1.088675573248264,0,0,0
2001.0644965814834,2427.244545325931,3.177431730709936,18,19.2146035278737,32,1.2237920750955422,11.208002324587412,0,0,0
1224.1930286246372,716.8534685230026,11.637464650502592,3,35.14738363041337,28,0.9505439578630718,7.919898627225763,0,0,1
2481.8236766249756,166.55738640630233,3.1438267552983903,18,32.30192784279461,37,0.9390358614245552,35.05183308966374,0,0,1
1973.5627288886676,1250.5501475834367,1.6506593011036788,17,10.661735233960613,18,2.1132026148874825,4.222659167996806,0,0,0
267.7945716303669,2827.6652298721997,4.745724031277106,5,15.457077654761202,27,0.8781632957638001,2.7680634177207533,0,0,1
2696.9760862826734,2413.911754337835,4.180593167547697,18,7.519015105917569,17,1.3760799860197932,27.286438905840825,0,0,0
950.1198823594063,318.7817468280255,8.095818050334612,3,9.471689793453132,30,1.7388334697142842,1.9321076957034853,0,0,1
1996.8179495642794,1705.6133001597125,3.7965071700092685,3,35.50938123651199,20,1.5245301972683258,13.920215881584827,0,0,0
2737.0911791434773,403.66208992268673,6.272431357795615,23,40.04051994407253,23,0.9752407464507504,4.280438997931698,0,0,1
479.2768597019822,399.2489446676165,9.961118088435997,6,33.86619202094775,23,1.7086245608043011,10.06767248405712,1,0,1
159.910592148621,3138.0647456060365,5.407703894435798,6,2.2339550252737266,23,1.2999302151164789,11.492211953028974,0,0,1
330.4240953672576,460.86116023819807,2.0188589815854394,22,28.465204260425626,20,0.6138671345815943,6.482420520747436,3,0,2
688.4692312983373,488.25458364973576,5.505156520107064,15,44.4529644933526,19,1.9923328574942918,44.24975572547456,0,0,1
2064.595671966734,30.980406471105553,3.298629891079075,15,6.7236248895252455,25,0.9555823546403922,1.6964565614793399,0,0,1
2385.6139662558,3098.0707999330834,4.956525487510117,4,10.967293711455659,17,1.1385533873194986,5.959110536432421,0,0,0
28.371691017980776,2389.621462296875,4.201468912950951,14,22.650355382388497,21,1.3823516604679467,6.753752576334756,0,0,1
877.851391206267,1510.5886678838804,1.6225186024566134,22,12.385721711832037,23,0.9873242486126269,11.965030513060844,0,2,1
668.3279851024056,2111.0369734796964,3.782134015401404,3,75.50131781949756,32,1.6532831334866576,6.2759882010301205,0,0,1
321.4008059309894,277.3978766049447,1.9322101561850693,23,9.124189029078304,28,0.7854203942999898,1.224871272765125,1,0,2
173.21646985477616,949.6297407376433,2.9787417106109193,12,18.77344766637048,25,0.9706860362086566,35.34731555455189,0,0,1
514.2902958349189,678.990987726514,7.361647991242998,18,23.595948984959083,20,1.9942923602206264,6.455876629056652,0,0,1
3455.7453472293796,177.70401539131137,4.420553371925468,6,10.221256192559913,26,1.2338147655478873,5.034897284973554,1,0,1
488.4605634577693,1028.6788620619518,6.039180831849609,11,29.171961125408487,26,0.8003343730493128,7.1027389887997385,0,0,0
897.7433669121823,3832.5259195588906,4.656669401162319,8,11.849979722912787,20,1.2604783437481113,2.9292761527059987,0,0,0
1476.904372257026,91.32536814149847,3.4608191830977604,16,7.95651936557702,28,1.4342778855853946,1.2672823475660298,0,0,1
562.3693987603548,546.8250801057884,4.965530069161909,1,1.711372363250936,31,0.6476481539893507,1.930175386138775,0,0,1
4301.35776595004,378.9216436246196,1.0958440340940687,15,7.498620975557599,33,2.367213918424694,2.187688191589837,0,0,0
3958.4118374496775,438.0018010454159,6.728475200020085,6,19.86030160125673,23,2.4986770847656095,2.6428748366781964,0,0,0
368.07355399064636,3616.0519235769875,2.308566460817389,17,38.12909218115489,22,1.281460313102897,6.535902938214052,0,0,0
845.1911341566166,976.8623988865068,5.8050777976846035,6,4.348856825512364,20,1.127460023800136,11.734779239917449,1,0,0
449.51655209485614,971.8804434918608,3.367582372647089,0,6.583052580231337,21,1.2326639435962927,11.895011264245516,0,0,1
422.29961165729804,2174.2766203557976,1.6233767047081968,2,2.507847212688468,24,1.7458130773755927,0.0011708918657544333,0,0,1
65.10137331862704,281.7268351684477,2.614457927374511,20,17.602764322844884,24,1.4638116309222253,30.453260495908083,0,0,2
1148.5904851791117,1031.9952406357188,5.823903195361796,10,48.353965585043156,30,1.3440551563758374,20.768910385071297,2,0,0
858.2235593955662,873.1394675272336,13.91021446519247,21,15.364497105074154,30,2.123216237289177,39.87020031828903,0,0,0
83.42130485647098,1392.89569506136,4.025984850747924,14,14.398801905243749,30,1.9200966379232167,5.355189197963553,0,0,1
411.9511052124432,11615.29428309369,12.93473622582473,2,12.094399902737711,27,0.83196452772493,13.116309030344114,0,0,1
2886.6331413072085,2230.9240852091602,1.0933013236342475,23,1.3892269420688217,29,1.7418684044290669,2.2073733297797142,0,0,0
348.63266257049247,790.912160796519,3.54772120257985,12,19.612459898407085,19,1.9360469560642302,20.381395428509254,0,0,0
207.83703318256372,2666.4984588427615,4.028164254448742,3,13.821416440888692,23,1.3652040156068266,2.1117954693980483,0,1,2
826.7265313683635,310.77508854175204,6.015263703189126,22,16.24743838970221,22,1.552107006565366,4.734047434513256,0,0,1
5112.8443791383115,76.40602334810582,2.688991917142503,21,34.361492145485904,33,1.0800688267350436,8.099794404146497,2,0,1
352.5737762716714,373.07930074641934,5.26187766297609,7,22.984430195856582,33,0.7544486261569019,10.832550081084214,0,0,1
1358.1860123567521,654.2088124984625,3.669148815808824,21,22.774449713375482,21,2.5984404155604097,9.84176236766847,1,0,1
1740.6651514873554,1101.8037151658407,8.804807642867349,3,39.29724590514363,27,0.7147769152847232,1.2923056040124992,0,0,0
345.59980680296695,1462.27114641107,4.748499676140623,17,68.98029596320913,27,2.3928939804525875,6.5714522241603035,0,0,0
1583.2987141907795,3652.047824687898,18.15558810757604,6,13.058390471626943,25,1.1899370155334392,30.75326596732821,2,0,0
570.2273591171648,1099.5779888396066,3.6891360581083323,10,1.729169908950985,27,2.0116913813482684,24.703299489254782,1,0,1
1220.6044972781256,1073.552594843929,8.460080565606669,3,9.218642313726257,26,1.2326500887408212,10.722131759570216,0,0,1
1224.6053925651659,107.32369038535296,10.115302584152278,12,23.239340809239202,27,1.777067105484625,10.192688699515745,0,1,1
940.8622999428186,83.30328984707248,0.3909664770042123,8,0.4217539012276345,26,1.4616146971658943,1.4210138108195258,3,0,2
133.55499057394513,1231.6330760047033,6.675623853722916,8,0.8785445699428384,20,0.93449346674645,2.6816150316443728,0,0,1
2184.3737530955564,894.8569451563473,3.5984567711679594,22,1.042788080797587,19,1.2887178833279618,3.494495253858573,0,0,0
484.1723524008759,2771.20801185722,1.8102132631505097,20,19.697652582073015,24,1.1535311887688966,8.037756111650195,0,0,0
267.7185279290678,292.74411600683925,8.898296691151025,18,10.432247459584119,32,1.5796324334757175,15.772420499758027,0,0,1
69.95571175321425,67.93311586698059,2.8029429571449676,2,6.904315377506722,22,1.2925493239504384,7.410363522159592,0,0,2
1092.5340855135003,924.1362472865666,1.0367943474086005,11,1.6743185178635476,22,1.3695233417361834,1.6169369722185767,0,0,0
1378.2220811208185,436.68697290580985,4.823496879052169,10,19.764977347805686,22,0.8103017185475456,6.943877412784288,0,0,0
40.07233707016474,106.33118092604816,9.707461742532015,19,5.807449918772136,29,0.7325287043899389,2.1299176427518143,2,0,2
881.156701459386,1964.2867081651284,1.8294264374856903,10,4.624886829780487,22,1.2564008076103879,16.6907319786204,0,0,0
328.18897646594917,207.48796141672543,7.225652423426991,16,15.847056989678762,31,1.3134021666426483,2.185471308850322,0,0,1
1263.3492098572303,1435.9632338498996,0.7969242943174167,20,12.281026554096247,16,0.8020158446740034,7.905737235345603,0,2,1
249.92506704696052,524.9446758168735,10.128102513419382,13,6.750912631016791,27,1.5351416062539904,14.187068156124107,2,0,2
1429.055033081263,315.8258744590087,5.4761938497777125,15,15.386875059221618,29,1.5620793350151658,3.1083278566668273,0,0,0
606.7504411773222,746.4526676170017,1.6790500310095515,23,4.745781929859568,34,1.3001158991390285,0.948909502732851,0,0,1
3332.4125813651685,2455.0395727737427,6.821309878402292,9,23.758764753992025,29,1.2291162705083818,9.942091425049256,2,0,0
197.53329612713472,776.6014773656331,2.9183458728774423,3,3.907210124047909,26,0.7356515084330231,0.6687235789855263,2,0,2
520.5589207942061,2114.0665598879345,2.1473310103905896,9,2.594559713941421,23,0.7307342970892138,10.63404649256289,0,0,0
164.5331420443957,231.1309723366998,2.8728789127851915,19,22.879168353481553,20,1.430299093994661,16.804648233645743,2,0,2
3123.4284765808684,2252.698209478295,6.397511698942512,11,18.45947680760497,19,0.8770348760783016,4.793486153009483,0,0,0
2538.0004485931927,435.6147991081752,2.0437109824689252,8,3.025115872814722,28,0.9020320384818076,8.041359918255171,0,0,0
377.99284407378667,1726.9812261765844,0.5302416711991447,14,1.8536438366151993,29,1.3654920710535383,31.700719489961642,0,0,0
1314.5152868526975,1281.3113124753927,2.9801124340707705,8,27.33938238537603,25,2.7595317209976975,7.643671928332155,0,0,0
2059.3808871670653,4000.673628942719,9.121266819548078,6,22.48176897395963,23,1.0418766541133537,68.04670748251596,0,0,0
992.1588328238097,764.8749179498454,9.047124525902142,23,5.945886749547104,22,2.773947703486751,2.049494177188599,0,0,1
925.1352922327353,132.68357715342026,2.8699429246538117,11,16.102828883573174,29,1.184709363307589,14.810458780442055,0,0,0
352.25245452548376,59.011993459337276,2.7965039432375067,19,1.9885809918430535,23,1.5304185835771331,12.687983544074049,1,0,2
137.27136856992888,2660.469677817638,2.672384437250893,23,10.610141716631126,26,1.7929933237938889,24.697310528086447,1,0,2
2750.1478702334275,1145.826116210341,2.586752870291232,13,0.28361888344196035,20,1.8459738851912784,1.163989661783808,0,0,0
2788.129313178112,2269.1102104277625,2.718707817196979,21,7.453887152832282,27,1.3988156067416888,3.9454924894379353,2,2,1
1223.2039033794617,430.69331586604653,4.976005337304761,15,1.1668744975699232,29,1.1141878041618338,1.7012408031923072,1,0,0
516.8558117735887,664.8718608997841,9.255660980425052,18,9.669560982749527,20,1.7010178272873178,32.45380084526643,0,0,1
535.4811389739727,75.84944695894082,2.041083078003248,22,8.214461669160857,24,1.4471599366477306,6.674799996245815,1,0,2
1573.3585156725417,4915.346543770396,2.3449018646267232,2,8.81519577854374,32,1.025985573357225,28.904129921646735,2,0,1
2748.916818928703,1683.33377671858,5.349677662767947,10,0.6958636774342677,23,2.1460632847808916,4.184600243744891,0,0,0
2637.359083275936,4089.192548102455,6.629121870327782,22,6.732237456301967,21,1.4666185650104233,1.6211539277882228,3,0,1
1836.2746303170838,492.8405883018479,1.275051857818915,20,21.18858015791019,30,0.9051306830240012,4.2208846325174605,0,0,0
1252.7728322812459,1448.0526731428417,11.356001176962456,19,6.904705885984513,20,0.8637573913907147,10.91101756891711,0,0,0
125.47007143530087,1732.136455021886,3.380528449178703,18,18.838044349313495,16,2.673976391233041,22.389982574850677,1,0,1
231.5530576200938,603.0983631972473,1.3816899689743387,7,6.918125683777499,25,1.002958353875237,5.841221839007195,1,0,1
2765.876600213007,2856.8905018622927,1.2217519000948724,19,8.254921127801408,22,1.6506646434423666,29.554265816910736,0,0,0
1138.9927363587074,4440.771727772263,1.1584904564499707,7,12.447984279058836,17,1.420120254033106,3.360250886034719,0,0,0
31.087526733193293,3272.3461461560883,8.360666419953036,2,45.14197307510525,23,1.6283705150838896,14.192043366647457,0,0,1
148.3962817231392,2045.237276077007,4.4447957780731215,9,1.7288135735844548,29,2.624067083090786,15.968651655067374,0,0,1
1326.994864748289,517.4834609949085,8.407708470796866,12,0.5020142013154553,31,1.8201636824803997,3.841850281913496,0,0,0
26.089324462156405,526.1266388530257,3.9011729177041854,8,14.045763302728696,11,1.706267590822684,0.3280828766627088,0,0,1
230.37897932503887,4989.935227518646,8.263542576466515,5,44.667527476277286,27,1.1289081220689414,5.454049403601693,1,1,2
974.837415366718,45.50662017611768,3.83521736924767,14,68.66789682920948,29,0.9362906890208998,0.5549921933537716,0,0,1
1432.778343985775,1918.4355276364622,5.999199742690289,15,9.929503096062499,27,3.214867915102691,27.72181679346003,0,1,1
1286.5297785622984,1867.5197249511546,4.083070693118894,4,9.468978367549642,26,1.201133295597269,36.82615683513828,0,0,0
324.7398407696294,1492.0303974244925,3.6778754863771925,20,15.533031607125253,33,1.170375197860953,15.953521520730416,0,0,0
1514.5007466782467,6954.171698126957,2.1992438078544323,12,12.166626537115182,23,1.3709681129597837,15.565545426804714,0,0,0
344.9885108633671,590.6868265286818,6.5264591306639215,18,15.080438536535727,24,1.3186151333331741,3.3073452127116454,0,0,1
492.3618907017013,653.2092213810512,1.8362933054963784,1,31.07203219226986,25,2.3096834620957947,0.9216081201351218,0,0,2
1666.8290619989489,153.34417506737074,6.519627947579706,5,20.57440696073976,21,1.5156474903272168,19.44020222301492,0,0,1
1278.5285771633216,907.2415391399992,4.579211044904548,0,10.303820767257061,21,0.7232721369523826,9.828931952372091,0,2,1
2290.347292956081,483.78453737867466,6.629496822615006,14,9.29467223410063,20,0.9381408120297867,13.73439953748522,0,0,0
1306.175945803715,660.9900323590973,4.84270381626015,14,15.30818407274918,35,1.2266461818270387,18.149970640743753,0,0,0
1028.053166704709,2728.8269343802895,8.822789506517253,13,9.123993892269297,18,1.84090341705991,6.320092023819572,0,0,0
138.0284737380926,4141.2749754764745,5.6322621964818085,6,9.18123389099565,29,0.6648645516127004,1.873483757855857,2,0,1
570.099568648424,338.20056804676057,4.64343011110298,4,0.24660459091613263,36,1.4881787818462489,19.019097900536497,0,0,1
389.7921774305974,729.0387624432541,0.46726891119682745,19,2.8685723500320495,28,1.6364432111609701,7.256485957783308,1,0,1
355.6402443949055,3989.8283131561125,9.042337503651142,15,10.056515409065717,34,1.738367700370721,21.048309701220532,0,0,1
4354.771287395511,125.701726695257,1.146981549582656,16,25.94474403064135,33,1.1828948568278728,6.908618955294241,0,0,0
619.2649964480286,175.36205493058202,1.491945693793656,10,4.901063728703335,28,1.8583629184311719,2.9357224691409938,0,0,1
2691.2662534982273,296.5222881840972,7.024085888159276,14,11.092373215593742,23,0.8816104588755578,2.250494103806902,3,0,1
1216.8012628837798,1386.590799555557,4.3366017434046285,19,6.345932387376592,30,1.782820982599682,16.347266913116847,0,0,0
1920.5903032260799,274.61204528411827,1.1914406301226106,15,1.6606886787689867,23,1.1916532507220265,10.264863078473047,0,0,0
858.1223892665245,5196.613724630066,2.793635565119499,2,47.65826660477969,25,1.2425357356850224,6.222320422415568,0,0,1
1052.187083169902,917.821777629133,8.751697207056786,5,28.93162337208131,19,1.2370244890870896,8.130044314104943,0,0,1
833.9521200100321,1074.2815785239839,4.748032671753757,20,1.2261642155181505,31,1.5841510454975056,9.572459029995198,1,0,0
280.65787439028617,454.85518268557036,4.408495999637346,22,19.083092810973884,18,0.7851170189849137,3.284031607643417,2,0,2
1558.1141636789646,985.0375691581154,2.5476002561395683,12,6.405999091041282,16,1.7404021481860064,5.700977123803554,0,0,0
415.49284203951555,1656.6808370961533,7.180380698557854,0,79.03081651917972,31,1.7303865720012024,4.150710235676673,0,0,1
49.53977729682634,2116.5210436012626,3.9808439136530676,20,5.401609268772406,30,1.0826445457322103,5.900589557306104,0,0,1
1264.3625435543286,2132.8314564499074,6.360360961976383,13,4.091674223514101,19,1.2226089573094143,8.33126688285743,3,0,0
253.92028426978723,1323.737957157079,2.354420220888927,1,12.586145436362987,33,0.866079747450525,2.2845961204088567,0,0,1
3405.299776727964,3550.7426756376103,13.95559370923338,1,27.03862085819717,31,0.7678582752913665,6.000904635257528,1,0,1
3713.0748953456277,2580.750430701247,9.737466450840396,14,3.207533922496445,30,1.3217623195601693,5.843247688702909,0,1,0
2976.2118615606096,2152.3377871826215,4.7146448543488235,17,18.537255883924544,25,1.325180943170304,4.0425319484915505,0,1,0
574.7448757968401,115.81698082231024,5.40633262956389,8,0.9505933415115311,31,1.06734567278553,77.9981164302504,0,0,1
38.692778446333264,40.35258663224215,2.8132027217854265,2,37.687512120791304,30,0.7408836983509267,0.9177464053745088,2,0,2
3182.628148798268,388.23744139548404,6.682280466303908,3,1.2682601872805972,28,1.466418390442282,12.358591701861414,0,0,1
690.7259324636735,1663.8408719959968,0.5825514620489799,14,36.841530465399394,23,1.0570461221773062,2.3002997656964257,1,0,0
4101.010419346467,824.4966701566589,11.25025577807743,4,10.123929740187576,21,0.9050758015412587,21.95532976241408,0,2,1
3996.4825713562464,802.2661789202242,6.4386515897686225,19,8.91558458612616,22,2.0347496604394757,29.468350805414524,0,0,0
2320.8644206153026,3268.855966752652,2.0085040681843407,19,54.350353478418,22,0.8269079470760408,6.159503604479639,0,0,0
438.53128180659235,3418.754709046343,11.083957523024472,4,69.66518071188197,23,1.529234133577507,20.811747725555477,0,1,1
603.5503185184323,3628.2354122366596,13.236871808047804,9,15.75496778048031,19,0.6704438390400533,3.450736146475781,0,0,0
2305.671982973696,595.0499040313241,5.596012611207889,15,2.0393456754569526,18,0.6876424152572845,1.810830631113273,0,0,0
477.3754777168605,1791.891963225723,2.3848001836215764,11,10.583461860387546,27,1.4815241119152223,4.555432849191854,0,0,0
242.86233955490573,505.42572871558923,4.454932537413522,13,11.298652972002207,20,1.0677411094815525,5.0166606086175936,0,0,1
996.4843904722733,347.2112928168204,6.117102719635637,21,10.836984804623908,31,0.7652603954969891,6.077174416499916,0,0,0
3321.55216496845,336.17444222839674,5.299349966257577,10,12.641834957285726,27,1.7859922930370995,5.600919086067506,0,0,0
1448.9907173095246,658.0708778659042,2.0087404784576695,18,0.28353361254046466,24,1.4169773369000187,6.354892517148372,0,0,0
1032.9348037227867,873.0668544809831,6.047076138087479,5,18.631730120266806,27,0.5214430170720865,14.855873005456107,0,0,0
142.67383681918744,2696.333769437135,8.689434807954227,9,18.692472613932367,26,1.7927676846506153,3.3816745559525176,0,0,0
1165.4368586212613,221.56443262474454,1.646644053096752,19,1.8404789147812421,27,0.7980741026335539,0.22500346654747866,0,0,0
5552.68369741558,2021.6185064808133,1.8114322901256577,2,12.667906024294863,20,0.6168327176405604,8.072620554129989,1,0,1
201.104703970717,1167.1844213191046,2.7286666498153744,21,12.602491663395607,15,0.8796559822877295,7.136819859079999,0,0,1
896.5943899778044,539.4009069180114,3.7329712323507214,14,17.206819739399666,26,1.2011496032365352,0.7433345308745667,0,0,0
2538.3303654809533,1048.33273446379,7.294592636068255,10,1.3389891660227369,32,1.2597969170742456,1.72369281829392,0,0,0
1640.041098024404,564.888284852319,8.630675005794075,21,14.772691938658618,31,0.6351169685434636,8.558261537865857,2,0,1
1452.8893103620078,1389.8149216507738,2.306635305312934,1,4.94323483123919,16,0.6940296079084786,3.2106443318662885,0,0,0
1474.745067469388,883.3282261793586,4.9479336127036655,23,10.60878256309501,31,0.9008988318188734,25.20536366697771,1,0,1
554.5908107779389,299.41779932747033,8.418586138535622,5,22.26347430864099,30,0.9242182576140506,2.2836518180519465,0,0,1
437.0745011205142,215.93703085335343,14.43126690826273,16,18.344579072155792,23,1.6565208568299616,0.24393419624161708,0,0,1
2008.8494087116549,1216.7873933091064,4.9309818841021675,17,1.8988136552059929,33,1.0352794246839703,7.121007263567078,0,0,0
2013.5938389044345,3520.5169983712576,5.109962017916039,3,13.417380409087604,31,1.6438679936317158,51.365005307826486,0,0,0
2441.540056841498,662.2949848793629,5.618086835618339,22,52.16301330199857,22,1.8933162750992196,12.057284609269313,0,0,1
2953.539154203964,2010.7605332472397,3.4635706231763397,8,2.5577228371062697,13,1.5254175885659398,5.244021412840035,0,1,0
879.3118843194844,1642.3203007079612,4.685671277114109,9,28.750362533657324,25,0.3571340785846472,0.20414276048382485,2,0,1
855.4212530614391,4052.5852859606084,0.7403566982745562,20,18.1875402354664,20,1.0815478849945197,7.961859195892668,0,0,0
1941.139918770185,2610.3951452339797,2.8245311563001563,1,22.308524080650535,26,1.1427957664620318,2.7751067338476063,0,0,0
1279.6628898653603,1284.1594860336013,5.9873749256503395,10,4.968415071403171,20,1.1951007478400002,12.521108716989655,1,0,0
1472.6607782138203,1635.1706278558418,2.204429292818572,10,5.092820725118619,31,0.5310645876782566,10.496273112611693,1,0,0
1926.3433699450459,3459.86782469315,7.400873462009274,10,35.47001241720467,33,0.899753705463816,3.698108075298423,0,1,1
2668.7881716161205,795.0358792924321,1.0137042605388946,0,6.690370308104716,29,0.7082928192998847,0.8564406340367307,0,0,0
514.9788885651851,623.5574288275388,7.22432324720432,13,0.9763263356681846,17,0.8431376564362021,16.87890517027163,0,0,0
585.1241464730676,46.304922064522074,7.212218104866764,0,13.766754069044392,15,1.1013364745468868,10.567148216875957,0,0,2
138.43524702483268,2657.8081480133656,14.585780415650126,20,1.9998455414153695,26,0.9078999972943066,22.151515354641198,0,1,1
1056.0968319313215,2451.530214093777,3.3672888367653657,22,23.888434750768475,25,0.8683112676385699,3.610018561860839,0,0,1
63.924925053028396,195.48340406981347,4.3391556123832835,8,15.397714231646733,28,1.1284130027700519,12.6963968421979,0,0,1
771.9283378185315,1320.0689944783194,10.593712042004423,23,31.158839603166903,28,1.0031217461451798,1.516020759804129,0,0,1
958.7535028245511,965.3804599248577,9.783507187614127,0,23.045408391936686,20,1.3229657060731683,4.140512756195664,0,0,0
425.156792377427,219.55126423396047,8.083298505754913,20,1.7836728981486287,17,1.032576901090164,12.824184439425716,0,1,1
1092.3590361754104,5941.268658356253,5.417463615907598,21,7.1964628683627305,29,0.6524351022919753,20.955558935778946,0,0,0
57.17007452176946,392.5263475742986,10.420506314021436,21,22.34553509094034,23,0.8086145502823718,4.64429327799322,0,0,1
65.67619913934726,134.40165978211917,17.69274708804615,3,8.102309725035958,29,1.0712002308607627,19.244664742304895,0,0,2
2095.221643445763,1385.2371631893136,6.3433381803095665,0,53.83034604145715,28,1.0210278468372818,13.5892232623764,1,0,1
555.9020290492937,2044.0862797485906,4.480179740304333,18,19.962352716940476,23,0.6939239490941975,5.144954143031304,1,0,0
183.06684955691358,79.47210313282956,6.827088045563351,9,0.234319444224767,26,1.6010059782106723,25.08815950482034,1,0,2
906.3843059348187,1642.567658115046,4.885359000859544,14,31.802164594728396,26,1.3838775556707053,8.54133347580168,0,0,0
1783.5775285348823,1169.8662662824745,3.578477974675541,19,1.5938268166123264,32,0.9604849051659473,12.537906597060484,0,0,0
311.74160411588406,193.4923495150325,7.420424395529095,3,2.2714808526592276,24,1.1439917652874212,8.213373765879654,0,0,2
1190.2635423877914,314.0625396945874,3.0278781865595437,19,19.891677236638156,15,0.7955278611371936,7.233535828048892,0,0,0
127.05323478787675,1288.9052933315745,6.261530493467756,13,30.03371451827315,30,1.7181139471696545,22.604738061208568,0,0,1
83.67811509237129,557.2275384403954,1.2366610691341136,4,11.529367787853648,23,2.7942734949487646,4.189659535079835,0,0,2
929.4907287506252,4208.58945297593,11.553343733671685,14,5.1172919926458365,22,0.9438058750062897,0.44780301336652995,3,1,1
953.4925312336907,2591.736120608029,2.4371642992730367,14,6.4921332412767105,29,1.992864277964877,25.421446450087757,0,0,0
1237.444937845539,6192.714506806801,1.4693702259124997,15,6.298542398698496,23,0.8656134077190509,20.9172742680599,0,0,0
1573.952675500021,480.99056918157623,9.579627494765974,15,5.932976448824532,32,0.9872967926693781,5.479088937826299,0,0,0
4488.268410439991,5276.081746685098,10.678164788096652,3,4.1740906317246615,31,2.1672868651674846,2.4614503611254612,0,0,0
891.5493430764275,876.4289224696273,5.346036866859367,8,14.080617979790828,23,1.164235193587874,13.50688109744905,0,0,0
488.02365692717456,670.459417918071,4.059319742642023,0,34.59969772597557,22,1.6076821361532128,0.9844280549447055,0,0,1
1922.7847756792235,107.49192782025735,3.4249809590221187,4,5.502663135933339,31,1.0966012638238813,6.61466324720706,2,0,2
399.0217585233647,111.31250511759822,5.158760634712603,8,3.099723333430378,23,0.5938703484731522,1.0772890318033543,1,0,1
713.5801175279615,1796.538062936556,4.215674764239524,19,27.355967374748566,20,3.1110637864678514,10.932942328377948,0,0,0
118.04620230040388,948.5374193157286,3.8717781832104294,4,20.309343656166885,25,1.1199575037492724,0.33102463239277646,2,0,2
50.81313144976926,415.286352054227,2.241320721188648,3,40.06934546617547,25,1.3001075837946705,11.906351337668921,0,0,2
3964.8559079223223,1457.7614787861578,1.7637037791220704,15,2.714192786644986,22,0.9111833971070948,13.421087643249995,0,0,0
2189.321170538075,467.250264714922,4.59598387901904,1,2.3366780580666893,29,1.668712964839272,8.013133205103557,0,0,1
1448.77127935921,1322.8165881310968,5.056236128044849,15,11.694615095243565,25,1.6203376014709423,2.3085693202082918,0,1,0
651.0315733581702,697.5773001284736,2.5445204690011405,17,14.295629987871747,33,0.6551429197581682,1.282926444208797,0,0,1
248.3678433705305,2632.0955218194927,2.8228914610438385,1,9.813900976227805,24,1.3079222834170308,4.510159445624487,0,0,1
224.14488988742497,2608.0102293849254,5.048304708709939,15,13.705659809238776,27,1.7347102577020077,7.510499084821667,0,0,1
365.6071869519003,1003.2660251126688,2.1958004547944774,0,2.983712681661347,17,1.9742226909289022,12.333652230882596,0,0,1
976.1487779759775,678.065818469725,8.275816579181686,15,9.797759440167786,22,1.5818255491108315,0.015010914957096281,0,0,0
1524.619145332131,705.4422073094735,6.103922590593774,2,16.09822836859795,26,1.6384243000168002,14.89859746988434,0,2,2
1315.2684196361581,2487.6400265476786,2.5266499107038594,14,8.50317574553383,24,0.984090433192986,14.967238149547077,0,0,0
414.0947136667951,626.6460924444773,5.9077039994817975,10,17.065630459429563,21,0.74705573804455,7.055456768530628,0,1,1
3737.7241982675678,381.7985634120526,2.237915711657525,9,9.000079717395492,26,1.0785855146375758,5.048281089831487,0,1,1
1626.8208858502717,162.73599259302225,7.2330937791316,16,6.087968387122838,20,0.7402952731163183,22.165381156589458,0,0,0
989.8765783175976,972.9873934662642,2.3068475795187093,3,5.427574777666639,29,0.9088161737060108,18.422404811505636,0,0,0
1155.2365664449221,1017.0526296972696,4.004996257750405,16,7.937442384050147,23,0.9033990402344806,49.09098910029407,0,0,0
672.8454386384616,2787.4156396689796,4.78303181792088,3,0.3504054551616035,23,0.8383816866121705,5.58125923202768,0,0,1
361.5935507288762,405.07604098318063,10.580154371894158,18,16.563049569724132,23,1.5112158141264362,28.480289472246334,1,0,1
548.0169551877349,749.4538633960099,2.4225987899342454,0,27.975179237073824,29,0.8145732639655754,1.0975161239580749,0,0,1
1721.8182173080559,2508.5630495493783,2.3473525099086,13,6.568904716491212,25,2.5452583945977185,6.361448310219027,0,0,0
37.39769566496513,2632.7024882267347,1.3061972414863496,23,0.706895130573884,24,1.8142279694799692,7.5142567689871935,0,1,2
168.05647068797126,758.2512214075647,12.490475823524987,10,64.8853720978297,25,1.9655999048555894,6.9765719310446315,2,2,2
76.51325234302463,951.8479119546278,4.436613790149246,6,4.591728978974824,26,0.9271290575462925,11.773093477356461,0,0,1
69.8977423007509,572.0701886259552,8.399008449137371,16,2.0307873227872566,26,1.323286779137252,2.238960213451549,0,0,1
2341.0436403387903,4074.6615380968565,2.8599362574977807,3,6.924640383787413,24,0.8048028990512553,24.15954721296365,1,0,1
1479.4887340408259,219.44007391210042,3.0583379737261747,9,20.123087218327107,18,1.3323473583255159,9.629225291005048,0,0,1
791.3415132954708,4101.466657112938,4.199523951858367,16,5.220328706255076,26,0.6022465621530148,28.147107180978605,0,0,0
143.5483021373759,1757.3858008500013,4.284740034757552,3,12.82452015101068,34,1.8680941737790664,0.0316213546058769,0,1,2
831.8215589566798,1167.55979554997,6.672330996225164,18,8.056517184899748,24,0.9436894593258098,11.930641781226521,3,0,1
789.7403985132454,79.80640725844243,4.523424875014125,17,1.879435144744976,24,1.3786957391500145,6.381687426040879,1,0,1
248.23365536026998,998.2398977207982,3.3284060028800493,16,6.013590528458962,32,1.4849627093829432,8.440771934249456,0,0,0
702.6789575627886,815.7348544360046,12.631651804803873,5,19.357701057542855,17,0.9786456840547034,16.341773953859107,0,0,1
630.0039374998482,293.70811117990615,2.2176436509122763,6,14.20139976116979,22,0.8875376184488096,3.0920707269652996,0,0,1
1168.0669194957613,1632.4575583729563,2.432732213165355,5,1.9137234326266315,20,1.1640635058154742,2.7514401089057783,0,0,0
1229.7374432490944,5348.515106644557,2.2422033914816875,11,2.6747471923693684,21,1.684024178545206,14.568593554477914,0,0,0
75.63478882464167,1268.9513055528353,6.835640715968745,8,15.355356516726562,26,1.1516616684439345,8.841822742361721,0,0,1
583.2608055860738,1911.6011647872529,5.7922711386568375,17,25.18305900303206,35,1.554545335894951,3.193224826115997,0,0,0
1199.7499937392743,136.35884900447564,3.8831666127154367,1,6.449621624547173,30,1.678057065759323,7.940215534237287,1,1,2
859.3273431293477,841.0692341145227,2.1536640599100947,16,13.56953692341644,15,1.1309057352613547,7.384424478405608,0,0,0
2349.6193438105265,215.55573719499327,4.76943231044181,20,2.8065793066641778,22,1.1675755267084897,14.110239765860577,0,0,0
1309.9697168659973,1453.2047524624393,7.438714114304748,0,5.595905469057687,27,1.2911366461947724,0.03197580779507894,1,0,1
233.4234425207688,4212.642053856874,10.844434800927203,22,0.30717698114746506,21,1.9289230658951508,10.604728609702175,0,0,2
107.818923507489,1656.0780050745395,2.770340027052202,8,21.93312068129493,22,1.0646939237139523,11.167053915289586,1,2,2
1254.0729765306694,149.86902770118473,3.8738237312182475,5,7.68765111918041,24,1.9253354462128212,16.421931306774137,0,0,1
52.24288720087331,686.9813765974543,5.7563630286102665,1,25.402533298040492,25,1.35263018308161,26.403642080368797,0,0,2
1077.6168533687487,1229.9744406304494,3.304487743753908,5,18.484195153548736,30,0.9096963891814542,6.961889713370315,2,0,1
3400.706546464582,804.2793395683012,1.4925024034506342,8,26.46895976404786,22,1.201057548988026,5.03209529770134,0,0,0
1048.1389346930534,2720.4379074094604,3.88730778085899,2,5.045915656025738,31,0.7801620581020922,1.2953045059999297,0,0,1
609.5608306686887,2558.434020573271,1.6578557248064285,15,3.070508793139462,27,0.712907993231612,4.928792700158449,0,1,1
1256.9925894139783,1449.4717784552975,7.836566125309862,23,53.582819290356234,25,1.5569670021787896,0.8513115094198164,0,0,0
755.5471688613095,731.3090703229173,3.4948920587363186,14,18.95200966099741,22,1.6805272248900225,19.483671638720036,0,0,0
966.5772326915842,472.234006455344,4.155944266252774,11,26.940332236688896,32,1.205374734336369,19.74116333649732,0,0,0
3425.752575479599,197.8633950530415,2.481598742793726,22,0.19830568627188908,28,1.2449215886813714,6.4797098542467,1,0,1
605.5130328202246,687.5195167701123,4.2658279360314415,7,6.565059197050156,18,0.969761157755647,3.607444694218797,1,0,0
3918.9102338081047,829.5365981785496,9.292376846804,5,20.369492731564836,27,1.3072840882531727,1.5070318142177106,2,0,1
2849.091420523903,1719.6980775374743,8.367447490136582,2,1.2178715442323944,34,2.6982178738080664,22.864823513201678,0,0,1
281.47551312854,1640.117960484377,1.8741926470049963,22,12.567043740588856,18,1.8291999548180984,25.19526847137046,0,0,2
106.26098636378842,139.0304681698967,0.24866750808585275,3,8.407402741085145,20,1.1848036544712393,3.715690782201711,1,0,2
147.47040257795624,784.4333000740608,3.908071022760322,9,0.2666028690311576,28,1.144221231106404,11.666733771093135,0,0,1
42.06786541668045,330.93396815668825,3.5118170107057445,13,4.037332848081257,17,1.0506863298292415,3.5914484871767742,0,0,1
139.04601398690497,285.8492539258516,3.36193609022943,20,5.027727813243056,16,0.6945945795961292,3.0606678340926017,0,0,1
1398.6498470926006,2664.3176125794544,2.9023723028035495,23,1.7793874552153475,19,1.0068582720783463,0.2572340693867029,0,0,1
108.61955233571243,94.22850694652185,1.839452625740426,14,14.976221017398228,26,1.5995026177341616,10.32912053635831,0,0,2
480.9886259538422,844.9789983998797,15.188290109883267,6,4.163954007845931,27,0.8412997131464961,1.9494019096756356,0,0,0
2256.2312481167323,306.2514700344268,12.48367252948098,6,4.878049051084276,24,1.0919630846942017,0.1493801158168343,0,0,0
48.25640381685381,3202.046278859279,3.2605127514934336,7,34.27686605904511,31,0.7809278953616383,1.3291833324323408,0,2,2
2041.4366074231502,1251.415447810671,4.7248857263876936,9,9.441972369402961,29,1.672263088761487,4.518495029199972,1,0,0
417.30016020755534,424.7391117001218,7.922951258987784,18,7.466867809083623,13,0.7339659425386132,13.273560559987938,0,0,1
170.90014379492916,1077.0203649207124,4.714598584551948,18,19.303309048657912,17,1.5481662451433693,2.717133060929871,0,0,1
1451.786490127896,2002.2803467094925,3.0763584951063856,1,36.05495465426818,24,1.8431134684172947,26.227288581670894,0,0,0
1209.6790117198643,4789.349027391004,1.5156260955350218,14,0.38032614921894725,27,1.0732051750567984,4.084362871127515,0,0,0
2539.298976904336,403.5499847299256,4.369418187514012,0,8.919600290682357,21,0.9279574800254562,4.82771431599597,0,0,1
1613.9522945172805,3289.7288932592487,1.6788815794435668,9,14.154210399394671,30,1.4770504814527656,2.950456286586169,0,1,0
1972.394967192774,4114.078463943095,8.909662016322297,5,5.753274288861682,21,2.318615077896474,3.51322524665923,0,0,0
417.60063476808625,3752.9363056255343,4.239005569679112,21,22.20299258686185,24,2.0889697971337284,0.924323604319023,0,0,0
254.39995524853637,1543.4906918010236,6.054295920310207,12,53.35570444898582,34,1.1858926990320093,4.190785306161995,0,0,1
1686.5076752065097,1520.6515095562972,3.4381626465916004,9,43.0834487002992,24,0.8578954605290312,23.560609815037008,1,0,0
1993.0510198921036,804.2865708724989,7.262019033395358,11,4.6383369350977945,30,1.1131156913409188,13.993364728559346,0,0,0
5608.405868168276,2123.8982779734815,2.7271082535315276,23,3.849308297585897,16,0.621286131489149,24.979073733224947,0,0,0
658.495224983126,1166.6694178833975,5.248386401036447,5,47.370426425508114,22,0.9779643613843276,1.329288567360622,2,0,1
578.2926943540792,1727.1902009731284,3.348707727731718,5,9.204742819076584,33,1.4626039554942047,7.297218691320327,0,0,1
1817.5454040123045,869.1257091041116,3.7126689204686554,0,3.5035480623964697,22,1.0543423065178164,3.124770415479577,0,0,0
520.0804051169038,2002.3367937309542,7.8593698187102925,11,18.413584604739754,32,0.9606168430590495,15.32779826250121,0,0,1
3224.1655092791916,2639.9309345890565,2.4671094714241097,22,5.01993493436973,28,1.1945918253049566,42.17420373360463,0,0,0
2365.806988599499,267.50258224453125,5.48341357375589,22,4.66419856819141,20,1.096648239774403,20.272133690779594,0,0,1
692.4267313305916,2714.011035418739,9.559129673574015,9,31.710375924887963,17,1.6523479165642354,0.4309856987680306,0,0,0
1687.7416597945532,1195.760447537693,7.683650298805592,13,2.659636861536585,31,0.7184188810762598,4.569147511322225,0,0,0
1705.5595842260207,2823.265584652401,2.785338774685819,14,0.998395578780682,30,1.507702585772756,0.3479525014194948,2,0,0
150.60502256806163,876.6078376465254,5.970185226054974,22,4.703953498157151,23,1.1990680783211425,0.4919512023985376,0,0,1
2814.1348170411584,744.7340895410827,1.0145064574706935,23,14.007101671918091,26,1.4531175229222615,0.9942588524724851,0,0,0
864.4489877081052,3728.7281671070386,8.023534656775592,3,1.9702269981901002,27,0.7007242808234236,3.880986575179821,0,0,1
2121.599069027996,463.8634685868037,17.66170477898684,0,9.568374354575718,31,1.7388405299054195,4.352363926881269,0,0,0
482.8825113974099,2818.8918875129716,5.284160541426254,7,14.806215739440148,33,1.5177306376413016,6.138981179522202,0,2,1
2730.5486174551115,1022.5325752494655,9.847398484132043,2,28.331027795774204,28,2.385200061988688,6.22893687026426,2,0,1
611.5861448722055,1112.6145873267078,1.4570348584525472,13,3.9179312459932545,24,0.8753821357118292,17.70985140341605,0,0,0
33.076167938210574,583.2693896834746,1.9997045587814726,16,25.502450949605112,27,0.9665807439615299,1.829470811424182,3,0,2
2849.4887563549446,1306.6051516905977,3.4292240112534396,1,4.016353772900503,39,0.5982939689907668,2.060007059281203,0,0,0
134.8707326581703,620.0332806599803,3.8850828592758435,14,16.94070651451758,28,0.878587883638444,11.820908731946888,0,0,1
481.58436006204664,90.0918856840901,5.305757800913501,5,8.449519819077885,32,2.1678191474658353,10.17635779981202,0,0,2
3616.366859825943,506.17847257726714,2.795263529326588,4,1.8271128107935817,18,1.3744108210306474,2.00689777712371,0,0,1
3629.539448124787,39.599214668743095,4.7576018307222485,13,18.79027637106507,24,0.9134352692061322,22.947975253736782,0,0,1
1042.3967492663164,5779.456440230287,7.849780131090779,18,3.6839554148729143,26,1.2881879543188437,4.7888962984347,0,0,0
1219.0760964686297,5090.980878712715,5.956304986330394,8,2.915124306132394,23,1.1916987761443296,5.486799313080596,0,0,0
734.0175963474292,784.1753159080346,3.351747387177861,7,6.65505158811675,28,0.5691265615971899,6.54624879652188,0,0,0
436.4273344954364,1984.9763671225282,6.904609195928875,2,15.889009339134821,23,0.6118532782270781,4.675724817824898,0,0,1
498.1836014604677,666.527228785711,3.251212811489179,17,3.9985276855955303,23,1.90162702770943,9.782558914892403,0,0,1
1359.5882959142075,1697.971080823407,4.586967634961363,7,3.0438934366694745,24,1.6399148269203008,5.904983137363204,0,0,0
1695.0054483956926,2485.4452571030133,7.603213817344218,15,0.15005241355220544,29,0.6744808665626711,3.604098006443774,0,0,0
1901.8344994653785,4429.312128727796,3.815184999223023,14,9.56974906754976,23,1.1609670109661039,28.180390809422022,0,0,0
1890.59723821849,796.769219172473,1.6593490441705432,20,8.396183139821579,30,0.9173355675091037,4.4241156212378705,1,0,0
134.76433584838333,2323.8480937222753,4.502531931839898,14,3.996006985626789,25,1.8880321688413633,14.387382384513437,0,1,1
838.4595158880271,493.7231646232891,7.644640653422339,15,0.8271762928570072,33,1.460863459081118,5.118305816226169,2,0,1
91.13804773848535,6988.447858844382,8.078333184228919,0,8.412214295858648,28,0.7851802406259877,6.855827771522314,1,0,2
976.9535788344715,69.16117760530979,1.935774021318511,9,23.2820546655016,26,1.281583385954891,3.2293628435779853,0,0,1
719.0663299847403,1417.7278387559184,6.733326661724602,18,18.843847852553356,24,1.2014818946608274,16.74787832760388,0,0,0
2643.9423970649614,1646.0365812072175,3.660731955226099,4,29.577102314715045,21,1.2027988623321961,16.036492376330816,1,0,0
538.6299433614621,1777.3471771459508,10.244531151465189,17,0.14443345663225174,24,0.9959604270977911,0.269891788931899,1,0,1
169.40717306294104,222.41084845500927,1.6878924250248175,2,50.90706423349395,30,1.2335918802709618,0.7449822105512924,0,0,2
205.16918545054324,4213.803758383549,6.654303864048002,3,6.264862698946655,17,0.8690905809210171,30.67061375495583,2,0,2
1740.1166564949126,329.8425061745486,3.3905340107244277,3,69.68643949654047,25,0.7594785779305702,26.35999629972134,2,0,1
1175.486815697642,1492.2843038310566,2.8274591495606605,10,4.367712000043736,40,0.7418420020999315,8.464755371676864,0,1,0
147.93045469446253,407.84719335312394,7.81325637287352,8,9.566719900658281,26,0.8028062648422469,8.159393259313394,1,0,2
125.4266260023261,580.556427958376,8.57310255533731,0,6.552657385504956,28,1.446162146272064,20.082865344410422,0,0,2
1468.6501659837197,1216.0028927171593,0.756989071929458,15,6.59527591982196,19,1.461975692566756,1.7882682825856455,0,0,0
110.65530743095657,839.8498679089377,7.899228987385173,8,27.704209152892055,26,2.190675880374484,12.725367483772466,0,0,1
2090.2230245702976,291.93299371190074,4.134939459412989,10,20.581076140723116,27,1.114730171611571,7.754773703029226,0,0,0
1489.999703756006,311.1876161566323,4.418599521373359,5,72.71136893635297,24,1.6169856043579964,16.31961691380515,0,0,1
121.81850069637447,842.3004586692531,1.6126184169298803,16,14.259921008941246,19,1.2446135066226816,0.3667822022964376,0,0,1
126.38464133336802,2153.788550810594,6.380381659320337,11,9.333527200702251,21,1.3769064681897256,10.779215949502582,0,0,1
5198.5502744697105,3453.6538893271845,15.41210136763004,21,1.4158777625858159,33,1.687666780927622,9.762866248628328,1,0,0
582.6050990627475,161.8174399494141,2.9552319215507743,7,85.09044813205483,20,1.5415969077276201,22.054771553789344,0,0,1
575.666312570375,779.0965270750011,9.073001517907834,15,12.02872417896584,34,1.2755481348232356,13.555155185203478,0,0,0
2030.6904839392125,188.45010220311997,4.3107369337230725,4,18.083484567686796,26,0.9555861398622492,25.459208998026035,0,0,1
3550.5974455558926,55.09751660642479,3.0413256295413564,20,7.831898270547848,23,1.36386061206655,26.193469989971142,0,0,0
5142.528727522381,1655.8161446979593,1.3630233081704697,0,11.901664989896426,28,2.1079596050326277,6.294308532293378,1,0,1
1699.87907613961,1413.6497444318288,9.858977479203732,16,42.8598465715696,21,1.310138633754668,1.7741251959341162,0,0,0
586.4251995429507,296.9310672786557,4.668791579456792,23,2.73037389466575,19,1.0427522738980637,11.940230456613957,0,0,1
124.63279243754872,429.4931938019185,3.1550065150317104,20,5.187563592901219,31,1.6964878122186309,24.833523691310518,0,0,1
1821.4910485455507,65.98995697321297,3.5380989210434657,7,2.4741761905697004,22,0.7018403262771866,0.9349332484000077,0,0,0
1000.8324890737915,2732.234836156702,6.702156013494685,9,23.568836061545202,24,1.057617353797271,9.795261859959636,0,0,0
682.4397503659685,5544.868881938131,3.15133075557009,17,0.9608037478340813,22,0.8250510893659353,1.466005189520328,0,1,0
2861.8852105737087,248.33575444048628,2.13915830885084,14,1.2773507393520782,27,1.1634684044539516,0.32840492800938476,0,1,1
161.4562495662563,424.9236956675621,4.0072471676755645,19,5.317889807319316,22,2.0109193398456195,13.659544956148428,0,1,2
834.2061312475452,3072.090949690826,3.9240206340054855,12,10.829009004081993,27,1.5783055816360267,13.74277307222091,0,0,0
33.70230731905001,3944.966173814873,3.8652906469590005,9,7.820080408037466,33,0.5785774585941424,11.015246388582668,0,0,1
778.8252434995114,846.1274074253689,3.181211390483597,8,0.6877741822497455,25,0.9536241309732375,23.526921694858384,0,0,0
89.54051727911093,107.92311467188502,9.263716687182978,12,47.37078876670792,30,0.6705708648390902,1.0120165793970028,1,0,2
171.78919511740546,90.28303279628125,18.750610385743094,2,45.82253041650406,21,1.8651018656199534,1.3346687782865663,0,0,2
170.03147840894752,1309.797381529685,1.9395739088999207,21,4.9141570627358755,26,0.967551267386095,23.988542493267218,0,0,1
1277.082063688366,778.5805505532917,0.6437651693754064,22,19.724996564354417,27,1.2590495718947905,8.39666626080675,1,0,1
1664.7172611157673,73.60638251941066,3.676952860710558,2,12.961716442321446,22,1.2835336898825638,3.8268173217520136,2,0,2
1070.6645326434423,1342.9117466546484,0.7255826833622908,0,4.066833105608809,30,1.3262323039550967,16.08012128880356,0,0,0
3949.6642509228523,47.05034349362735,1.2486626521564923,1,4.560659045069081,28,0.38400649388527885,26.977585923203584,0,0,1
583.7558935043206,2352.316383288277,2.9926999993601915,10,10.134123593524984,23,1.411214914184289,14.038848932678343,0,0,0
423.76298890467046,578.8607653083484,6.671890926443563,13,8.151186330013157,25,0.9808014596633539,18.83871836813499,2,0,1
2455.4030458042757,91.63617566320112,3.6478437194625886,9,5.163348867731626,19,1.7131272057067692,3.983741819254898,0,0,1
323.69848127822405,1361.380800857202,0.47570421700021004,6,24.715790514225912,34,1.324592026676109,4.08920338661407,2,0,1
3983.4441275022928,790.4606137748417,3.614863991685113,22,9.851156029959103,29,1.5725198593999932,23.95214031977303,0,0,0
34.67473323076317,5493.017467994975,3.803484034646987,0,15.95655840038707,16,0.9127749169465453,11.449869250471188,0,0,1
4223.032307455378,1208.5473416728917,3.8473330628027473,6,3.1473677989366795,38,0.7775810118441938,3.2014272163722803,1,0,0
72.94279834220228,512.8703751550207,8.438335346384177,14,11.437705265611365,23,1.7439274745455,8.912129171955788,1,0,2
2681.2654749920107,1883.9119141006793,7.587500476501328,10,5.740357554627649,17,1.5301439286019647,13.895016400838323,0,0,0
920.1719004192684,505.1350131430527,4.549536824098699,5,11.211314009852268,23,1.3349392206407271,2.959235219959355,1,0,1
5968.19432951124,3548.9168846207403,13.652940616376847,21,22.76832876008324,22,1.3341718470267787,12.767275418200885,0,0,0
111.99365114534592,734.3383214590718,2.986764742418301,6,21.97442887698737,19,1.4452048011506429,0.5167045520459789,0,0,1
988.5315964800186,1227.3234842191214,3.9714412252757625,6,6.559461606369834,34,0.7284009427989236,4.34355175653722,0,0,0
4200.290265507207,107.84511541471852,4.261902025376464,0,17.77614298072269,22,1.8780371742772752,13.449257211068232,0,0,1
908.5327198172528,863.0056813746789,1.3501237998630478,9,42.527165459675956,23,1.1484092276729074,1.9410410072525024,0,0,0
1211.1539484574248,2708.9363562068406,4.322143911890274,20,14.739235914110825,26,1.1615843916335746,3.0154153317610515,0,0,0
1447.881485740129,2487.1327123072842,1.135445083747534,14,2.4097535027842825,24,1.0332960382548175,25.35283230542516,0,0,0
747.3533068123411,411.0200356040325,2.656385057963091,7,17.077862459545596,23,0.45483455967187125,13.46212020715656,0,1,1
1205.2090076096265,414.4283543090463,4.6864518280094725,23,1.6623710327800665,26,1.5373787045865273,8.291843232989859,0,0,1
1073.3910341669068,2579.9083382615304,1.5435605334957516,18,30.848819339767267,28,0.8192587279698749,2.8422461946558277,2,1,1
2797.079323379177,4027.452019774181,5.3796224394597,2,10.905539475161964,18,1.2753533791393497,5.011842857213113,0,0,0
75.81375409217716,180.32883429563014,2.3515498911075343,22,7.295428153416053,25,0.8797788692904853,10.249104616691117,0,0,2
415.8112710785102,926.9154353673345,3.343494909858456,14,0.880439844584672,35,1.064589937331814,2.0254638441873016,0,0,0
3624.7952070331175,647.498565928285,5.993845208751256,3,7.189510329420498,24,1.0411634374976328,7.8874332537200615,0,0,1
2671.610994144183,3098.2960683770857,4.0956674403903195,5,35.02765755749632,25,0.8716766554941793,6.3107512341959255,0,0,0
749.810314351544,160.83059499820206,5.299556614575556,9,0.31809402226927574,25,1.1158781422835646,7.770914112011021,0,0,1
1181.5196344867727,385.72289083704163,5.760182297320883,17,9.655305978063435,27,1.0076652268642108,1.3387004768250368,0,0,0
409.84810387415615,2124.325164318216,4.0503123815509685,15,40.139138679897485,25,0.8055855009633894,1.3512682107086096,1,0,0
270.0849937232774,108.98425346306252,5.497614917537357,17,7.533960677611862,23,1.952573600504739,39.9278774455708,1,0,2
767.6703185649185,1047.4924292844412,2.6235454003635374,5,8.383852210412343,24,0.8864095743501726,46.57078925462784,0,0,1
543.1442415400801,905.3822301341548,5.947095255829561,18,12.961169871069599,28,1.5293298034815785,6.6649534114614895,0,0,0
1071.4924472079717,640.6022411909063,3.6933174759210763,16,9.324607410490108,20,1.5956727646038884,18.67050718871641,0,0,0
117.10674131982175,782.7302308066165,9.410439584582106,17,2.7696942955512918,21,1.7675119816024323,12.798089859127185,0,0,0
4417.952147027081,1162.344272220697,4.751364271369677,12,0.2809477916376674,27,0.9819706939104178,1.4920310451731427,0,0,0
5160.638690663046,293.9737816024775,2.906146909558909,6,14.116885922565425,23,1.1280654538167452,4.223296676023577,0,0,0
1457.4366582953473,1302.9336799022828,6.013669800569021,19,38.037932293666074,22,1.1420939152733622,4.516435555885381,0,0,0
941.6941212945079,2485.462882646097,9.66050310789691,11,1.686853416263398,16,1.5081531059944209,10.869386727270781,0,0,0
464.455161865232,2171.68068201825,3.099792727679024,1,3.553935525453521,31,1.1085475763734536,10.409341468458415,0,0,1
2037.088600985596,280.67641561483345,2.733558714218341,11,6.935996837561437,15,1.4672529986729006,30.846938253369565,0,0,0
1405.1955003785788,272.4545134765683,0.29238565975757214,11,24.811997617974953,21,1.102613431884098,18.729848242970846,1,0,1
232.96838492058606,498.31950104772795,4.7436315454864335,23,4.7054698910704245,25,1.9095707254725056,23.32615119883551,0,0,2
2921.961310398953,701.9516611104839,3.4421323420602707,3,32.06297721066128,22,1.2156789644529138,26.622083662766396,0,0,0
2094.7934136407257,817.527755330841,5.997743393639542,3,0.8478866308806964,35,1.158541642251466,19.390100831856238,1,0,0
3610.086230040123,1737.732799732727,6.080393969823317,17,42.442243084924634,29,1.3990635323629614,4.857446754065413,1,0,0
1572.3248050353611,117.52525428206884,1.4034264165061756,15,12.340198491022806,36,2.349494312639585,2.9050570239509397,0,0,1
1160.4848235096474,82.9321028130445,7.566924746175631,13,16.12831567340953,29,0.9587987203956938,10.177063540130769,0,0,0
670.043007911736,776.1499611194608,2.446752030978898,16,6.875621154829335,27,1.8510813801008248,14.037497071204347,0,0,0
3258.8220338565416,1821.8442862996217,3.1123058973918103,16,22.848510049268885,23,0.8807033013150082,5.864229717896706,0,0,0
2432.470856056304,352.45682205981586,5.399554976736959,2,2.733015962321573,18,1.243004781265313,22.633262448297405,0,0,1
75.52752638374734,1568.7586785570395,1.8373490554514529,5,0.752227542543659,23,0.8887758009623263,38.79770308703983,1,0,2
52.064980239813636,481.3093105833492,2.7542842197873054,22,7.550724564306488,32,1.0528230697852914,10.110789224820216,0,0,2
586.8173138999155,3288.4686847056414,1.701959847019145,12,28.831000129325844,27,0.9310722269715485,7.318739693651082,0,0,0
2016.3772675953035,3420.581264983684,7.976427512623275,8,21.092977305730148,33,1.6149225846452309,22.209488779495594,0,0,0
5257.130561864201,559.2105173816685,3.3062720473119827,20,10.920923966198021,20,1.001102951984961,0.29482687087776216,0,0,0
215.61141192137563,422.03497864688427,1.5675386624232668,8,12.734309615596016,28,1.5099594643150478,1.6575334385376745,0,1,2
1102.068956258883,824.7679652295043,1.6615844430716957,7,2.0870833013729424,17,0.9893257890156543,22.422985803563925,0,0,0
595.3684397097153,442.7048169275558,7.178395379989251,16,27.55274984725657,28,1.218699928666247,15.802499604309741,0,0,1
4224.450265251155,1703.8689147269129,2.2822986605727973,15,23.194107739890487,23,2.1881126998437144,6.457060749849365,0,0,0
2235.0958489203617,2653.607698742063,3.061312996598103,15,16.027229722142646,26,0.9064707577420338,26.362696228577605,0,0,0
2206.628055763829,1707.1153405328705,4.444894640481658,18,9.415758749439396,26,0.9133726631451721,5.196347472086087,0,0,0
778.8986853677283,2638.8966697898995,3.471360553794253,23,50.05613801731995,30,1.1068483021769218,12.056394183932383,0,0,1
663.0019235928188,788.7376265128042,0.8704740052348159,15,31.683434980266792,26,1.212843279102054,12.072434600985714,0,0,0
403.2666705800735,284.96761895633927,6.411395621449135,13,15.510517969652307,34,1.5656822508126245,2.4449728548056986,0,0,1
89.63235661380345,2038.835353607839,3.6539019150786323,19,6.973474201422703,26,1.2425850871367827,4.023184749316182,1,0,1
2420.511368003972,700.5431878433906,5.260157850272774,13,14.435894898481472,24,1.34726799701075,29.72425075900326,0,0,0
2031.3409270999075,1698.7815663018534,6.711241840021973,13,12.850561841945815,24,0.7697180502130918,2.431489080785399,1,0,0
9826.934717381699,503.3898696502433,0.6854629525776901,13,7.519120387827401,25,1.3779920611486314,2.287747828369613,0,0,0
6853.8480808932,157.07859375590738,6.750420392579593,11,5.49382396648439,28,1.392805910331755,7.838247205126111,0,0,0
992.7819111696728,7385.727345851312,16.634773598568394,5,7.838686193076368,23,1.597819817673958,1.1607394789072918,0,0,0
1778.339708247513,284.76234954690244,5.628734020933551,19,12.79661980915749,31,1.0710711593597104,27.002893753040993,1,0,1
3495.406019449323,6717.842467528168,9.501597295150491,12,8.38278086843826,18,1.2181171436250495,1.2663148635023722,1,0,0
2293.726417651095,5706.7600756612555,7.809670478234163,15,4.58920779422508,19,1.6201888312608597,11.502786525948103,1,0,0
360.9829334973758,2398.4947635928143,6.594989474541777,8,21.467073849831923,28,0.7997494496428883,4.982219736409789,0,0,1
738.5921928798374,1645.6708943865397,7.982141146428828,1,11.372247011259569,31,0.5957155680235935,19.57240635210423,1,0,1
185.9556131757064,1323.4392638239888,8.827047063878869,21,1.051109815649656,30,0.7838170965377702,10.693639561168446,1,0,1
3716.2685437300506,3046.010351452376,9.043487571573326,2,6.890502154782613,29,0.9457964219085573,5.898280225785555,0,0,0
1138.2172431063418,542.5518212913181,1.657856408124097,9,32.431063314854526,23,1.8756634458040773,49.52711321570081,0,0,0
331.52447050218046,975.7691166771134,8.287253171716765,19,21.111944523564876,27,2.750274773885213,0.8223141879675928,0,0,1
1356.5954470079002,1478.9699545143826,3.6171948758523618,1,5.856728974382364,27,0.8489311607729437,10.346924432038401,0,0,0
1175.204521691686,824.4788043073514,9.243547257614097,23,41.75368996550601,21,1.1809545398972556,54.754885662142726,0,0,0
552.1045547565272,866.5783242839416,5.946976172810745,9,1.1954387779985436,24,0.9893143781790595,14.091129067403168,1,0,1
164.64694567816312,631.3538006274889,1.6376771021754275,7,48.753447942080115,20,1.4806453494413339,16.15425609739167,1,0,1
1356.1295402229225,1275.9673000103915,10.025870410271697,16,4.229577951264225,27,1.3660976812950874,0.3914082451452384,2,0,0
901.5325090232453,2881.4362884039956,2.4557272226192173,21,0.1370367718701978,26,0.8601628085590863,0.25913590060888164,0,0,0
1795.768497152618,367.58377665357887,3.493440242952105,0,8.532331502778462,25,0.9526977789479684,0.4413385793228721,0,0,1
901.1718325082181,4117.0250241528765,11.468739461014245,5,6.670195373879484,19,1.1534895963657898,57.53260438792492,0,0,1
2314.1241335701807,1782.3663770673602,4.772257004565403,6,11.618254867331506,32,1.9979091180286677,46.65953755564149,0,0,0
983.304942825785,2629.7254701152347,3.387071038758224,14,23.90146518012614,23,0.940337643549101,4.88676064025415,0,0,0
1007.7374971761766,1248.540445067536,4.116477015929642,17,27.71835848665941,27,0.6566896882009954,4.126489269157589,0,0,0
2531.3103718757257,2297.8999955755544,3.3362135241034014,8,7.693165908654177,24,2.056918629509356,1.8933093480501082,0,0,0
639.9767767857404,54.499587755010964,7.169882037844104,7,8.42772494533985,29,1.490210332659103,4.7903430424447935,0,0,1
192.66554646835874,2588.7615383399484,3.409217051543613,9,2.4056606638002753,33,0.7670872846310798,5.547281674981784,0,0,1
55.04602571851362,91.44997479438729,4.212775519125998,3,0.7307273446172049,33,1.380626160493016,16.55338932521536,2,0,2
1708.4689431951028,3339.731603227591,6.270856441920284,19,15.375478927120067,18,1.6898959266654867,24.14530290649421,0,0,0
1182.0787604728155,7265.501925797146,5.833653523683442,7,0.9991119076036563,22,1.2680727245724053,16.479832564662182,0,0,0
1481.1984173574517,552.3534023186977,2.6119716585577093,0,19.854307878874064,29,2.1065061967673437,12.477616329033124,2,0,1
307.3777921921322,384.1884759709365,7.22459633495358,7,11.618291961809918,24,1.525208708734282,17.424086856667053,0,0,1
195.93506147393438,2204.575786000738,2.98345057481517,22,3.320607614375198,26,1.3801582885361152,16.095736266825217,0,0,1
37.58177151880254,467.58803512073575,1.9650726145063238,11,11.632383713608684,34,1.3251870624804467,7.749432299940274,0,1,1
538.0247138180831,3039.9825044138956,0.9523910521634873,22,3.0317008390405142,31,1.2896330824099995,4.910992356833051,0,0,1
1089.6768507979334,192.78592466097385,3.831532233400241,14,8.663490709963897,30,1.7353813778945784,3.988483811266411,0,0,1
617.5782410733808,231.9354628749656,1.1483992055600871,12,24.108628599479612,21,1.150466097152706,13.649065439097582,1,0,1
710.3834753941175,5835.713878020535,2.3439563844969618,15,9.296200767347683,33,1.785705021279478,38.41954235266946,0,1,0
2834.07382757773,1710.5457638922558,4.2857490131231115,22,2.4148482797142217,24,1.3837193436012512,10.440179540479232,0,0,0
533.723137310134,2844.870800813064,8.709044218108007,17,19.301008316969035,40,1.274080776129305,29.237033002739295,0,0,0
885.8300336867853,618.0743494263514,3.558901262432158,0,3.1010903874033877,20,1.079809716236953,0.17197895043775718,0,0,1
1857.046085263642,1722.7588994725077,1.376492180964925,16,20.122676067540077,25,1.083855813326033,18.985997003743798,0,0,0
626.0961575590156,1382.9968959085263,4.022713154921084,15,9.790224672869797,19,1.387644641353939,23.057169997017155,0,0,0
1187.7085704237024,1416.295809204537,8.500996119021643,22,9.0699516953987,24,1.8316942732131751,11.963303228897574,0,0,0
2399.768772421168,1751.0695509602967,3.501424652792,4,28.600994413348893,27,1.494452140731433,32.62830236490751,0,0,0
3603.428498449601,1314.767370918273,9.62687807580476,19,18.496057197085985,21,0.9177880452436938,10.696631151756392,0,0,0
210.89825517780318,870.7129552391658,4.269306763919895,20,0.5019681087090412,21,0.6443128065309005,3.3017225525847365,0,0,0
3153.9953156504944,514.2856748685977,6.766618357900697,9,5.26836839177548,26,1.6419807272378397,2.9158277632284153,0,0,0
833.0033371946367,2225.290182934501,5.00857309606468,5,30.709920472558643,25,3.572220210483153,9.738744189819368,0,0,2
378.4825452216749,414.8031661486008,9.342833923243996,11,0.27744259493207,27,1.0937974264086388,28.435463893249675,0,0,1
757.504360844837,1798.2097542300287,14.199096918756078,9,11.820225599680372,25,1.014661099761193,0.9014414170888048,0,0,0
4716.38371709671,428.5537494354804,3.092286419326435,21,19.519687437516122,35,1.6958947596562373,11.127932354787289,1,1,1
834.1895512008317,1502.5651410752869,4.817702169489206,16,14.587206443836644,17,0.8655819368965665,17.625862435332586,0,0,0
498.33923852059974,2092.012791534526,8.70516696080547,1,21.440044900830113,27,2.2221592135893475,1.4714646379896719,2,0,2
1224.1835287491915,400.2207852001634,5.124059550259782,18,19.402547482942094,22,1.4404046450394137,1.4900314375996058,0,0,1
349.5541612587235,122.72263095676223,0.9079620778291421,19,17.666327408444094,25,1.2084701722365407,5.470898789020774,2,0,2
114.67436597148205,240.57290846495593,3.539819788002683,5,25.850850198117037,22,0.8961512344448838,3.8404992570448626,0,0,2
185.57026365489904,1427.095008648249,5.095477339743235,12,15.563773941987645,33,1.7381608977327985,2.6524616061178996,0,0,1
184.42210888040856,2870.154230056632,10.924617861808844,8,7.722968897913885,32,1.0225720579176778,2.658151188652561,2,0,1
217.71188186800757,99.06091493647884,4.645344027828127,11,9.57730304665557,24,1.622042039316141,1.6803763914599195,0,0,2
199.35207928101985,2017.2416624293521,2.2246335263096686,17,18.920045318268155,21,1.4328074021627308,11.325608616713346,1,0,1
1248.9008612909677,656.273086398326,5.175067613072714,7,31.349171175698174,29,2.047397854734517,13.981856973815816,0,0,0
260.89562844137794,1006.6506099506638,10.260221352817664,17,4.766322398458846,24,1.301595829020469,14.565701266997063,0,0,0
528.9671789537663,3994.6487771336297,2.7474405075366004,22,6.280005985055061,31,4.248386285090683,9.120523542228044,0,0,1
2745.168950154029,635.1366731613456,3.0118104542795225,21,40.04818536774205,26,1.5249911574361732,36.66738480886586,0,0,0
790.8573699759124,969.1777703208702,2.778947515285529,1,12.959452187673085,35,1.2949965151509264,25.496558816297068,0,0,1
1341.5469003828566,50.665322516423764,1.5378137596872918,7,2.957784942876323,30,1.0453815851072201,37.936100201585006,3,2,2
246.95422053585978,157.68128954227734,4.507691555400164,9,16.34605808585426,39,1.7344115890282594,5.907883713660764,1,0,1
276.26117719411405,478.8054696840747,4.16007753551182,8,70.26670056039018,27,1.0548058927640862,25.223501213965967,0,0,2
70.07265526107837,72.3712056880835,1.0062426365139812,23,26.01257019587765,26,0.8961195536963799,17.269998996851673,0,1,2
242.05681287869706,1526.964444518347,2.359954149660391,17,20.54103575259518,22,1.012604895714737,4.985692665544435,0,0,0
411.8577423573746,863.7301874843579,4.910048521782455,7,3.4987919370696896,24,1.131040975360402,1.3525598904625675,0,0,0
253.77418097972952,1221.5915936004385,6.6661262820189435,18,31.32902467637621,20,3.00390650258796,13.771913076317965,0,2,2
131.46308943244108,317.9164959092094,7.829345067308618,2,11.191538680645746,23,1.3729877667664696,1.7604740466415114,0,0,2
174.26745619202305,556.3205675834143,7.008163793372335,8,33.012619627171475,28,0.9376278488223327,4.173870456907814,0,0,1
761.1552120384549,1665.1827887230681,4.328288960197297,12,6.00330942901315,33,1.887998839878932,8.326519192905344,1,0,0
297.3106476141159,5071.64112884926,1.327935104817256,8,0.9608963786068154,22,1.3170622837359365,13.66880727460638,0,0,0
563.5773386131023,107.59814955521966,3.7034316835995154,19,9.693266015644971,29,2.050134442208177,31.281256516636766,0,0,1
860.0062216571964,3346.1622852151772,0.4256280832973562,11,4.717324656397146,22,2.6240085265499657,10.794384699819828,0,0,0
1426.9489208150505,1320.1534371033297,4.925586986208511,22,18.841064220730598,18,0.67253286082534,13.355447271291819,0,0,1
68.12687612001851,1274.8928590937041,2.677936872303836,12,47.23554317913111,32,0.47234855167647044,4.453005051298414,0,0,1
1947.7930925913436,1070.556609295258,0.6668311592611771,7,17.614955285279148,27,2.709021706897699,13.94984882976378,0,0,0
1206.3124284407556,137.8790766735919,5.528627763244362,14,32.696744074457214,29,0.927809386193248,6.9105605777466765,0,0,1
122.35451645160111,171.2630412971342,10.185358171736032,12,9.05025567111697,22,0.6191523166919047,23.333154310864412,2,0,2
2501.7616381857088,1407.8600238176296,1.1621693343607855,20,22.152527641602504,31,0.9901041144701517,5.979859781839306,0,0,0
3064.0322556547135,655.4533209782999,5.82350446110367,12,27.776792679178033,32,0.8294069562881563,7.579478871742603,1,0,0
95.62739307219609,3768.2244236768242,3.2753501502481686,16,18.613474935950794,30,0.8967242049123256,6.800030151738625,0,0,1
409.012211754381,812.8059371606192,2.454054121183569,14,10.632359914859045,29,1.719953709570391,19.999900706164457,0,0,0
1989.122219871971,261.9687563260406,2.4581961275943565,21,14.747123249279028,18,1.0578527918764244,36.87115169861936,1,0,1
1675.22868825717,1911.4200538763644,3.274790092669074,18,18.084963293381982,23,0.6394485348944846,4.757047018497492,0,2,1
264.77555847416056,550.8369404335468,3.266239655572673,2,4.377046347300612,16,1.2374044996897235,7.732921945337278,0,0,1
301.87883741783986,1148.1466292851283,4.21238674079834,13,24.877788581861978,28,0.8689578339549392,14.687096994317766,0,0,1
575.3421320292437,1825.1620866854933,2.2750593137953063,9,45.033663144096224,29,1.105459316676261,27.089232542635337,1,0,0
815.1950776023373,3487.8445483564415,2.646230980174467,16,9.389039253840785,26,1.131063315430482,8.167527316287021,0,0,0
1175.6022008702623,2386.705241680212,6.173350987264192,7,18.1130463527071,27,1.7129086897971881,1.383496071201737,0,0,0
572.3750756004214,1722.1901874263995,2.1195393217423577,17,20.035496291398985,29,0.9978471540493767,5.5191451819097646,0,0,0
765.0693310651011,1737.4329520186895,5.135643196650758,11,16.281630614157823,20,1.6146421545907828,9.591746515425928,0,0,0
1671.474728467811,4406.065086463708,3.396272505429626,16,11.881759320889104,24,0.6452959120976759,6.485620037235271,1,0,0
64.84754278577415,556.0906387855214,2.918569837837112,22,32.01137490483606,23,1.7498076498025776,2.477734286097106,1,0,2
369.1239462588767,31.669069547674297,12.183876416784166,10,8.938311969656398,24,2.0535543689359805,0.4522915077721361,0,0,1
1519.3902499472308,506.0877214864968,1.567798976625724,8,0.945741759089565,25,1.113942974153033,13.954303007561705,0,0,0
2726.920105196736,398.6424710243635,10.611263337673677,21,27.922082368062412,29,0.8803496742794318,59.09986295630739,2,0,1
880.134934650081,1656.3301650885599,7.277955244745402,23,16.812006785755383,27,0.7937074353365964,30.190325034079212,0,0,0
931.4354028236827,1536.5014156355287,2.730140931189393,23,28.382845033356652,24,1.2090140408575576,13.796501746614393,1,0,1
156.03360624879605,1380.1145325150956,7.408047095206198,22,2.237029411684608,26,1.9866082103348552,22.10626523641448,0,0,1
731.771895300261,54.56522126151077,0.2508941296815922,14,0.46853604352105843,28,1.0301338395125286,3.5441784832569336,0,0,1
932.7281588663479,1987.2267090337912,2.5405491926264445,8,40.85687331599486,29,1.9051807739763897,11.688132553333931,1,0,0
353.231363912784,616.3016820217271,2.142519775244747,11,2.3977486971095683,24,0.7706249314303876,0.750220712766587,0,0,1
396.4095342542526,1670.6878387322267,5.571041119488102,10,24.88354571572744,27,1.0611814186983843,14.73852726411604,0,0,0
588.3979817629664,1249.8514991777818,6.74852086559395,16,25.991885466197363,22,1.2002880698821046,42.02773871913209,0,0,0
44.33043290037742,659.4926910035014,5.5129991574053365,5,18.501292021102202,28,1.3318353451155953,23.66189023883563,0,0,1
486.4697135073629,246.80404106284863,4.709615080537881,7,2.11070907204241,25,1.0691842059303625,9.174194110519355,1,0,1
305.06832274835585,178.76765896335098,7.714416115337476,9,16.51215865224554,29,2.011050701416146,18.656000576466095,0,0,1
496.0990762783792,2701.3925054430456,7.04659430324265,14,32.98508118034858,29,2.023720236292942,34.56717904359944,0,0,0
173.07572394173752,3788.8438438742787,2.6813202915666547,3,8.314653983166219,28,1.1389101799241845,2.9204241566869915,3,0,2
2674.4958799316296,1603.8250906728447,2.907946565911728,17,8.004170227799117,24,0.9918348339980886,18.915433453790033,2,0,0
1100.4785766554717,193.77524568963614,6.798140645477342,10,8.774035350582169,20,0.960629928866628,3.7740134423336693,1,0,1
1383.959549471638,801.31505888745,4.184579334178061,8,1.2878116415696164,30,1.8473582561472826,25.14172261249483,0,0,0
1888.0508388533494,1988.1181941157356,4.380976973760942,8,33.387912452478304,27,0.9361250179444778,1.242406296027172,0,0,0
848.0437062186621,2299.9708504358537,4.76905490725785,7,30.50932258825043,29,0.6807528059578706,2.355367627457755,0,0,0
129.118513420947,218.71668716818587,0.9476147870260324,2,92.55400145084249,20,0.7226261201115893,15.302037099305899,0,0,2
944.3100359537871,30.046078975823715,2.592119534290968,20,13.198772414557807,28,1.5948669227798005,2.305226840650952,0,0,1
1080.7076694456482,1897.9061487789274,5.880810577236495,17,20.866084546995147,21,0.7074108256147662,2.064477100689513,0,0,0
1661.8599785700912,691.4740811218227,2.575930543233251,13,3.397335360854493,19,1.0412600062974602,9.728768523197116,0,0,0
698.0415792595785,470.51265550001546,3.6702730541043964,2,16.51803140989939,21,1.2723472874520285,21.620789530259344,2,0,2
183.78160007517468,49.472046427253076,5.856615243611342,16,15.735886895867726,35,0.6232285099061061,3.751362337258549,0,0,2
420.5146163140447,1195.7698285203742,7.981228953643246,3,34.72119146380595,17,1.313780742741164,22.07664633893675,0,0,1
561.3377905695481,2887.2316983769183,8.571542830346313,20,26.64946235264331,25,1.0726932415184558,19.800206521014896,0,0,0
1265.869533946234,4772.0303546605855,8.870643731804622,17,41.822593942739566,22,0.5695423332345761,10.384474022615262,1,0,0
1034.9380654417037,1281.1848691424918,3.9152262009728007,14,30.46931343482238,35,1.3206053897589527,12.480591965318254,2,0,0
548.2481115821674,1113.7445098834137,3.6398854705327053,18,30.453360021168933,23,1.430924018081934,0.4953800345044307,0,0,0
5187.434926603774,163.3392586363952,1.7320379281920628,21,0.9876638255770277,18,1.3150447450350855,5.489988382924462,1,0,1
1136.9996101606512,1224.0089141300455,10.220893357325933,5,28.058334700005535,18,1.4943997132218838,3.6684407224473286,0,0,0
344.95343450815994,747.0030868621503,3.5332693644975888,14,14.027455461340693,26,1.354248985440018,1.9502816584849252,0,0,1
148.81160554986423,1431.4349288087471,10.075813420058322,6,7.181293735430489,20,1.635683640370711,5.924856010956866,1,0,1
219.06595110779105,768.3158163917683,5.2268468802630546,11,0.8726162165998592,24,0.8366538265352369,5.260277285059082,0,0,0
358.76821927416916,442.24575999509216,8.210490312497301,15,16.982866866913938,25,0.6985624324316421,15.662841915209423,0,0,1
230.19784994515283,179.67294915738165,4.0990326768240655,8,5.966958113243262,31,0.7675676623484091,10.938514464140576,0,0,1
267.79009454549646,597.3260832188378,6.230809722855326,19,9.46036985266856,16,0.8826175068932681,29.31597646138747,0,0,2
422.7270178585358,182.45922807511957,8.382890179364779,4,17.172754336551744,22,2.742260174119447,1.8855675484074181,0,0,2
248.48292039546442,322.01081176183544,3.023743190046805,10,36.417896626628966,25,0.8857460884547488,0.7392959799469259,0,0,1
2744.9017392270985,6583.506717833836,8.899519433241636,1,26.182036312693693,20,0.9913294377913918,9.178497133833607,0,0,0
120.36285511040019,910.7598832620733,1.9278067207571166,21,8.983849197336317,32,1.1121286344953962,0.0123319977496987,0,0,1
912.0948201352433,1168.519526103151,11.992337884425549,15,7.360031119912509,23,1.0589743056735423,18.598129708775616,0,0,0
653.9666677871628,3132.675594188022,4.7815922001106586,3,4.112206055703309,29,2.5246035043451394,8.46197858514838,0,0,1
4866.370599219104,8158.661294231521,2.622870057111617,4,6.988423253926165,26,0.6124781853505067,8.034704884601046,2,0,1
162.59281483688588,1340.976776670214,7.189087016977355,6,1.765653360159019,25,2.9274996394029946,5.402336329029629,0,0,1
628.7095924909165,2540.7552333300578,5.385761553524722,5,53.1615645433044,21,1.2941805116123088,5.639541215519418,3,0,2
4206.871596952058,623.8834832644478,0.9963351199088253,23,12.796832369492854,19,1.7942628342365283,6.769317694459339,0,0,0
2427.4928743617857,577.3716736802472,3.276063728877776,21,2.0511483376902873,21,1.2313949370890436,0.19394703386138606,0,0,0
2058.395640843415,803.0130134317382,2.0034413400531155,9,6.526637974536709,33,1.6923323066009028,1.0469180606901234,0,1,1
377.93010024020555,1704.434100383204,2.1459710095147475,13,11.879243504868956,20,0.8371568452875289,8.439534374915333,0,0,0
244.87943934378507,1749.460311534654,2.086765886744703,7,11.417717428106698,25,0.7103559416612398,1.9519533753481193,0,0,0
1345.4715184181402,598.0290621860454,6.04496595403786,13,0.5422340902842627,32,3.446118092903464,18.102227803164,0,0,1
3200.4621139519463,244.43768782641666,7.534969879446716,13,45.190440487898776,34,2.6258079088287056,3.85048525573505,0,0,1
996.3805062856907,1531.1245572526893,2.4461943448090713,19,4.831529096618457,34,0.8013068337928858,1.2363539797493526,0,0,0
1037.2730737503039,236.00943012779902,0.7623140036534922,22,0.2447560683175193,28,1.6268064519713072,3.2178467491129084,0,0,1
414.17003697278096,1325.8765914416888,0.42158375193057135,2,1.192857779978472,23,1.9408980256509796,5.301160019169794,2,0,1
1780.9685100945062,1803.4252313159736,13.69353002639819,0,13.019470961460852,23,1.5905427273461978,0.43146387942255915,0,0,1
268.493578575285,1839.0198087673443,4.815613554868513,8,2.2237683501874557,21,1.123747378158045,1.8332768913486175,2,0,1
489.30537574307914,2130.420225838519,7.222284166476429,8,0.6393040450595966,26,2.7450512022803246,4.696026408847438,0,0,1
684.9734600837967,3123.6928318476726,3.782974626483012,21,7.161502632441444,33,1.6081188014364578,4.461123153624844,0,0,0
870.1819551736382,1069.5977517789843,0.6058291051749424,1,14.623152750081085,16,0.8426854971736983,19.33647920188814,2,0,1
353.135100283527,1995.3850054861662,5.668599824398391,15,1.779047284604139,21,1.0462846698710353,22.237656363641324,0,1,1
166.37992657296255,1478.1140704859442,11.235043994901647,7,5.638474417028824,23,0.7961315986624775,2.5794054660471257,0,0,1
1151.8395889152278,339.8720834976274,2.7323854677314725,5,8.113105479560007,26,1.1700438882377764,1.5878467767613635,0,0,1
428.67604212385015,69.03807949500346,0.5345948251331929,22,2.605662793261434,22,1.15500172122761,12.066791884649502,0,0,2
1064.5436819509323,532.247284913221,1.7238478901037746,12,10.580540475331414,30,1.6522616500210647,19.593925173528255,1,0,1
221.19770332481576,907.8758324355499,7.44136801823487,0,1.335978237585196,17,1.6425653598974832,39.79888832872894,0,0,2
807.345653634233,1469.9954180614677,5.358982724633444,18,0.714528787485785,19,1.4266595241663451,0.08183381597931524,2,0,1
932.6566977548933,2875.273337484511,8.92219701194422,14,11.004393731890087,19,1.4113681999944419,6.406636148623376,0,1,1
83.85758174854558,357.69251146131637,4.359257333212959,0,4.27322940143832,20,1.8539281311240448,15.890558817108566,0,0,2
512.4603216565079,231.23988212987172,6.67675196641773,9,1.503502020163817,19,1.1159040711509753,21.162214058378648,0,0,1
193.21919219831793,4994.840677477467,3.207869508005301,0,8.27243807949494,32,0.46896614185334146,0.7717227095308867,2,0,2
98.56671052702985,201.50865316162302,1.8365067321112947,11,37.001417307059455,17,2.8416565687596984,13.696278033536338,0,0,2
5541.4415736743895,1006.5433218176514,6.688447363443105,10,19.32077890435772,27,0.84849087500183,4.091959929216072,3,0,1
486.9560270233043,1351.254097235912,7.517210886255375,16,25.361014206117368,24,1.6131465595027603,0.9303110007370159,0,0,0
2012.0847365238783,1199.2817004544888,2.780179111393522,3,30.82579916857947,21,1.0658275074392598,8.059037472054435,0,0,0
372.6666011520817,164.93983634445794,10.627239344011569,22,53.97337857292484,22,2.1365927472900528,2.065888789739099,0,0,2
1392.9696212244219,118.07630638044355,10.806279148089203,6,21.611041110115288,33,0.8313730681920352,16.02755799598593,1,0,1
1733.6794673938502,197.20777357696727,2.0970293054021067,11,14.063018973033172,28,0.9191424166877685,16.22326245774714,0,1,1
1106.5359130029676,1351.340802140825,2.1742623854501972,12,6.822017741034575,47,1.0008936693514863,22.147070763381596,0,0,0
785.4279728543261,1209.0286322443576,2.255031357248847,4,3.006853445007,27,1.5245790802082535,5.689463931811971,0,0,1
656.9093762064533,429.35216232919436,3.9714032194549684,5,17.406990207666873,33,1.3353785643574287,0.16078999750218162,0,0,1
534.8519620447697,1553.231016237582,3.3188976266592656,1,79.32546431352479,25,1.5312483124395246,3.6089797968203743,0,0,1
3203.067257864937,2602.7602647698527,1.5152937265736426,20,9.448605534127948,24,1.2849281694134622,7.569094848055725,1,0,0
2150.7284853701576,93.70214766965131,2.3060251348038707,6,19.292900665785165,23,1.7732456316371588,14.210484462550799,0,0,0
4043.81166729883,1064.1210667314247,0.6194939660613502,13,10.250699036390763,23,1.7851809134091365,5.7759899557590675,1,0,0
179.27425020332666,1783.4414623514883,0.7412815181135577,21,8.482749821123633,33,2.238468930740915,9.215700408774383,0,0,1
1595.061636152609,466.15410417233807,1.2719695822238692,13,7.92226298054498,24,1.4014657201907166,8.914695999465597,0,0,0
3363.352718313489,581.757474657304,13.241001295120208,9,10.536593811219143,28,1.398791146076458,2.163628990339948,0,0,0
259.94697164095726,1456.4704111166984,12.284676955566201,3,6.856800588671757,17,2.4763939526162386,11.707696801220425,0,0,1
102.57238096699625,3453.22243324193,6.934613681410938,2,20.720994706328444,18,1.9718280261825072,6.94179825048024,0,0,1
1641.6717838263464,2520.500247058196,2.8016571127578573,22,31.104519706596975,21,1.5030460880669823,19.798038812181673,1,0,1
1045.3125730384036,1342.4720729547455,1.2533429988869291,13,32.169023088992006,34,0.6992203554986284,14.077878802409487,0,0,0
2232.8925695857733,1995.2322513193376,4.29722841985533,5,3.875708062632287,28,0.6228356747856711,1.4182314154588211,2,0,1
200.66989569703114,710.7761170307987,5.770263234953589,22,33.93736642832164,22,1.5606189912866695,8.050956260516468,0,0,1
1923.2601332382417,1566.5053096419672,2.4776829602965313,14,6.26802842502642,33,1.5865628203599715,14.547865093578007,1,0,0
290.2157276804275,971.5493342192693,5.571807345621633,7,5.550912016331912,22,0.9147407310851542,1.092386899585451,0,0,0
234.45823875862158,345.96328581617024,1.7104002304299255,4,19.460854802141824,30,1.4071394582485905,18.87131566178094,0,1,2
235.33358787194084,1844.6758535330698,2.8445003025895277,2,5.451099121503984,26,0.8476747814175394,3.0124146924649726,0,0,1
2042.1239390768103,1249.4666175124794,3.617291389738219,2,0.8163106782645696,22,1.5355240961627281,8.392030584924376,0,0,0
1333.0563668191626,696.203460729377,12.505216601227723,12,7.016917602764,30,1.551602589082214,33.873714466138026,3,0,1
908.4511476152533,3664.405971852854,2.280066149680962,1,19.173205645172818,19,1.5475871826878254,10.16493319034132,0,0,0
553.3536820136818,61.73451500953904,5.75178959633561,23,5.939222528796134,25,1.3968424012556435,6.620905883557532,0,0,2
2536.643200753199,599.1986491849938,2.0170637600753802,0,14.895918635239472,27,1.0858369715337923,0.08181741636554093,0,0,1
617.9752996369339,117.84484961643177,1.8010232043676533,11,16.18741544626253,19,1.1222353721184355,1.7183218751348996,0,0,1
2055.299195417683,2212.0352920146534,2.469303282482558,7,19.84900537832413,33,1.941846710154501,10.371892693690073,0,0,0
713.9298573366565,1846.5336626660192,4.399431528624192,18,34.114406352920916,28,1.4419061337922274,8.170474800001674,0,0,0
587.7434789812845,633.7467643523551,11.475503270137098,8,8.499422867765505,29,1.4847339528392114,5.427457919472676,0,1,1
765.3932718795231,1718.9578181553939,2.756379430880369,13,2.7306013260727044,35,1.2643977564544862,30.801090015507732,0,0,0
450.3743305167705,786.1157344627935,7.553199771334568,17,5.76125845775665,31,1.5849929104313885,4.850276734683485,0,0,0
1672.1327755243274,2147.4415856680957,12.880580866764923,9,8.488925504374624,23,1.7924300614849789,9.244246629459553,0,0,0
858.3233788347152,938.2091076958086,5.133986270898845,8,18.770760934081082,27,0.9501011529654004,10.0917896010676,0,0,0
337.0910371964783,827.2562578239927,8.42142348089321,5,0.19813471964024762,29,1.548209208743679,8.995807619404644,1,0,1
2778.0078194607004,4123.832207301406,2.367290837403405,0,5.692254655100467,20,1.1157942182293532,7.791524847407867,1,1,1
601.1980908304536,463.28233968713215,5.652588651913299,4,22.70118671528653,31,1.3847800696774537,4.932917113983592,2,0,2
961.1388586133162,222.51276249617158,6.607002549791208,9,16.66897663576128,21,1.70590305033412,28.731620410262572,1,0,1
2863.394730451552,1347.56464864143,1.4541268068578932,12,19.73697781563824,20,0.6833961878965309,7.191582530590022,0,0,0
1194.559164628797,5256.305062152294,2.1893598637742575,21,25.054609152649235,26,0.7917354785188588,9.020732832175039,0,0,0
169.1775390293357,741.8350812257012,3.5066865492949746,22,22.93417166943582,27,0.9382327560239312,12.82204890864939,2,0,2
3392.740020718651,126.06678656714755,2.522096743435775,3,17.194200845122005,29,0.9119794775125639,0.8406417503384822,0,0,2
1205.6923147217915,651.6950584419911,3.800368086588253,0,8.688214070278296,21,1.144605961831762,18.240001559062684,0,0,0
509.39157866157126,1087.6221296761057,1.2783295417779326,20,61.655580775044854,27,2.4035633163135897,8.621759804459282,0,0,0
199.97218473971097,294.9679577900163,12.118421252073977,1,12.627255459837704,19,1.9569335917724862,12.846489754272373,3,0,2
1916.0016748163205,1639.8652047002045,8.042340622447206,23,3.399166018773968,22,0.9682781186287833,17.741550838908374,1,0,1
1181.330609075423,9174.83032291074,25.237209197939926,3,5.19689917936632,26,1.7290175275398127,24.867149986780625,0,0,1
934.8966296588338,931.5070443181388,1.6051690388719273,16,17.741119738331548,26,1.2004673394556118,5.975315887538393,2,0,0
2711.9639966437344,687.1263126553488,5.797065584089852,9,38.80201074781597,18,1.401439207565029,20.019425029558832,3,0,1
1884.7880164352864,797.999886566882,2.540090407057785,22,2.9533700623912105,27,0.8250232334320096,3.594414767537028,0,0,0
217.38958415160906,213.49923141710227,1.7924504483694343,11,1.28903108937931,28,0.7201660846717678,12.957568292178188,1,0,2
468.27506167496057,3251.8838346188772,7.761001584249255,1,31.99656542295828,27,1.6371213309695278,1.3004779318357915,1,0,1
362.80354225860555,833.7681771015139,4.497282848546296,2,37.02569582839102,28,1.2375558237100834,0.242805564108467,0,0,1
1654.8416742420939,764.7571447412132,3.339715028114748,13,4.852319722932388,28,1.5053702198802166,1.20796709132409,0,0,0
60.92904782940552,1646.8486711151636,5.23622388140113,14,7.1050123799269524,29,2.3105810682939083,4.617057418754822,0,1,1
1032.4562676633716,905.1843188045254,2.2633578839322968,12,16.190441221701562,16,1.1101331752297803,0.37905975053353147,0,0,0
1744.8964590317346,1597.1813806490145,2.204767096631876,8,6.005596883212689,28,1.1142102317393654,11.946971019240419,2,0,0
2532.4008132631257,125.12279266610867,2.6101574489704245,1,31.452931018748295,18,2.4780315020843093,4.567125446021333,0,1,2
522.4095122541113,2550.783466513217,8.739753062293595,18,1.7072542729362425,22,1.2297313269540773,15.998780283801121,0,0,0
2086.1695562492037,4262.768105378092,8.302757268204646,15,0.5808352073527475,21,0.8857479058529035,0.5640318695752345,2,0,0
160.6926621185328,1599.4512949591378,1.5429560081982072,10,3.5071195962358344,22,1.6393058068481854,2.930898174527011,3,0,2
2268.492748654025,4667.239484592634,11.801877938954108,11,5.054928942938265,27,1.1106323549868584,6.291053161737201,0,0,0
183.655556633685,276.3081398462727,4.2412060445853745,0,1.7974130914590127,40,0.8789253709704916,5.7878602274059485,2,0,2
627.5775574518372,1003.4548576468919,5.734831605945919,1,1.0192117435099242,30,1.2660155924809007,1.6849275178440324,0,0,1
1935.2064359917879,1411.2266976869766,2.5463434776868445,15,21.13470919733614,16,1.7000784693586473,61.66874478935153,0,0,0
214.9061479044994,1337.466022125245,4.395725776598799,1,2.691863116317602,22,0.7682248291307552,4.016270883260509,1,1,2
332.47162693370115,799.8973422779366,1.7836194982142923,18,36.78755594503448,24,0.7611123389018154,15.31990203029278,1,0,1
1557.2517171738866,648.9258566555203,2.4140995782035053,9,6.882980237280461,35,1.1829086653399514,2.981947044945287,0,0,0
1547.7154063900336,233.42724843306726,7.361496100876342,18,16.657501480171845,28,0.7866175789707702,25.230184717502013,0,0,0
1249.8130504848689,775.7353284910217,7.470158007492974,9,3.831168630723809,33,0.7331323215991695,5.8875378764803665,0,0,0
1440.8020509051403,296.28907763570874,5.907783032882145,15,4.122924469416329,22,1.2243944886381404,27.739811446752725,2,1,2
958.9629214347658,2018.4519594822993,3.1875887960527005,12,12.824731732327011,24,1.9010914895986963,5.019593965286501,0,0,0
368.1004391112919,381.3653983505424,1.5207177600043411,15,12.336642212516145,25,1.673984885450206,0.10417675204228731,0,0,1
529.0198325519161,120.52544446790132,9.397594652531925,17,21.962491227164822,25,1.1702572410442302,8.733371119124826,1,0,2
260.48152941983824,1235.6694789440764,7.819751295758614,23,21.270695792664284,35,2.0401611415488663,8.92792949242224,0,0,1
2889.051367188382,1386.6534211504083,0.8615814654317081,7,16.661234020475916,32,2.4448501451163303,1.5317395273326635,0,0,0
1070.7308655639183,3112.569055311506,7.551518329861793,23,8.943861894048853,30,1.4865954855540588,3.2139819581263054,0,0,1
634.6947913748268,1320.5094471283257,3.3382784586720478,17,33.19670428148394,24,1.0549816195413209,18.36173240117683,1,0,0
763.889007585396,665.7816611590896,6.748019797593124,12,14.615889795415091,26,2.281986487013681,0.44938010813477064,3,0,1
3551.388484396653,2466.917796569036,1.2931120795570619,6,69.37828306071528,27,2.2421145644812706,8.069003019958645,0,0,0
219.7634601542008,1195.7028943570378,2.648312384067594,20,25.669552963353166,31,1.3516937847463595,9.070695710384559,0,0,1
1078.9335309302649,153.8994231926158,4.617614436977323,22,0.6798223317877635,20,1.991998081431589,14.004443342658892,0,0,1
865.9933289518127,1281.5497096119054,12.121429079469205,23,5.798043828102653,31,0.8935849605336764,0.4581093286201293,1,1,2
1154.4131816036872,3609.252454385181,4.62569120789614,17,12.725126152137598,25,0.5342474743493947,10.572424649497862,0,1,0
41.93141648779668,787.0482103930677,8.522146198832825,5,19.17341769479622,23,0.8282206764603315,0.03723414513680023,0,0,1
2488.032227048836,557.1597250986596,5.053142560522168,8,11.988836231154353,25,1.3266114007810812,3.6975298296475216,0,0,0
3247.9862440295024,262.2979524444426,4.9333678401841965,5,23.135833507631222,22,1.1856938658926717,8.310190685980995,0,0,1
1019.2585567320772,276.33148683745014,6.116030352097369,17,4.982989387854495,22,1.7945335586390212,29.067420128804812,1,0,1
1451.4448886311498,880.4895458929768,4.1635857343086675,16,3.048497242109772,30,0.674177263922368,1.6241997339165746,0,0,0
3088.9632294147514,1388.3223006646251,7.24989561868061,11,0.8313696255681257,18,0.6794683451707256,2.225681684078074,1,0,0
1494.076944071022,156.07612714135507,1.8916709134280338,2,12.775594509449606,27,1.6568559264480607,13.276712047766274,0,0,1
218.61261094894604,4239.3693899518385,4.183361355228592,4,17.50013220490238,24,0.6877219516144539,5.637388366110823,0,0,1
1050.4425798230723,2140.5638918055733,12.751054441484602,6,5.921209874541282,31,1.096034431218502,11.719541924357767,0,0,0
1139.865028440818,1355.096236337608,8.742968316338894,9,14.26261872029017,26,1.2334623988689133,71.6795691219049,0,0,0
682.2494047073853,2674.2217086703204,5.348681998744206,9,0.8034996871972143,21,0.9415802691699633,51.99578555317488,0,0,0
1620.1883646600704,155.37693912081323,8.00415004844747,18,1.5686347944272863,29,1.539017899877244,5.238149976788758,1,0,1
3288.4122629149697,1001.7986837909795,10.740675335657647,3,18.147588284982657,17,0.5353968895029461,8.412346407116914,0,0,0
3137.4514556649406,1521.755998867328,0.7530763803327223,9,6.884642759750298,30,2.5415426418188884,28.207466476632376,1,0,1
739.2371555643412,2676.095986403136,3.568236661856864,17,16.690700041219834,15,1.0703070670824406,1.160346811925823,0,0,0
164.21444546214101,2325.0362117828245,2.6413944100811664,2,26.731990162791394,30,1.14098423602893,7.224416578917017,0,0,1
5047.008786944848,516.6627637205715,1.3771732819594784,20,28.7213629874563,28,3.587411389431396,5.689630952245334,0,0,1
2210.8617329821313,4272.283305596696,13.864606118193493,2,2.834169231966957,18,0.7089571566785204,4.192694520952342,1,0,1
179.77515166047607,229.17609322833957,6.305374933536128,4,9.99131634233243,17,0.8040939354163545,61.807485824931646,0,0,2
3063.5695291559314,3150.7665935737123,7.828656320775876,15,19.8597529960633,31,2.142126251513257,15.870792245836157,0,0,0
2467.308717472236,5337.6018152426495,2.7288511019226833,19,22.307016392539676,21,0.6553502871631854,5.906931813414996,0,0,0
897.861663162379,322.478455021864,3.514257004894016,12,23.034169784430105,20,1.488951493097468,21.194637025321445,0,1,1
1093.6565441948899,1950.5577518301177,4.318317194126652,10,3.884812602464727,25,0.9583784861561135,8.072280756037042,0,0,0
630.9978120908163,91.67918122609963,5.616461359473947,12,3.207830141086611,17,0.6398917710026852,24.74623881151556,0,0,1
87.58177909195254,809.857134810017,7.080226542311588,18,13.374427952547578,34,1.507932854322232,3.717166622118053,0,0,1
509.9178635608894,1119.383808837252,6.796436672505654,5,20.268878063424502,25,1.5257757305280282,3.0370526467311336,0,0,1
1968.5694932794145,1333.5570016737386,3.681043783458372,23,5.76596793670354,30,1.2220800206313822,3.4088501095458263,1,0,1
25.571340879611462,4151.838269817822,10.99969994529981,12,1.6590327192805159,21,2.7944507565432954,9.278773648261943,1,0,2
506.8566759082025,1703.2593800219784,9.663784678795464,3,18.921189137999413,24,0.8970901414700992,4.132102424681992,0,0,1
629.3337138256138,1014.5806361359765,5.248975910104049,21,5.343650514360788,27,1.7274208354462592,1.9096326120274552,0,0,0
945.0596289486581,2518.533498505567,4.428775928385848,4,2.7293533869920963,18,1.3922715270846613,62.718477962938344,0,0,0
3048.71057138365,4539.668818359153,3.485662582267427,18,2.3976646140627182,20,1.8014802823929958,27.683121346810736,1,0,0
530.2125330689481,63.46987188636402,5.637694461767624,4,5.6730660304672424,29,0.9983666037939197,12.09470401564474,0,0,2
531.3277831501944,6100.156042394757,9.35068404184562,20,13.472271200528853,27,0.7019677913938028,26.65680402560728,0,0,0
1625.0107419986787,165.10393538895633,4.497875271474061,13,6.6569056750787725,19,0.9297825090994434,32.88615010722339,2,0,1
742.2533281908072,2556.1353431682055,2.892203441581237,3,0.31317441365687565,21,1.1906371387407284,13.52815263854766,3,0,2
325.2589684432705,523.453663779886,4.430131412386041,11,1.5289699419476397,24,1.603771776886323,8.774669875403323,1,2,2
742.7388206913861,242.65584708601025,5.3131086486182415,5,5.1479903870212915,29,1.2298776655142885,25.6450301147015,3,0,2
202.18390631766445,899.3411133732108,1.7898223651150742,18,16.1691130308895,26,1.3311334648810755,10.066318638718126,1,0,1
252.8654038497161,1579.0538815856958,1.4303011048829235,9,1.555679353643085,20,2.435677311291432,1.6270953118783233,0,0,1
847.8656513633812,749.358321796427,2.94855168034034,0,12.337117745161695,31,1.2096259513687395,5.484688743364821,0,0,1
671.4514595072084,114.16585768222279,10.985686839379596,22,1.9155553151062106,22,0.9871340366734592,7.085374992184233,2,0,2
2975.9512823033756,1402.4167314218046,9.027451544007372,22,3.5665371746246124,25,1.4566362893492508,32.868736281522956,1,0,0
560.041499647674,3520.3670292512966,1.1581634962944287,15,2.8345476121047484,34,0.6148811636949099,12.917002280699009,0,0,0
1062.6828605423264,754.853054113767,2.1272623925081993,3,1.0439274355177455,21,0.6143546721353558,24.97997415621509,0,0,0
1220.4689270214176,395.65621500708136,7.003739998959202,8,16.690507732471602,28,1.1576349196929976,17.005581454968684,0,1,1
35.817133790791075,906.647283557948,3.225497501911283,17,9.33763427804668,23,0.8410028443766993,4.450345055722892,2,0,1
1327.1218364431868,104.3569736852278,5.836363547441636,16,26.672592485911,26,0.9576284904059151,15.22038640383828,0,0,0
255.27036823909785,2606.2663593074067,1.2191619645022438,14,1.5619331162959762,18,1.7751934050164577,2.60742496395515,0,0,1
3915.1979267269116,2655.9908761779197,4.3692587327253065,18,2.3451225022540223,26,1.5075683356692402,6.293939736151709,0,1,0
213.1362851722161,1360.0995816936577,4.065628338694651,6,5.489146370064062,27,1.1843688072307348,19.684448670543908,3,0,1
662.6013374439283,683.3520326419355,7.852476779629958,17,21.77792433251807,19,1.262616843829352,11.358808603676888,0,0,0
127.05612518060376,2442.532981315172,5.617260684422956,5,5.474037926680289,19,1.0306545668537033,20.943951173346697,0,0,1
6941.6979381809115,1243.4668934155861,4.76806437254629,18,7.87434255774227,23,1.7155545165523087,3.5276791643287266,0,0,0
857.0562387898714,2652.4665361483894,0.9794087159030374,20,5.384525712776212,29,1.6770171585867333,16.623482342069952,0,0,0
1105.783188906735,1527.304123295821,13.001138864905236,11,1.2543815114683718,28,1.8155221996516617,2.712638785620631,0,1,1
103.318460993905,2331.5337393430423,6.6865990893611595,2,42.06023059731334,26,1.782417873409114,9.457519132187954,0,0,2
1683.3635062591989,1399.0569788908424,2.558504182483644,0,11.92899406546404,27,1.248096082202355,6.820071208522255,0,0,0
302.72340590031587,832.0143736933178,4.687363933201052,4,23.25573698296867,23,0.9237773583909595,9.75603651627051,0,0,1
2759.9778281739564,4783.196162147922,3.297371872756385,0,16.109838248983944,17,1.1423393614902693,1.7477116493975529,0,1,1
295.50659379300004,1198.429626240494,3.7553599826516586,7,10.831049999236988,24,1.2797308930258795,5.3784900108294,0,0,0
273.884515770579,1423.6442534727744,8.94072861674378,6,1.40935766774597,25,0.9327569471225903,13.191888413971338,2,0,1
64.6812102292066,403.6301003116086,2.119167930203618,14,15.439101057113142,33,2.3442081334351625,9.811764121662955,0,0,1
786.5429519545567,1503.8492986534716,6.864829199463826,10,2.5328555812809754,28,2.3488937359217044,9.554650659802064,0,0,0
1018.4529244114167,1301.5736947558087,9.175105560015743,17,8.026343638420393,24,1.164128636771354,8.58054517066519,0,0,0
101.56032821498776,336.5533510042739,6.19506397366519,13,14.877873477557038,21,1.8447651862569674,34.564206232305594,0,0,2
1812.8031123180467,122.15436304311983,3.888807049279407,8,22.864668437926014,19,1.5280747445463525,32.72123752284392,0,0,0
744.6015803523461,1420.8732789852631,2.4200413483941436,4,17.329890980841142,27,1.0013525676281518,5.358163779423407,0,0,0
911.7891855111162,2193.930569882432,2.6835902415078,22,16.699807701060827,30,1.4402319730800361,5.204430919120455,0,0,0
717.4177661450964,1141.6208861761377,4.752668071702344,3,2.420891267095353,23,0.8961007375505133,9.713434024445185,0,0,1
634.5178415299056,415.77319181537104,4.491420098825112,11,6.3726673694144935,16,0.8589872863739793,1.2058858441124494,0,0,1
1004.1961485654497,1677.2674693924641,7.412431107703202,0,0.6579033392840128,27,1.4781057512954272,4.331753783934407,2,0,1
222.44360811314658,155.24480365607238,1.2990024343665367,23,19.066487702170512,27,1.4851610681317813,3.1499052981680986,0,0,2
260.9661034503506,904.6475113977059,8.871450606866777,12,45.732560118154176,23,3.5881437738202777,3.033798696719904,1,0,1
2394.7391939553686,297.5542298991705,18.215076247867305,0,4.600127372381057,20,1.1477597947696851,12.210102282209863,0,0,1
3525.0940511176227,335.85546733366806,4.148368233206295,2,1.3767418267369271,23,0.9884812597123639,5.820926421821348,0,0,1
580.7626249701663,369.0226601004991,3.717353777252202,21,9.681652002709232,22,1.7666793080103627,2.25280109132453,0,0,0
398.87763883119925,763.3688596375921,3.9689752553059887,7,29.142038168352585,32,1.2092223173364505,26.225290601484502,0,0,1
1259.3879181133484,108.75715603053516,4.6425920810180195,23,12.043566725792724,21,0.942661394374091,24.871849582219397,2,0,2
650.5874811286956,790.7321567186389,3.514437880009826,17,0.7185984354020112,26,0.9662571087114598,23.806341014225403,0,0,0
50.85697847917643,1105.26083870413,0.7684339187034718,15,54.90277102361672,31,1.1367658998207006,5.946219419084903,0,1,1
223.74032395941273,1020.4226746623852,3.908329884967336,19,26.460697578039888,33,1.8622406809468801,0.7040446731346737,0,0,1
1530.4199118236547,753.8045969615795,4.832263653568098,19,2.1164403070647917,23,1.4515767717793377,1.354558153105967,0,0,0
1310.7797387810429,2770.8929069837222,9.467251373831065,15,38.22685413943437,32,0.875152649580537,3.876363567905499,0,0,0
52.96382946132812,265.55396919158466,2.0973997461123024,1,8.986338274206704,26,2.5443807236374587,2.9810748452036098,0,0,2
321.191568640046,1086.9091067336526,11.814908993400294,16,6.975790354723753,27,0.8496320188492825,24.856311032875436,0,0,1
335.3138947411172,126.07422823298558,3.3447939465782097,9,9.272079846488076,24,0.909435482918722,51.535382795006285,1,0,1
1357.2976673934222,140.72119656588245,2.3000618460507876,6,26.98828445145023,24,1.9480145536269768,20.35784937990287,0,0,0
43.88885755056728,1309.5016131363736,6.687707008356904,9,16.15920709794501,31,2.223370578390347,15.705286284778563,0,0,1
151.92327032164738,1282.1297991622318,3.0733409492894666,18,0.9161430665884708,25,1.4069478498510484,10.658975771929727,0,0,1
1950.8221127554898,3186.0134511464307,4.203337286888359,19,47.410650216316945,20,0.7288809289372603,17.631328203604934,0,0,0
256.01325134214244,1254.2394540958721,4.401636716790252,8,2.3987312967316177,22,1.2696728227655218,35.25710513965103,0,0,2
1289.2389067046922,4850.497402931283,6.445616346950082,21,20.530822193511167,28,0.7069287203788504,11.035896837189142,2,0,0
346.4583466507943,104.88059018687889,4.118130748304005,16,15.164648479509133,35,3.299919315345976,2.0155326834307763,0,0,2
145.68804018184557,184.7239180025694,3.8124184379175605,8,3.1151082888555863,33,1.3700773219901763,2.1474864396688718,0,1,2
354.34341969373673,97.59939174000758,3.2826192523802247,8,2.808179802192077,27,1.6830332561445804,10.52088327505594,0,0,1
1557.3137757164382,337.3603756665308,6.037342987379557,4,30.641159407848118,21,1.053259636407424,4.868015260248478,0,0,1
2343.0036049447153,1198.9405787088913,2.9574055583494854,23,8.163019796426951,29,2.5149850767666857,28.928376082319765,0,0,1
2147.901199970677,1585.8758527322545,9.661852728084229,6,15.944761793393717,22,0.9990090550330688,11.349942527563476,0,0,0
627.3709873701061,99.98528570094656,4.435011886385798,10,10.519837731621157,22,0.8662956090512719,13.542399983870592,0,0,1
1343.452134085514,4407.348451101432,1.0295487694718164,7,19.49368885940008,24,1.379821251600243,0.07005259750525702,0,0,0
295.27209239477696,2799.3112226638113,5.31059329220624,13,9.787058350215068,24,1.7367677214229564,8.290163187430915,0,0,0
436.3203063350202,557.7709568406897,5.890221490765794,1,5.0821026157262335,20,2.8618776122973135,6.7699725545018055,2,0,2
2739.9183543570853,150.4938596979284,9.728933760162096,9,6.773814643295879,27,2.3296525662831264,14.68487694322192,0,0,1
35.704626075542,309.29029662560896,2.504126523121338,20,29.393198474163892,24,1.9700008138144491,5.7876094421104725,1,0,2
127.26456755653895,233.6340787422559,2.2308962123509204,23,9.467655060415046,19,0.9285973175393054,45.04743374524201,0,0,2
299.66033628777825,227.35787784215086,6.582977737893363,15,3.6014720511971854,21,0.9207781501062392,13.311342189957575,1,0,2
52.26864226918026,1126.465760456359,8.76028617186522,15,40.90973115622922,21,0.8597285739745694,12.942833922900977,0,0,1
260.2436039483273,453.24090079456414,2.428697027020407,18,23.888745595624986,29,1.1499729732340465,30.210320184302567,1,0,2
1069.72247449324,695.0769389532044,5.185200446029426,10,0.8591327478061606,16,0.5681840920564956,64.08176316781726,1,0,0
676.6235820413605,6865.332138342927,4.166910956124895,5,102.78426905257723,25,2.108935162539623,2.645077399585369,1,0,1
2698.235624986193,1759.5120282326682,2.494641870297976,5,17.80804787566497,22,0.8107182650580919,19.96249401584268,1,0,0
2060.835083623374,4493.325960869641,4.00073886886195,6,2.62006225995947,29,0.7716382602107557,2.125422126384408,0,0,0
521.9273662028385,260.7000832626766,8.377596486184116,15,4.060755564612048,33,1.0383856931313715,7.328711835494379,0,0,1
380.39150257673424,752.2388016405433,4.4478305617990745,12,17.68654366012985,28,0.7139422426335447,1.2667985003230593,0,0,1
593.0477697302452,1243.617733660483,3.8561888509803603,2,22.69563314483189,21,1.5804604636033652,11.71793524525991,0,1,1
1090.7813001719662,149.79593604468693,6.364412932886402,23,4.0975373056107784,22,0.8299341498764536,7.585035067694683,0,0,2
394.47405177832746,36.294353283477506,8.851610749649778,23,4.455259736416513,23,1.4927017151494784,11.88890502470276,0,0,2
1194.274694656505,1694.9694816687947,2.0684227174436205,8,5.503491867523426,25,1.7681828081496382,13.596982254932659,0,0,0
651.9632471357734,1570.07741490912,5.3265146751865835,23,13.670233126198088,27,0.9804506435344439,11.593092749062613,0,0,1
983.6808398178133,823.4559040799782,3.360161639975331,2,2.8278021353136418,23,0.9166943027617234,4.17817550990151,0,0,0
707.5104741093345,1038.970359813858,4.4612515415663125,5,1.6512949526554652,20,0.8861520385870919,21.765054486063732,0,0,1
438.5599703147998,835.3514768855592,6.686211013739181,16,17.038362704587076,35,0.7922423821885806,9.627142127314224,0,0,1
3578.320665382644,66.4467922212826,3.5520643206601004,2,22.65053763264908,13,1.0323698747680823,8.076633343346098,0,0,1
1750.7054044791635,642.7908012881777,4.096686294397825,1,10.425115786828766,16,1.2547699399120624,52.172712281560024,2,0,1
201.14539774762503,322.34854365706263,7.955299399663607,11,6.784405740903474,20,0.7024321948938133,4.000656803457697,1,0,2
2454.2059132631884,185.41671854944136,5.798239515325713,23,8.485635944387921,23,0.9447857824906388,9.010086008930557,0,0,1
821.9843955942997,4740.112004495974,4.033313639702614,5,7.375344207381067,22,1.300970652123586,13.760701258855551,0,0,1
2719.447388347692,1402.036986321273,4.757595516494924,9,48.277479029513806,28,1.2384621024484164,1.6054756203933103,0,0,0
1950.4573447158805,1986.5534068432619,4.527593301921501,10,21.921082573775518,30,0.420262469646041,5.247923208967061,0,0,0
684.5079431103288,598.3013907361121,0.9602423977993111,15,3.499560194873661,24,1.5737365049521188,19.41500809656679,0,0,1
47.27070737304814,779.2033579006954,4.811597519493804,15,7.272231414381442,33,2.004470313439171,3.2421652354624846,2,0,1
395.480657331784,435.5964567669768,1.5661987211414354,23,11.779341368620477,25,0.9713615088198455,8.157805815533484,2,0,2
956.1053068157555,182.9920644572717,8.699014819985644,17,14.239410817266982,24,0.610203365896294,11.951496814547987,1,0,1
1224.4367983214436,325.906058285753,1.535657924534021,21,9.471862779373154,32,0.8996449629110108,13.346293501377142,0,0,0
377.9056159147267,2425.627131494764,3.242259874650944,22,24.920968936417523,18,0.8890937281113103,15.637142346703438,0,0,1
200.08930259685866,1727.6912766170235,2.815070695733397,23,21.889817334346407,20,1.9737635155383273,24.11695461069401,0,0,1
2181.66450459487,1217.5592387531722,10.713432181966288,8,10.552748922678084,18,0.7886290558669751,5.9879394558258685,0,0,0
5012.748995824681,996.7923261862069,8.476153037758793,20,28.906409938238014,20,1.0584294758753165,14.71592679571975,0,0,0
915.0734563665043,3864.944623661291,0.49405810611281564,18,20.859930107763162,32,2.390003007123537,15.809042180226015,0,0,0
246.0258363920887,143.2737443379163,4.29797468362843,1,22.615534169547665,15,1.3026390225997455,4.284799621281986,0,0,2
401.45176607471944,524.0083172405859,1.8004498631427237,23,46.99074008550251,30,1.3208017934582916,41.363610507636324,1,0,2
42.274264892919206,676.0309661573692,4.823688201229119,0,4.648239187329228,16,1.1729491417932305,24.049263929173126,0,0,1
2968.2662332322684,2317.823090006919,6.589994714963501,15,4.672413419894023,29,1.805928134286788,4.107540195922395,1,0,0
170.33725261544362,7372.20527375174,5.095725355122696,21,32.96692561853361,26,1.4356539453585921,13.489697182381814,0,0,1
1051.088802641787,442.9792370674297,6.844430002401479,17,22.19104513458044,21,2.5636120083120044,15.181697853925101,0,0,1
404.3375943233515,3140.873267167793,3.619787416666867,2,39.166345142563216,26,2.6779876595223735,6.776702186034321,0,0,1
989.4026184883824,2693.4402973389883,5.202858724494467,23,0.9781637723780914,24,1.3847044752629196,23.91857482986462,0,0,0
1284.6663607832324,411.675419629283,6.691508962812304,0,14.823129295778312,24,1.2033503679821735,14.063077264274469,0,1,1
2144.5270309068324,794.5708134785647,3.154188495259708,5,2.34328818365109,21,1.3040154598012572,12.880763280051568,0,0,0
297.443033005443,820.6176553674505,2.2744317079912926,18,10.514581683390276,25,0.9737778715355541,2.9944720857181495,3,0,1
33.268075558036635,5770.190784696601,2.702252903635906,21,2.539544783322013,21,1.2885247682380707,6.287787763244438,0,0,1
196.64968482486864,329.308822935654,3.996113088659101,18,2.055838385488999,21,0.6860276656947929,6.82829118191059,2,0,2
2783.325834623818,2437.854908728751,4.377724558603236,10,0.18364478722637628,19,0.9186688981986704,15.87582849757835,0,0,0
2504.7216224637473,640.1325164023427,5.400610841517202,7,14.923468809028831,27,1.672960449487391,11.560416541340665,0,0,0
1111.813172235791,1998.8430443039892,2.505571506096468,4,6.67141659197722,28,1.514706590509024,1.0772663099027109,0,0,0
1121.1004622064163,847.1192228178253,6.814029071416874,19,1.6671293550821922,19,1.1607703924506452,4.412795194614772,0,0,0
1332.481075289015,1325.4042716712304,12.201573397313693,8,5.847666232052343,34,1.4442025253669508,7.6877385095640065,0,0,0
251.3864343662626,2711.1591808539647,2.830542528651717,14,2.7758731162726455,27,2.2310284012810535,16.01503616396439,0,0,0
2969.8514729255617,2475.728544050322,16.304539252596086,20,42.63096804101021,22,1.0468171651231306,16.330753964131784,1,0,0
671.1315612155817,3049.617843639524,13.188979051530055,13,5.785044986714332,24,0.6879213596194563,8.092925184426619,0,0,0
599.7329591934421,122.20257879588326,4.368402566417991,3,6.095937390387471,28,1.5696966103415264,1.4922420483460983,0,0,1
898.0603191472172,1796.7294640887342,3.91443940669474,23,27.475415678582177,20,1.5136168608576934,4.159055922308522,0,0,1
77.72559715037266,256.2123174176993,2.673474282807533,23,15.651457260159635,27,1.6551281697297167,3.52749883309039,0,0,2
238.2340460591268,836.3155098012959,7.4491243426447005,7,18.576994212301106,24,0.756624721924666,18.225649817431197,0,0,1
1627.446908508756,1223.063625675235,4.568378318339303,19,15.159095510569578,28,0.6702553252867666,2.3812109835133306,0,0,0
123.71393080621232,803.1028302218308,4.894687430498694,16,43.836191139175895,37,1.3579493866867396,7.504095540798944,0,0,1
1129.0426627821387,1129.740740111474,2.3120899788926796,1,3.4789965895627,30,1.320457794047253,13.33011831241366,0,0,0
357.8000403205289,8523.806255408168,7.580736227537375,19,67.70150725484906,25,1.0587923713840028,40.1557906995758,2,0,1
611.770708310226,247.91555000936322,3.701989318743366,15,26.663959399099625,26,2.1786309932910943,86.19547043367818,0,0,1
428.7826303449752,1718.0014477534298,1.910926282570609,9,13.336430594674544,29,1.2165803221556701,36.67143033229363,1,0,1
547.4581732674242,786.2740215371794,4.138410652053639,1,16.287142032501613,19,1.998523824474311,15.200495494256188,0,0,1
1543.4767839664241,244.09140652506275,2.4288614083538254,10,15.697096502649394,21,1.7354859187904235,16.46589699452619,0,0,0
443.08584752666104,289.2759955104797,9.737541635738658,9,0.90256069367282,26,0.7898113720731211,17.085966000227682,2,0,2
1022.7722368468426,4501.948590328251,13.085892794498191,18,3.688824547894774,26,0.8566097741828909,23.818732697124062,0,0,0
795.6317440283141,3205.4222660182472,4.219114923058605,13,48.845116160819856,22,0.7313341857785116,36.38513643385555,1,0,0
1327.5991077112142,3593.4106123541665,8.331989376299298,10,11.465279804778433,32,1.4513650805983696,7.080723693683234,0,0,0
3334.305977015563,7187.328822951769,8.20542701858026,8,7.130757628307212,26,1.2702873185684835,6.4647536421002805,0,0,0
1602.6863255060514,380.3882792789396,0.1571389531075324,6,21.53469343874361,27,2.096014258883511,7.404559500616694,0,1,1
310.3947358928568,688.7795062048258,2.7053831856898762,14,11.151423526973476,28,1.549656164625196,12.939264898649087,2,0,1
58.01561458910941,1689.4482667004795,4.703261156172173,19,0.19875252719830785,26,0.72674133498015,17.923636532002284,1,0,1
385.0031624067055,1021.8988680197859,3.2132577663505573,16,19.99059852937562,29,1.015291955163873,24.533006921882983,0,0,0
1104.8727822477167,842.93153500526,2.5497918927326313,2,19.76370629091366,17,0.5250957802009243,7.3103222778218155,0,1,1
83.35433371972962,694.3095215291403,8.544429688752142,14,2.7075250249195806,26,1.373482022753177,5.418849180328871,0,0,1
843.0871472314267,1381.292924832001,3.12310689239448,13,47.080219846813364,33,3.729593838184254,49.14602536872464,0,0,1
1110.1146079850723,1315.5950827188708,5.409874683102109,7,3.8022656792526437,16,1.287017221060738,3.165830756708176,0,0,0
508.1982535257205,294.13561746276633,8.090432514476426,3,9.180404439336657,21,1.3237573201267412,3.0124196376064285,0,0,1
1788.3799509760815,987.2495769836393,10.086452560804876,9,1.8280399442048134,21,1.2129713457931146,15.080361452627795,1,0,0
155.26269771761358,1239.3790042307662,1.9186423474161514,1,13.867955750800219,21,1.408239923820976,2.3763971260952608,0,0,1
113.73260695069642,1296.9563886197705,2.054951323272919,13,7.0608852293190365,24,1.1474088686022865,6.1180932976494695,1,0,1
1583.1768922596714,383.78704493736006,5.026550083205258,7,6.53515684140728,19,1.5638366071010588,4.150292325574954,2,0,1
841.0042719956823,2063.772233487871,0.7577411045532351,22,26.314950536000467,25,0.8967600989293973,2.217325407897843,0,0,1
1419.2511868797692,68.28304297858908,2.134876594451305,9,0.14411579295170682,30,0.9117493361613872,10.401645129169884,1,0,1
704.7487989546288,687.366460619236,9.12137551978194,17,23.98836158790235,21,0.7283366407638068,5.611498152033232,0,0,0
359.47550451023795,2302.642176489682,6.485692554568155,14,12.710167723315372,30,1.2056146742978466,7.443984949121311,2,0,1
2071.788438285435,1274.8012078150837,3.996078585487682,4,64.13639251039511,27,0.7847976646988574,2.6158275877221047,0,0,0
1947.825876752228,484.0157739213568,5.88618189249005,21,13.35361563005431,23,2.183686613783896,17.525327347782007,0,0,0
1443.7385836509457,1810.9347106717087,6.76804670081311,12,0.8545744822091813,33,1.028008830403215,4.534994554772331,0,0,0
401.1843379856385,1286.8812482324151,1.4141533458309181,17,0.7795922430541491,28,0.5556558089187943,5.035708814615965,2,0,1
1090.5930556681571,2416.245244082694,3.0831716261011417,1,32.203346634528295,37,0.7755597779488299,3.4866978465426097,1,0,1
557.3719706957864,2022.1807496076929,9.876278371361904,12,27.602982174933953,26,1.2891941602290213,6.838493760569154,0,0,0
135.26088152798388,1442.827951984798,5.084869645107654,13,6.367197922485189,16,1.5855668407476007,7.473978661720246,0,0,1
3011.23981224517,1034.6666043902437,5.282593809615915,9,14.436295666722282,32,1.40715641666477,9.051769759423856,0,0,0
196.55653858342404,244.3895827128507,4.226534214770073,3,10.088154201396527,25,0.8790303503177462,41.1434206064323,1,0,2
3620.588783747315,484.3621390990354,0.9665821800517174,14,51.243472254476636,25,0.9719102482522296,28.207674148439473,1,0,0
728.7212153490466,844.7636199425723,2.796902763640524,7,44.92425895021212,15,0.9274317095772083,11.280628738043497,0,1,0
265.676338296159,1401.810722957236,5.662745114814787,14,61.87732312644516,28,1.5321225396035667,0.4761651033399754,0,0,1
956.8038153820838,1111.418572089466,3.135890856942422,13,30.19905313592611,22,1.2795622842850356,11.369053754506316,0,0,0
2495.7701531384705,539.9048502493267,1.9743693293024414,20,36.04463481956526,26,1.0212616121714855,1.1273589284804966,0,0,0
1601.1293349565683,39.728013350070455,2.186282482868129,8,3.6746802852343188,24,0.938207713486751,14.868745085447962,2,2,2
1991.3525912885088,1058.4806553296032,9.999258816651455,19,26.668451046046332,20,0.9908659605136342,5.9330834327245014,0,0,0
1310.2852582044832,534.5229423722744,3.015113137913201,2,18.50911668607342,36,1.225555899146775,21.819446252906115,0,1,1
1434.2646033698386,2019.822650699586,8.812748780203862,14,49.366258763074946,22,2.0882547016027946,34.27774888647688,3,0,1
2290.1263856603355,66.35645701387554,5.298491765692837,23,12.703633036303636,30,1.316055093897761,6.477088505929225,0,0,1
364.68741864814416,1348.5928984315024,3.68808402867692,16,1.3352088938410287,29,1.0675408922952814,7.4065799215685955,0,0,0
826.6611994054896,4287.432355760135,2.4595896449370116,15,13.647135174749515,21,1.034777495817508,10.703497653270503,0,0,0
320.0157549273468,317.4841635252635,6.595381831940701,3,17.403211437637975,20,2.4127273182323346,2.6347903345100896,0,0,2
5294.670100886395,986.9930583704516,8.16375590461997,10,3.73309528936789,23,1.6987463739869197,31.462388727513208,0,0,0
3480.1565447844973,173.8117950282099,6.994924176571535,7,7.515936178869683,21,1.8066683246204185,6.808750147526215,1,0,1
68.27012144645491,1503.9740115967145,1.543156691500238,2,13.688343733102736,27,1.6470011401225275,2.1900717227700643,0,1,2
1487.2778758348747,1229.5348607848805,3.009058473064139,18,7.0286074740019995,25,1.1972458025047896,17.262771275449694,0,0,0
3132.3002689703067,814.7662025569003,3.275214337529239,13,7.048799704893994,31,1.9721303909755625,2.9684876001364024,0,0,0
258.98339046542003,1135.2631390436986,0.79262618275352,8,2.1422435555499697,16,0.6790059986003063,1.859221700250235,0,0,1
1027.0435011750828,3433.3578966463233,5.848773460594111,2,42.38901290685297,30,2.2713548864994464,9.93035271961549,0,0,0
2985.0383169506363,357.7831866983195,6.385317766923797,3,20.82410785515243,26,1.6435451232901275,13.358447971259736,0,0,1
61.442628253054174,64.23447889500125,6.246469107325026,3,0.018663188664760792,34,1.4834344926469933,10.115444457532309,1,0,2
1454.4925482714625,2997.114248713906,5.610454338564089,10,21.761743430021006,21,0.9023123528480631,12.82319002923181,0,0,0
443.4739576942554,1320.9898931468535,3.4764763154929903,18,20.194282033258478,23,1.772487018437992,1.4731189636766604,0,0,0
3118.698405626811,3349.918289404507,2.3870243506524864,15,0.14667923031294766,27,1.93096306906397,7.7555762243585775,0,0,0
4270.963907146704,1393.0242063305072,3.467826735424297,22,6.921113366136351,20,0.9214898045016324,5.299674607643578,0,0,0
3484.6084174891694,2522.369112504063,5.326156915508345,21,13.999557956443788,25,0.932775185657871,43.50797901675007,0,0,0
791.4336862381499,872.3190533051604,9.31305013725838,16,9.04276100598096,25,0.8077977648814374,0.610770167526025,0,0,0
2396.9728480824297,2108.6013647524765,4.567061614722694,9,22.575230561679994,34,1.5207380796654153,4.250892665737912,2,0,0
2253.7127279588944,3693.4858573050906,4.464348664458467,23,8.312739844078422,29,1.1743762280314836,34.139269471670644,0,0,0
481.2086258234412,1303.3791346422097,0.8643421526052909,16,2.506109367773025,28,2.8547759517230293,49.24996323197521,0,0,1
2138.717049673584,329.1133471594103,5.55574994716292,15,56.20756247551019,23,0.6612415544560283,20.908886657975422,1,1,1
65.25175432269167,499.5974956909916,9.72457855493368,19,4.156869834749084,23,0.8622175559920315,0.9484956831254068,0,0,1
1108.4103683453684,362.17605916094203,4.0178821301166,21,18.97136558230456,20,1.227292144440448,9.888778964378472,0,0,0
333.65148943674285,455.2502982218278,3.8136743195216734,5,2.3174965654087827,25,1.5936142422658226,6.13236759075564,0,0,2
174.17332096597286,578.823191872106,3.3192269292410406,6,5.98507411009336,21,1.565019174110027,19.70679202034601,2,0,1
116.09041196525929,1244.9725296115034,6.735888474933656,13,8.751686929481316,33,1.2633900674664436,0.6791519750939079,2,1,2
1450.0135396258845,1360.0674195054562,0.8255038041670075,10,3.2022059401149776,17,1.4062926913897138,2.634730994138796,0,0,0
518.3912156822805,863.9953525255631,8.81805471093495,11,8.966452589172166,25,1.280657295738513,8.061209951380494,0,0,0
1568.1637246644532,1463.4082154737114,3.69897986837435,13,2.564722300792624,24,1.858456377896385,2.0586827965276773,0,0,0
101.10792258736919,157.6424273056533,5.620788834285115,4,12.280878469164382,27,0.9777492957163928,14.159761051727314,0,0,2
474.51245770121386,167.82467947952256,7.067338631269649,4,16.346866017781373,39,1.0230656308843413,20.62883852906468,0,0,2
950.5082172800594,312.80427007993575,2.1655105740094567,19,0.9670263983619771,33,1.6092579831153555,14.629845195877987,0,0,1
1896.916800005585,1124.9579432621829,4.274959259674534,21,30.734513908520857,21,2.290879833508297,6.9639030616081445,1,0,0
480.59552844819075,391.1875747078812,3.6437905870261127,22,3.071100686496254,27,0.9477169608969254,25.283002629003093,0,0,2
1199.8509036825951,529.6142619940671,1.778568101976852,14,3.8304000687554294,28,1.3451062713129587,1.7776314991024176,0,0,0
2625.633990469124,797.0207300408512,8.124158683482221,0,16.24181521653625,24,1.0498310034999727,3.6187529195930006,1,1,2
1168.1078108865036,2535.9021948777413,3.4413694716054506,23,9.487868322860114,24,1.5248656619230778,8.069308588867715,1,0,1
338.2587715590194,50.938668846356435,1.7194772441234862,22,10.379086633718497,22,0.6334907065868479,0.759605519874281,0,1,2
49.644096492986264,1602.0733474050767,4.451302269327762,8,2.0571540819085508,19,1.0636544047624739,1.2069407066589117,2,0,2
2469.1780236490176,1687.895932732533,1.3492482569445765,2,24.578044550170684,27,0.9707526425808454,6.078883550297586,0,2,1
45.798636992313575,2434.1089501513666,3.136623787679513,3,14.397929018542175,21,1.0650890497543641,34.5645027756013,0,0,2
2512.469319925004,4079.072947431443,5.257579229920984,15,2.182013072705885,31,0.4423947222502454,28.68568210080442,0,0,0
923.3164645634653,60.51506910678964,1.2299425383340572,6,7.026058451119939,33,2.744994444303833,7.527748311055492,0,0,1
3377.5902113511956,280.47042721672847,6.468552600941016,21,24.943366175647387,23,0.45037342489881865,1.840031764570158,0,0,1
1944.0470276277504,3289.590810046127,4.607304310181651,13,12.602278415468703,22,1.4776938573221854,2.353750329867853,0,0,0
7438.633293016791,950.169738493552,7.092563261541586,15,1.7252511285309224,24,0.7279175367039477,5.689027640256111,0,0,0
538.2543402179405,1277.2029457345004,7.043711645469285,17,6.996798190547054,33,0.7423865203354576,2.829795069155933,0,0,0
1769.0303109337494,1661.6296126532347,3.0590962542415334,15,4.169826092383131,23,1.290731533704881,1.0394543094776862,0,0,0
636.858803147529,1734.782502032846,3.119966284723631,15,10.930544540401497,25,1.610426101901704,13.442106774815993,0,0,0
804.4247651422295,4056.65586608205,5.888714997328693,1,27.80718460527727,24,0.7943824292943272,10.451468007534814,0,0,0
1205.0394891537385,8718.6340410541,1.908734832396288,9,8.597621744380966,17,0.7840975636693572,4.131820782867664,0,1,0
2502.696876838868,1940.292291696729,1.9188676676406258,6,8.51999078148783,34,0.727631924975568,18.112308499491064,0,0,0
4988.47644420957,537.876237068051,2.7593964134700903,14,35.363684020114135,22,1.330936484183781,17.950572879258004,3,0,1
1774.63653240707,3207.3035215433374,1.4530724189148763,8,12.876888195602364,28,0.8034197319901257,8.103733598293124,0,0,0
669.0610323093701,105.71031078073429,1.7035542254572338,6,12.527267030727105,15,2.0451781035876495,1.2181824271561508,0,0,1
676.483490982829,424.1541829245726,1.7502504263620855,23,4.555340461577416,26,0.7698855665817004,30.081322443879827,0,0,1
1625.3813311683987,3445.167224890571,3.450196784860171,15,14.03679619901581,17,1.5169782017167497,13.255341846536842,0,0,0
347.3949440715132,473.957533749035,3.3396331998352418,2,12.867160264353904,23,2.265668529838651,3.4050905084800336,0,0,2
160.48000349679376,403.94459950566176,7.766800820381385,16,7.583876921177832,22,1.255493027252979,11.31329669764582,0,0,1
545.5031979129398,252.96805583076338,3.493592030691004,22,70.15896311121664,32,0.5968166553356178,6.230760018366173,0,0,1
426.3309277013912,2969.682465462377,4.058673097264017,7,32.042205829528434,27,1.4333687922953187,12.105795618962876,0,0,0
441.69762767876665,1069.8955585963693,11.68397776764188,1,20.769613337484596,24,1.106799777785638,7.7065038117951445,0,0,1
339.2733991513961,1715.402316966459,0.5144299099347932,19,11.561623722879913,27,1.201226397371746,7.974067144985177,0,0,0
71.60573712481678,439.8137364191039,4.934415248323154,2,9.300118214049093,18,2.3034729048304055,15.976315847742146,0,0,2
41.64272339833887,2158.4768936224677,3.702819864009281,7,3.0666191735067287,33,1.2468618022533002,11.41449191255673,2,0,2
5299.973574934763,2170.7091898736867,5.262812960527709,1,5.473576657307368,24,1.4998617911049752,0.9999622524062559,0,0,0
689.8636962705224,592.2540619379184,2.8876707865000637,18,22.305702639618595,29,0.9372357924537753,0.8113004413840508,0,0,0
602.0464729463814,823.1856255475155,3.478014921619929,16,9.070149263785598,16,1.0917191935671415,4.366280698414446,0,0,0
1385.9991783517366,382.99553470243757,9.051098951446733,4,32.09035958454211,28,1.9141544850701473,6.75060701019493,0,0,1
315.47030712912,5660.0324585202225,5.837371741515989,19,2.4009668629164214,27,1.289856501215603,3.8626877931988064,0,0,0
3613.9475044877313,1586.0044978307446,3.600750482960234,16,10.649734367403735,19,1.3691413575964975,12.64802244643852,0,0,0
1872.0713382507033,4119.562943153109,2.430380726461482,9,15.617850215541528,26,1.822929437042533,2.6045650467653534,0,0,0
132.39636636920835,572.2847527621241,1.9032490728454607,8,10.911373792265024,20,2.344515381196432,14.614471383825215,1,1,2
668.6777288400677,2314.1399133811337,3.021145215516998,21,33.004068569428796,24,0.7692566991223759,17.801634519260855,0,0,0
2555.531552169024,2207.745390072408,3.825764390742679,5,68.43637646094882,28,1.0033816825701556,1.5930451305849087,0,0,0
3494.673923744999,1794.807160649723,11.657603920285286,10,1.8466679363784013,18,2.1885301585423154,12.625540010674552,2,0,1
775.9849317216708,5086.248538314868,4.702022136299224,1,2.0881535142377965,22,2.7101342257876517,39.06522546297581,0,0,1
1160.473007091724,780.2126897821071,2.6506908568138448,22,2.0945202160104253,20,1.0998983291603566,2.5705597968360956,0,0,0
239.31486710815827,240.13037595301734,0.5170440247930386,11,17.146792356771208,26,1.3614271449888848,28.802749637019314,0,0,2
5695.333623311375,1700.7816600712995,2.3784361877248537,11,6.994384164487395,30,1.4056138946124082,11.17831290906124,0,2,0
336.24579802121997,1990.1704308273793,3.0240945325921462,15,19.825287332711557,23,1.3414002867341568,10.726863999886714,0,0,0
3452.011197792666,1313.7129690013971,5.004744746404577,21,7.799798684268103,25,1.3485573522645835,0.6398306558350251,0,1,0
1278.575671362272,377.55366112807513,3.10404923331526,23,14.817071736477848,31,2.1084286513168133,16.55422179439325,0,0,1
1142.9866674466327,1083.148518377187,11.986437302386285,11,22.03588190906707,21,0.5943438693777647,7.807331007870771,0,0,0
882.6221031109294,591.3633884700787,3.645206320071728,20,11.918263375720295,27,0.9397884184171416,15.32602503520093,0,1,0
334.68203366235514,866.526118767647,7.929764503665577,17,11.631753302526494,29,1.5769549044530762,19.877165835985707,1,0,1
253.07092402804074,1584.3800786048391,1.1406318782090445,12,1.385583863124456,24,1.001508913070236,8.902916750309696,1,0,1
318.9018783446081,2081.00132521832,4.121654718975273,14,7.934379129557887,25,1.3696949277565809,3.6725040838597067,0,0,0
267.6001562654602,426.38723237717716,2.397361760671692,15,11.837510241626092,22,1.8863217370969558,1.831836501665033,3,0,2
1834.6889090873558,809.611271424513,8.065025186172855,3,9.297916191452744,21,2.3164865965418806,2.0994303410204767,0,0,1
537.1707692876893,500.3443065162491,3.250989298623865,11,34.65653747156798,25,1.3647600601068992,24.202979372454728,0,0,1
91.49960999932217,362.1517947765318,9.205871010768123,16,35.551822689249704,28,2.2162162402108874,1.5828921359713273,0,0,1
4192.50105983213,2324.4659150498196,6.414060153009308,0,25.882615235707146,20,1.2927158550305258,5.827628311899286,1,0,1
2602.7851640312006,3629.5147455655697,2.955114111408579,21,7.057209954082912,25,1.0817568120067778,4.882536903718487,2,0,0
3173.185464568105,723.6061143495019,1.8752780402818428,17,18.950490203033038,22,0.658858331913541,24.070338227133583,0,0,0
6356.059722859648,2117.134782890796,2.5075451806179796,21,7.545055947159442,22,0.817654178500995,7.794008399899143,0,0,0
249.24043589142238,3439.4708362082665,3.4809000017806686,15,3.971081400308137,38,1.2237089677438477,67.67758784021713,0,0,1
625.4982258726569,2837.4143458487583,6.388156416512786,0,6.298846322154008,42,1.2339986354342294,16.029713151855695,0,0,1
1723.764170577525,332.83169940474187,4.21685255309895,9,1.104127068488705,20,1.3388041112110143,22.83955425340501,0,0,0
1448.954482905605,4725.332124613277,7.120070286606722,18,6.047011358231748,26,2.546188380011216,1.2466361137726794,0,0,0
220.53546175220822,739.0343066368598,9.642099905536043,15,9.263423419388015,20,1.649465230360191,3.501923893489655,0,0,1
2050.295603583578,651.548387883002,4.368350014698706,13,46.67755276767241,17,1.6850351704793076,1.7465008580268035,0,0,0
325.00480068870354,126.69790937487994,2.039790010812965,1,5.640282245985448,20,2.537530336740685,7.47499309354853,0,0,2
324.0413047635717,1028.8048785955466,5.420505500883361,23,34.91139740264067,32,1.0591020131422149,15.20241827538563,0,0,1
943.9675811490044,203.1391993965575,12.782840216087912,5,3.898246554972272,26,0.9964424213457739,2.222423797021809,2,0,2
1098.5534290243027,458.6055896786533,7.37003386025607,21,3.1787687605685515,16,1.9916878363877508,1.6734697859036927,0,0,0
1061.2470146353608,601.7646207216193,5.158877850320461,22,10.97817844251022,24,1.4833948206438325,11.44195468535539,0,0,0
135.1350835652165,2511.8594445129647,2.2474297833313277,4,16.744529098820266,22,1.1999279521767299,3.1412522443683373,0,0,1
2539.189773549708,3155.037608630381,3.734456189521126,11,0.6801745352685021,29,1.1921712921054144,7.831552440793718,1,2,1
390.44179720041865,570.3067141121068,1.2061265840019473,3,3.747431811789775,30,1.1402096299200486,0.62964651090254,0,0,1
186.4455931632804,2965.285039744956,1.7876567836710144,21,9.12337058590711,30,1.1730431364146623,13.696213883139926,0,0,0
2655.14971817604,2949.7903511941668,5.492244248786307,23,6.029665502477528,21,1.2200389334930568,9.352735094528011,0,0,0
3758.811623303935,2200.028323979677,0.9848071761530903,3,18.704304795162148,20,1.0843904458402196,12.509831451461373,0,0,0
2397.7121413699547,267.95755120329125,3.3615403983762637,4,10.735818910656466,20,1.5252595775169697,3.8657316660027643,0,0,1
2009.8249636803348,1788.3374486929938,1.6349399974010832,6,2.6217147783467527,26,1.64644210737858,3.918787619376672,0,0,0
1297.895001438344,4381.289590988691,1.8584668056128102,5,33.73074332620987,20,0.974457817903607,19.395165857865578,1,0,1
980.4977378838785,1751.1074414358477,4.421644073890462,12,5.198868102400016,25,1.7525086425915017,15.214130597048726,0,0,0
129.20587610282098,634.3405360488985,2.510107056808703,3,19.702971181726685,19,0.7345121508911051,10.402256492909405,0,0,2
650.0173998923178,1071.459730736841,1.381484112146518,12,22.70617475459069,13,1.494068484521456,11.870966240301783,1,0,1
579.5744943567394,1586.5229304551337,2.880636878636478,3,49.51662966534246,15,1.5242472650067256,1.1851768484925205,0,0,1
380.92690817154136,1101.7719981201665,1.3411127898003272,9,10.352498401110504,21,1.1811727255118842,23.26958762164384,0,0,0
1562.3066959964822,221.66984645088297,8.861798661833127,19,14.35026709444942,23,1.2497653402297044,17.63126216916448,2,1,2
841.9189807011843,591.0893003081572,6.609410077554121,0,6.116733461759281,22,1.1125021110201705,10.713572417746928,0,0,1
121.42333668267025,2462.235608368205,6.591057802098104,20,17.006410505305876,22,0.996944010374589,30.099842319327454,1,0,2
318.43551341649976,2994.4401051192053,2.3342680607384505,7,9.33707348945191,23,1.221649947072433,2.2162781786737202,1,0,1
1399.6041531166989,251.53246623286054,5.608077637782443,6,8.634525783252446,21,0.981650711318284,13.925496885419268,0,0,1
115.02180823389477,4596.966368272362,4.852512908038155,4,29.013766270115095,23,1.9267092675353856,39.55613990023997,0,0,2
2306.238347653046,628.0827330389325,2.4680232888025975,2,0.7720656027302701,26,0.5267565024299906,4.452920083266607,0,0,0
840.1844531744941,1658.4570534898414,4.0399735541730495,14,32.05128445489654,21,1.1573924337379466,0.18492536885315153,0,2,1
806.0661649227092,2120.4325869397876,1.1562477139488883,16,28.665224907106396,28,0.5710350257431248,15.930305440461384,0,0,0
1096.9856919056897,2536.541056604512,1.9146080449828446,22,10.589421611119384,24,0.7980852542036326,0.0840576106762321,0,2,1
2109.377495533372,4401.220196480528,3.964893801633851,12,10.106135785994676,25,0.9697435676526148,24.718834372435687,0,0,0
532.9017607342582,592.9558310985634,3.00074615426507,14,6.736726653457152,24,2.0872239996107096,0.6953794410994023,0,0,1
1379.9046775074212,2963.251767216873,5.296913204304725,18,77.18083296645369,28,1.9376432979525162,12.69303260261874,0,1,0
1020.9120092419682,241.80437855274965,2.5173892280150834,19,1.767728057244462,30,1.257438818679211,5.682052569712166,0,0,0
392.77777472128486,1861.3778967940202,3.3194551351198456,13,13.381848331109211,24,1.253005502732833,2.7279373383921692,1,0,1
2550.69372252843,2062.064067108928,4.191165898181952,20,17.17054662304064,27,1.8496478810724721,27.423828142958097,0,0,0
1935.9801605032792,1728.5169048315345,2.36402886344309,12,40.84669805856068,23,1.920415994185303,16.456672820081938,1,1,1
1309.1198832618513,466.1597396856847,3.279779232743111,11,22.72579719608401,26,0.9705242219192707,4.994198295777596,0,0,0
2301.206862249928,3125.8619857883104,4.830479216121086,23,15.485931519404012,28,1.598562417596346,4.011467420679247,0,0,0
2443.544765864636,307.4327666635827,10.392819501239805,22,1.8632632383367147,19,0.8331184619564916,15.982232948548504,0,0,1
1498.6943850911732,112.69009343353682,2.3746166776112956,8,7.0196895975096645,20,1.0452056181496803,21.73650217373694,2,0,2
2196.904220745119,1925.929213554725,3.0110350204872787,2,2.2421530313642757,25,1.5491114253737839,15.099055742660672,0,0,0
1454.6955972463807,997.8953271331249,7.325051998329085,10,31.956315801494227,29,0.9388684674287978,12.259455810283375,2,1,1
1387.849150074638,2866.6871876223076,8.453277762645607,9,20.771701956010187,36,1.0597190648286197,3.1040787297415724,1,0,0
1176.7237028266259,755.2951903767561,5.949087723261113,0,21.25357917367243,22,0.6290814743280633,22.991881600267426,0,0,0
1696.664469951277,306.3866042840987,8.321560683128695,16,15.844352865797038,30,1.4627648753113989,16.619318498061453,0,0,0
227.2330105535348,2745.8831823870587,2.2752432568146914,12,10.6100162858321,29,0.8581090546109318,8.739680092248118,0,0,1
2573.055581662584,1224.1313793718462,7.841683329652248,13,2.437273235810716,30,0.8794550856177485,8.599145763308162,0,0,0
2485.4039865715226,344.59301244500335,6.7551530211526565,0,6.000334159192547,28,2.100329990480999,10.104584713358996,0,0,1
55.62021385162642,1941.507060896738,1.8386756597362233,1,2.208645259701594,15,0.9278041835486863,21.14242845102576,2,0,2
2117.1768515303766,1103.437809094472,3.353532375701353,1,19.360025805158088,13,1.650361940151623,16.269626444013134,1,0,0
185.55668888450677,1420.6976091283175,0.6510129111238384,6,2.619386649698682,26,1.8958955983514945,23.275737302241044,1,2,2
509.7763790111703,956.7766709947374,4.6018695372091765,8,18.165643589037362,28,1.7628281074672567,8.49383811407794,0,0,0
1652.79056379289,2676.586979949132,7.754509150722453,23,17.677275404609215,24,1.105543232592666,11.758726176257229,0,0,0
230.3101216754758,2684.0818257663545,2.9016780323556848,3,9.223484494780255,30,1.0295498901778877,23.136873988514374,0,1,2
2064.2809065902866,1883.6535941056648,2.010642780629401,1,2.179352205226634,22,0.8476168629997144,3.1725885326228402,0,0,1
2161.5083564146685,197.07019149473965,1.903546062485569,18,5.670685773239473,22,0.6037452393913495,7.044290161544804,1,0,1
869.8343663715164,2768.165453493485,4.149384692450151,4,5.786991229472829,19,1.663445810856086,11.631622969080714,1,0,1
27.6876183408982,1697.605475253659,5.915682827758334,8,18.07886109327094,41,1.6013989635052015,29.60191415225088,0,0,2
425.9928112542261,1821.153348664796,10.524829743884606,23,1.8112248693565844,20,1.4781480807587237,0.19155288449314817,0,0,1
1171.435393236486,706.4380284469652,0.5965141772149378,12,26.497398644073133,28,0.39248702755080356,2.8678177423841236,0,0,0
4787.796161569289,3201.4166818462236,9.758653693878513,11,21.46983345578672,20,1.1378204180422111,3.205936949935748,0,0,0
1218.998898906876,1968.5045530354414,4.765096271680617,18,3.0925805015208345,22,1.5711606134289884,4.745215231680579,0,0,0
381.0076364121404,209.17304541840545,7.530524674538222,8,19.049786540368768,24,2.043412589820041,3.9718628164957837,0,0,1
1226.1650335298605,815.8106587346874,6.511013299761835,9,16.56250849870967,21,1.3765300050137192,10.703240135515424,0,0,0
951.7964081332055,3292.3483763493296,4.3213542807669425,18,20.682085078839666,24,1.3199013598778409,26.018776209847697,1,0,0
1836.1102761553586,102.52019887864789,4.212999576093045,9,3.140987015333324,26,0.9309618148487974,12.159496832432076,0,0,1
155.77642075499486,4912.400483856107,5.39396246799412,11,2.5723324471517333,28,1.4210872344750662,3.317369950895083,1,0,1
1737.6901768837795,1735.2310912515002,3.534483696659631,13,4.047317699737722,27,1.1110069479811346,23.919417163237696,0,0,0
955.1432228838673,1526.9670959782773,3.7319389095153355,7,6.832559760800525,28,0.9123367257190246,11.99756130703413,2,0,0
3975.945533321199,503.2157148390033,6.098653915206073,15,23.673811883161484,32,0.768764868766247,2.965579617411175,3,0,1
522.0273079869335,459.1086304341522,2.3682058631212763,16,20.08680753582081,32,0.836702782524792,5.3867335579584275,0,0,0
1221.6364368140278,4302.474835276019,7.969257055507267,19,38.94459894796677,18,1.3909239666891546,18.725762104228522,0,0,0
3246.3931706822614,561.3150926035271,7.569241770778577,3,0.9062782438957944,23,0.7010675844193577,16.115654807421055,0,0,1
149.78359719832955,2270.854748221908,3.0220447603783747,5,0.17435360651959958,24,1.0858432690596338,10.31275537042517,0,0,1
3341.904712206522,779.1407461223916,6.1366248171054325,11,18.016595233103725,22,2.060860742594605,1.8765830446979153,0,0,0
1417.2630602695629,254.9338591812653,5.654769410825834,17,4.912724506767639,23,0.6882195634625324,19.5122537262585,0,0,1
104.29718034932996,46.159679885387064,2.802725411991834,6,6.098761158320782,27,1.4618505051377133,4.410101470548767,1,0,2
449.6628997138878,1208.7404464871365,6.420549334469622,4,11.87139330123189,34,1.5202454352485195,17.719773331135144,0,0,2
1497.909194145575,5610.791643103332,10.186222085444133,9,1.620680468398276,15,1.0870670451910014,12.514715353453571,0,2,1
103.67111287371358,720.9979166801405,8.135234550141936,5,15.437458309277947,19,1.566516046058921,3.68107857540027,0,0,2
1067.2180749139566,692.8645788451498,1.3682129916097787,13,5.898915762477201,25,1.1329048456126907,2.864710350655405,2,0,0
529.3629578136333,662.6012417211903,5.779457735107891,5,15.024262559611003,32,1.678852835249902,1.68370204150603,0,0,1
1183.9954285698018,1132.6542176830083,7.351249151868752,13,26.937137047697526,22,0.7967348219309763,3.324011614452237,0,0,0
76.18548713354582,901.5097387070581,2.672597150222025,11,2.815041468330638,20,2.600281938704858,2.06126668955581,2,0,2
2482.5354138522953,3209.3285178222254,7.970170566413162,21,40.0771684587026,26,2.170375587966366,11.518249259864177,0,0,0
4376.23325017321,1086.3752621336755,2.4553794616177007,11,11.347316806255417,28,0.5006306647169901,10.959037769419895,0,0,0
4183.802797390101,1093.176727164309,3.5095759090596217,7,38.445182733887755,32,1.9522254299684774,10.587659948756146,0,1,0
1681.8831883534758,253.39677843692166,2.526583683312843,9,3.4927970989179187,23,0.9696617097077358,12.322974533752761,0,0,0
187.23343860056693,6119.005492813984,2.2291564077347905,15,13.916444225004954,21,2.1662637901343422,20.23482540415521,0,1,1
1723.886877392432,461.4688913951805,5.388487502899106,19,7.759878440805602,30,1.8285947964676625,29.37864519446016,1,0,0
49.87306673901358,144.29179175833633,1.4742721850591098,7,22.323058650353925,22,0.7906760766412472,3.1422311359812523,0,0,2
46.84633728136863,1662.159624065415,3.6452179235830977,8,13.967599316849794,29,1.537309982089394,10.634216705006775,0,0,1
489.1829242606762,1387.1598584405717,5.390227965749033,12,10.2335672782883,22,0.9228051293685565,0.978897444710785,0,0,1
824.8252099060162,834.5886659031332,2.5527860863322505,19,36.62519148333576,24,1.5146968888383623,1.5359429565436353,0,0,0
1785.738707100628,852.7710752953802,8.8106384266155,16,7.100950227273453,21,1.2441024223978758,12.747571900774773,0,0,0
1399.7428722689826,2336.1219033775837,3.8463331852560128,18,3.726539719272891,12,0.9122911975573088,7.999945792106276,2,0,0
728.4979848748502,356.69799127279913,11.160972074809486,16,14.051274033564148,29,0.7154865256844102,17.042289058588718,2,0,1
403.62939507008844,2604.310120168392,1.3378151192282728,6,14.673626538467312,30,1.3391419502930038,6.654769927806688,0,0,0
7041.834513988375,1599.3732625484263,5.525561827997485,0,8.673045803829826,30,1.47053894459015,1.6380650216110162,0,0,0
686.530148132041,844.4287485113854,4.842188054252767,19,10.000793607366942,22,1.1466691833714513,24.673731281908534,0,0,0
740.4344581094515,948.8131155923697,3.2491000478341343,13,48.116595704230676,25,0.8961477432497345,1.038314286078321,2,0,1
234.41215094546683,474.8767872979861,4.3386194440183825,16,19.789951907130128,20,1.0067369556423098,2.5133235414010224,0,2,2
1920.58004076477,2122.18148708771,6.051040033303839,12,1.7581525528955995,24,0.7878152746005473,3.891768720585138,0,0,0
1439.7586856438886,1108.8509794678391,6.775258522372525,1,3.576334009582861,21,1.639581701626714,64.27290123855455,1,0,1
319.33823534381116,610.3799274173674,3.9325855321644583,13,55.68322499691304,25,0.5149258166764634,6.471932110401662,0,0,1
123.16766828285445,1389.6966864433994,5.570904928265186,0,19.44491578710473,25,1.7872711117222067,8.358841116032295,0,0,2
1389.1949848846884,8215.776945950733,2.3596297077618322,4,36.98452588929529,27,1.1848603803211586,17.620300373471004,0,0,0
1295.3541133077715,887.0908010952791,6.856516366999888,6,5.43309888692291,30,1.5047948320553128,12.140925378787607,0,1,0
403.0230184084876,3831.6130756664497,9.858377267326793,18,20.31419671485837,31,1.565026019334172,22.098005334066492,0,0,0
3635.785287662131,664.7186302288287,7.1821650020577605,13,18.77659407853585,23,1.2800725387006813,7.996508087448936,0,0,0
216.51713983358104,114.43131250204797,2.5305163415089367,23,5.236767537906119,27,1.044970155142678,42.98300366454903,0,0,2
699.468167004094,372.69043969659407,2.0841616658153397,13,12.00485100252153,23,1.9011390341114058,19.123504796479146,0,0,0
3470.6821193595856,843.7199241947335,15.363710185078059,14,14.809355668770943,27,0.6150032617447945,6.157246370096953,0,0,0
673.1085712322601,401.9901427977091,9.468002802803218,4,9.841580982571703,22,2.055906986742172,5.761070821532142,1,0,1
1241.0780212761233,30.34059599300021,6.7905591773591025,4,26.3324580726762,24,0.7793226336679195,31.824211697096395,0,0,1
628.1891636109675,3727.68317070427,10.250111276818753,20,26.834663895362638,38,1.0722474277992586,13.839950812522492,0,0,0
404.6020760802575,2815.6898481256376,4.244850477720661,23,28.51697514470942,33,2.1652266520868784,11.656366600383434,0,2,2
4980.524634958129,2063.893524314236,6.713629640836403,1,24.40055942949249,23,2.9795904469557257,17.01741542745785,0,0,1
651.8054910145079,305.5500318223017,8.75457532052419,17,10.043905629539946,27,1.3136223012231578,9.874528966385364,0,0,1
2714.3030082177584,222.36991749886968,3.5333013128808366,23,7.205374974822867,24,0.7104603252116587,2.0803433038354626,0,0,1
333.56697498066853,134.99769847159988,5.77678031889726,8,26.701283659779033,24,1.7187027116139797,4.614112963343445,3,0,2
307.59209765462947,1961.1902629218293,8.172944264879256,9,10.106094721206578,24,1.2024826438444134,9.795847943331363,0,0,0
57.954858914666,3993.561411343862,1.9726990668554472,17,4.242834051777502,16,0.7986642242716314,0.22001858768097893,0,0,0
1285.5150306511875,874.5890954319867,3.293140054079357,3,10.619147519364475,30,1.333314684162946,6.901185200649129,1,0,1
571.6388650066416,220.28600833399346,8.06183483326684,7,2.294642431236892,26,0.7233256084061679,16.917354096261533,0,1,1
2417.285670592152,1107.3677367004268,4.928007678240405,17,17.64679899562502,20,1.3205110651309981,2.152879377455153,0,0,0
789.1437376433764,673.4811951516025,4.5114475886425875,19,6.140318771417755,29,0.8452714975711276,0.8008457982240665,0,0,0
4157.698809440961,734.5853211484576,4.165287269916379,16,4.529936362203386,20,0.5558843691565918,21.696798651722688,0,1,0
266.2546139130061,1486.6377208145473,8.57357455108686,15,47.02793135956573,23,0.6283301217505516,11.525227282101309,2,0,1
2455.6226056758924,1932.596935233374,2.1406394242290676,17,22.500749978328027,27,0.9578740267705924,2.331451590644799,0,0,0
1818.5327656091572,205.81837097902562,3.138504115701126,6,23.2018420558444,25,1.4929397678877192,19.697645061254228,0,0,0
1788.4304526680435,84.35850436723797,1.4637655887802643,0,14.661404481590937,18,2.0170332309081522,12.879878222350637,2,0,2
2255.5191329775066,7788.929319587102,3.4583365165501485,0,27.41137271497306,20,2.1619844865056543,4.879736496424035,0,0,0
1737.6705351244725,427.3715502098163,4.772205352779111,17,21.35449152843421,24,0.6671109365426081,5.663033981886126,0,0,0
1200.9065005082766,113.00036524523779,0.8664171256767261,3,13.698445230080392,27,1.1164872190451387,2.0336434211085774,0,0,1
188.83278311309897,345.8506926943637,2.38706102011129,22,48.71082783225162,15,0.9568638904831148,21.64032074303426,3,0,2
59.680296019982855,89.60550991832672,4.923144158973592,19,3.1903806926151232,37,1.1705475496325213,8.535896380983726,0,0,2
3063.659962177117,775.904125177735,5.719266993722885,20,43.07082054461043,25,2.147243079164579,9.770742867183035,0,0,0
1170.5692273169363,2462.2792864998846,11.642696119169013,19,7.698381565231481,23,1.302728350126442,25.79753533128057,0,0,0
1930.7270467179674,656.1041306202505,6.263866806931125,3,11.274329320260353,25,1.7282455901509333,0.19148710791558538,3,0,2
808.2300323237536,910.9753614546033,3.8300912293279192,5,1.9642663449721338,21,2.958220725029291,0.8312114288759693,1,0,1
169.73499700880964,1718.605778377651,4.688804765101597,2,11.65143569478766,22,0.65315339028899,2.1148187565959455,0,0,1
180.4924989396061,1096.6431468274634,4.79452210546165,5,14.170613586555854,15,1.010073901031831,0.3659782897157641,1,0,1
1408.3745779336537,2994.739307307099,3.142081590977135,12,91.13275098547884,36,1.534938726589705,12.880814934110916,1,0,0
695.1868639090284,3045.2726192428836,5.060205804913643,22,55.44908501161283,29,1.3588253014885632,12.057512134865854,0,0,0
288.55960986996337,44.94020002091632,3.035219467802023,6,50.89722924422033,29,1.8579312011942695,2.8408549925902307,0,0,1
831.7712160911972,2287.9297599442034,5.2238117714935415,23,6.424591176802866,28,1.0475757780960475,1.9418504767508362,0,0,1
99.6356609521516,956.3183730200576,4.162431389109151,3,71.10883394101899,17,1.3263061155150695,1.8894594145018695,0,0,2
1066.6465187899407,6773.201740676678,3.714925816471621,0,9.117708176779793,15,0.9025883715404718,36.75308841341558,0,0,0
395.9993559349489,1020.242092143563,3.787986911160278,5,28.64155885599019,16,1.8692651498340505,14.190627587995976,0,1,1
1936.7687480383543,6532.250376480591,6.9157160526009696,23,3.656316985283726,21,1.2421417328785989,10.566127375186433,0,0,0
465.9060766162326,2137.111353054577,6.51121801244338,4,10.573231886952513,18,2.141503396535371,4.6719161880787885,0,1,2
748.848211034375,458.73546981979695,3.585389970708405,12,50.72625879188356,18,2.1477664140320036,6.809665979336814,1,0,1
34.026303261117086,1189.568530629063,6.751812834994496,18,44.07083903620174,29,0.7315078722110505,1.123896176402018,0,0,1
110.24626676803743,7298.121078980791,4.108246961759288,3,17.26761634377243,28,2.284125080330049,75.52308877559268,0,0,2
618.0709965028607,2952.942140378916,4.150803375123194,23,23.978532127504945,24,1.7725773335694037,16.882151522372332,1,0,1
804.5706185360152,183.65867031929562,3.1440256934305233,5,2.9115407831758935,24,1.147260810596143,11.656985444774069,0,0,1
1119.610524190296,1868.1624121162338,10.917999816082615,12,19.18360019541998,29,1.7099959510295297,10.63400434910964,2,0,0
433.8016580893498,666.0079484924573,10.236320254387149,4,14.437015280027993,34,0.9968501415020667,8.42176041342713,0,0,1
1444.860937267023,40.510127902086694,2.6862261355608172,12,1.4402600866336246,21,2.105216346028819,3.5716160709133704,0,0,1
2380.385005283723,804.9662003336734,3.4410874505198388,9,1.8013436413522845,27,1.2708346350211375,3.080255158539421,0,0,0
1836.140766437085,431.3377189765027,5.482670919309682,2,1.7217989914339311,27,1.7422575208668014,9.569631018769932,0,1,1
68.51001967724379,2592.8043691565667,6.13027500634816,22,19.329727385420355,26,0.949004521969387,0.8734397493984128,0,0,1
805.8822098025299,647.2186035636433,2.004647816097987,12,2.2922896417462644,27,1.3670883710101582,0.9286751487666058,0,0,0
153.02426097145536,2666.2431122984535,2.271995259142398,11,9.45912999665051,21,1.7408573633700537,9.873976342245538,1,0,1
352.5575393416619,30.89717650726933,0.19320613820039026,3,6.6237338919724404,39,1.381403791685403,30.28058402946267,0,0,2
5200.61918627532,581.8620204239137,6.142381414467359,9,11.994429555899764,20,1.528916781256096,29.478888588971152,0,0,0
204.47468260767036,443.9567984109332,1.3582047420562533,2,18.38696296851269,27,0.9013167688391871,0.13064824066916975,0,0,2
849.111147450809,429.01269885016916,2.7031274703599424,16,17.314532904679748,27,1.3796294648813654,1.363322957601244,0,0,0
1175.2909219535438,135.93408021939425,7.390947481730513,8,10.870184319219302,26,0.903176371272381,10.498264686124863,2,0,1
1474.6679778292857,340.76555287675285,7.183124906877842,0,9.363691160344404,27,1.21246475232768,22.644112977206195,0,0,1
1004.2189088457327,1246.3751228244944,10.56136585443722,17,7.607873402773656,39,1.0028307360759965,37.067095248425474,0,0,0
31.78267446147587,546.6137291211169,12.69402932067671,8,29.69773887184725,29,1.1254122442427033,23.643363426301978,0,0,1
494.25180319743214,840.3682179893035,19.098709779810143,20,6.026245890075884,21,0.6061361380764818,13.58403613697179,0,0,0
895.0557122872199,739.4926617222364,3.371983055742753,19,4.503726920626404,26,1.2344017451705944,2.6856013654888056,2,0,0
130.36270052486088,3160.0609099433013,2.8357309962565544,8,20.398613249680373,27,1.1699816639821887,0.9047215479278761,3,0,2
538.0974693004191,3565.546063102882,5.617442624457377,1,6.688763697172815,33,0.6662067570549323,0.5841809024072302,0,0,1
60.52021484662886,1048.7391156948122,1.4931046022729395,18,28.15962308577453,21,1.400047799010942,11.363374289549531,0,0,1
118.2052275297047,631.0655330331107,3.6677816940572225,15,5.959970323538214,23,1.6996276016026532,0.44231580998232756,0,0,1
626.8530242427138,199.41832079464652,4.763689150733387,2,18.15714985771592,13,1.3855672580404612,16.129856015683636,0,0,1
190.86620710959366,4629.324793612378,5.888439345656268,15,0.6923713158500935,18,1.6724233791929297,14.957167689566628,0,0,1
1025.9208847017449,123.17529541826825,6.291954721232093,20,7.3057302372985164,21,0.9892655228264433,0.9955041820588624,0,0,1
1423.3502757901208,559.9857283570057,3.590915303127158,12,6.306324964471992,26,1.1217466673274383,28.453241001318172,1,0,1
1954.8508629329112,560.8742745962555,1.682763010792887,2,25.447727132818823,22,1.2581849927140891,8.85595950822328,0,0,0
287.9976491094166,609.3791725230791,1.9835647290676308,9,51.19392021195031,17,1.2948516653564308,28.175831572283997,0,0,2
239.96136216209234,299.2047581050667,0.7680011327083858,21,9.267291996785085,27,0.4771765441133367,27.82580012618635,1,0,2
152.5385807420908,2322.903185393705,2.9093693366679285,17,26.130512749498664,25,0.8450544192939662,2.633315840593577,1,0,1
1234.1409376449565,226.0138307086339,1.4642850361896877,5,18.044334874783775,24,1.8238281808357353,5.747614718013269,0,0,1
1490.9539274139192,1541.4033446176,3.055024477562065,5,51.34519885036866,34,0.8932101817129964,1.7351265712799973,2,0,1
58.51489608323853,228.32015233585687,5.58173007159574,17,24.998738681576043,25,1.106533842843727,17.89868578590942,1,0,2
3322.6328653386904,139.7202197419701,1.7147944457630966,5,1.2096618992555008,27,1.196198283561097,8.41717475781797,0,0,1
84.04458281480964,3632.440150072389,4.5902331792173765,5,18.738827346091853,16,0.7145226793691977,31.708426346659195,2,0,2
955.2210657147465,346.32002207501694,3.564400958392768,21,11.501896621121531,28,2.298060887816281,2.8015879205941343,0,0,0
1501.5680048734869,2612.6519431171023,5.396440432594777,12,0.24858942681483842,27,1.2062014163095138,13.99117426007761,0,0,0
2477.244262945713,1209.9703749640028,6.217751543577475,13,4.341513272954034,28,0.8671143977636877,54.37949941242772,0,0,0
1522.4809674464316,151.5816733309237,3.4128145839575637,20,38.218702213591484,24,1.583096277005807,13.13716188320402,1,0,1
1961.739047116071,4696.653794492822,4.339906371745045,6,39.067798378080596,25,1.0847075318993642,0.8550385116311647,0,0,0
517.6192989757203,455.4577221781218,3.5740476455711225,12,24.055600026555044,36,1.2504586204304715,10.653149224916074,0,2,1
2043.745483217508,2975.374218231331,3.1218742984838155,14,60.07820420103242,29,2.1458636883892135,2.379110261132193,0,0,0
120.20773970979519,307.34531554156746,2.6047585721384467,11,24.640672692254675,27,0.9836576166671348,0.3717320291893763,0,0,1
2722.460382542259,2915.6362733598044,5.861146481076645,20,0.1538491036348336,26,1.9292165680054687,4.894909659312658,0,0,0
971.8060194547154,49.97563961456167,9.450066598348169,0,5.0916708977600305,26,1.0651558711202342,3.712656755382304,0,0,1
2059.8771315986223,1105.4851353263366,8.776110674547603,2,0.466543521814228,21,1.2552081649586333,18.657743363328304,0,0,0
742.4731663220557,2230.883001645566,1.5868979862467414,17,1.4825272624885346,26,1.3788527064192766,5.614736643399054,1,0,0
1257.9668020641066,4125.340593453037,9.344502671311949,21,3.704644955783608,34,1.0641266555350941,15.844227023010653,0,0,0
916.8773767505235,3628.679280232205,2.1755406989288444,7,10.504345807910711,35,0.8132680595362938,0.19646747312170904,1,0,0
1598.2854019843048,2599.0748079896757,4.764893775666616,1,28.212008455881488,31,1.4641416104907896,0.17907514220916693,0,0,0
122.1858798667474,3316.4495218810575,5.324078053493923,3,29.70391088135692,19,1.9128510262856193,0.357020185387863,0,0,2
94.70003758281808,363.25295099537715,1.2674772056323924,17,14.36457806903048,28,1.5694457949068477,2.97167024207722,0,0,1
360.59258904789965,531.4988120985327,3.8392502282745817,12,39.5030362285023,23,1.5514202969982345,5.6206247440617885,0,0,0
228.57378381818006,541.5578721179627,9.69756476450889,14,10.399077622653223,20,1.0171091511408736,11.23320188569704,1,0,1
2484.8426684028777,739.9429958365179,0.5338809863737222,1,32.97824778486175,27,1.6085678414978308,51.15078932719214,0,0,0
316.9449898166647,779.6323722086945,16.06647432343485,9,9.07883741207349,24,1.4095310650875328,5.251079771179585,0,0,1
4488.923371320912,1209.7215432523553,0.7344505838888655,1,4.869859782679039,21,1.7248816180209188,0.6872142061437735,0,0,0
512.9877491977152,291.3153878080363,5.237775259266736,20,37.22799440345605,25,1.2705780704439202,2.601467837741028,0,0,1
261.24452477462347,1792.818878320317,1.3209817520693545,11,7.363753749066529,29,1.5507009150740156,27.37597092067761,0,0,1
1891.055717113217,305.10298112156806,5.779306647530853,4,10.499680198411433,28,1.006730367830707,14.4228669160863,0,0,1
1310.0194464098224,587.2662853090848,8.541966353255608,11,5.981676936462305,38,1.6130819344280707,18.73925412913794,0,0,0
847.4541304681205,1079.789882836715,7.163822767869033,22,16.3078584968753,27,0.7379671912124136,1.5909746650957617,0,0,1
992.5979589387448,2417.6958536716725,7.8966569791402135,0,79.56872924013642,17,1.0683704798547038,1.7401287624809827,0,0,0
1544.1427276747595,2047.551477290343,3.585120672465549,1,0.3876699529902425,18,0.924097315207335,1.428727318739136,0,0,1
331.2319348240481,1585.7157792418336,1.3945051806663784,15,34.515994605069345,22,4.964678595770258,23.35313179415654,0,0,1
6750.357478457246,284.0012577960896,9.656679545160406,21,0.05900676273857979,26,1.585426417611042,2.828175992495393,0,0,0
4436.767973468114,1217.9448888092277,13.917813896965788,1,6.793726253056952,20,0.7917387485464804,12.36533573581108,1,0,1
1280.9037081590682,167.26285061931756,4.607753852434684,15,2.7697865810595044,14,0.7067402742638641,8.712169957660908,0,1,1
287.086134162672,740.687817726515,3.307027977154199,19,21.241519957849043,19,0.6075746436144848,9.43341486176815,0,0,1
1388.1773543304425,830.4161938851191,2.418507283824985,15,0.7790473719773731,29,0.7742271076740647,2.6094475888279445,0,0,0
109.92484620115195,90.93839484538506,6.878325206337789,5,12.094232709810523,19,0.8697881960855254,12.102388577220712,0,0,2
57.358539828343375,510.28330856557136,8.128945696822083,12,5.241790604562792,23,0.8268422802162976,0.5286833367371268,0,0,1
377.57450376667583,4703.44583740371,3.308058337179656,11,2.152345018696129,26,1.0132316197382731,60.38036377311292,0,1,1
765.2663622481267,4636.738232622213,10.942182850474218,22,22.16418978563135,15,1.70540159848635,0.32548132587809475,0,1,1
2452.4239102290085,681.5541350898045,6.521816139401057,9,3.6773262017019426,24,1.1278888477508526,0.6174970519934948,0,0,0
1578.6835745814667,96.08475007863342,4.572880816366248,4,3.7977645779478677,26,1.624435783333667,4.710244602970996,0,0,1
1649.0454856991862,326.0217222932218,5.348453341616563,7,4.8253431040716785,24,0.7976903785145629,21.37876508655885,0,0,0
685.0922952888966,776.9080111104644,2.0272072002181827,5,13.256146633962997,19,1.0481023820732396,3.5677671106033713,0,0,0
529.4582392273792,4458.42589787073,6.829443848025204,4,16.167413848669014,25,0.8392923449054503,7.662431074907085,0,0,1
576.4227806567565,258.3271838194842,2.1335794351689734,19,0.2663893576019131,28,1.4580334225489355,0.21769063862577714,0,0,1
5292.876669819805,2192.811098323242,3.012201637578463,21,4.153498861628625,25,1.1360283586343445,0.9859705920685979,0,0,0
69.1228904527144,202.5819269578939,4.122365471111534,5,8.457354041527477,27,2.4824133261037002,11.23688198491963,0,0,2
2441.1715901068865,5995.448603673032,12.614160609246792,21,6.0514890493207885,20,0.9341010693165972,2.5933966390151912,0,0,0
1057.222089623195,750.9696935754498,5.072987610813711,16,32.334560478055664,25,0.8058632412901545,14.220029142570741,0,0,0
712.8188972415915,2269.046723334388,2.299523626917775,5,23.246940545235226,24,1.3753330297593978,18.46725992029842,1,0,1
1570.3058809866445,659.1735802748382,5.361431302885014,16,14.748089749536025,25,1.1382762268651248,22.79220560453605,0,0,0
820.2011643190568,1511.9575581931151,6.277031781886203,4,6.188306964014108,22,1.4933242479452118,1.7236642313213233,0,0,0
2500.28760952132,349.8196912735003,8.957018876949782,22,18.093247034208165,23,1.1916407748714921,7.294836449205629,0,0,1
2791.5541755444497,266.77304738456314,4.2622283276854285,16,27.833722939473706,18,1.154565095585862,35.268016057710824,0,0,0
677.2384416248298,4202.483907861588,2.566517696368145,16,13.551742173314059,27,0.9350196286487558,17.745313576838555,0,0,0
408.92948850217033,3775.1156515599932,14.637691261041784,12,23.019233662548164,24,1.096544799022976,1.4926225405595364,0,0,1
1096.8165463290911,3306.7890126690936,5.369022232416379,21,20.74080900324582,24,0.6624119666445066,8.37792257859475,0,0,0
2941.4671274283187,1502.9786829783527,2.310438111073011,6,12.720277690532034,32,1.9720379490806352,30.67125178872834,0,0,0
303.8730787400295,2507.4867254903716,4.236834888826725,21,5.613491700502652,15,2.0296660992647504,6.9586535187733105,0,0,0
1190.5057492394906,137.30351541064488,3.0133069634749194,20,20.543456008008178,21,1.777134818082159,21.79884459825259,0,1,1
1218.173600270652,641.4765875903643,9.28885982036342,5,3.4751295203335477,20,1.0170060826512866,8.218427783614526,2,0,1
1605.1160181522266,594.6674731895557,6.239116560887823,13,22.67707102533808,27,0.9499885099662058,1.355493991159382,1,0,0
189.2787556431925,1544.4412432730162,3.4760714174504255,15,24.486506438563126,27,1.4912849981688299,1.919981904838186,3,0,2
1529.7978909525318,689.9864788235665,8.131944618348308,2,25.901789854225445,24,0.8347243502231574,0.5736023375932676,0,0,0
2896.703847547094,271.14561489105824,4.007538130812381,8,9.605929429387789,27,1.9244941432012341,2.607648721181315,1,1,1
257.67747293617344,1391.2457956693618,4.170979836054131,14,3.2068261074955795,22,0.47121539924756717,26.8881867412211,1,0,2
345.45151002459437,2556.112242084756,2.513964866514899,20,1.5758017765359984,24,1.0194113192462106,12.604657562422208,2,0,1
4285.012446633814,752.200006074335,2.49903297941117,17,20.40128740279454,24,0.7978480859191968,16.11224255548129,0,0,0
259.5716657061895,242.80978778698696,14.056607622296347,9,32.607784649075555,20,2.0112667979754715,11.663590457619012,1,0,1
2332.1477213079893,358.5185147384038,7.896548461257873,9,15.783304632117922,26,1.8764653122697912,5.8636687529696685,0,0,0
833.3851310642589,436.69631382065256,0.8884615344203054,22,2.3350786013932376,19,1.5307370285960338,2.9333429515862166,0,0,1
360.79636399324454,564.7929883752253,2.0938773543623013,2,40.97664265491161,21,2.6280720645520668,31.18194453594424,0,0,2
2475.2072020938185,1574.1684445511141,1.7659637195865046,0,67.78765990424165,25,1.2263040317641023,8.679065805108182,2,1,1
727.204790671947,1407.9858617910793,4.512092879197128,2,8.520959110248922,20,1.5722428518152887,7.872526364135072,0,0,1
887.8758429213417,1816.485471917134,3.2230286207294037,4,13.55155380578907,12,0.6446580951650533,66.57393159692224,0,0,0
554.1079510133694,705.3061724175152,10.429377421935236,6,22.52413179467095,28,1.074598620045692,5.812736000320436,2,0,1
1098.5856112220943,2635.886913662927,3.441172735165013,2,19.99925616547574,26,1.2763668244222939,23.10008816426471,0,0,0
234.26875714115764,372.39933942343055,13.199781766980184,3,51.53086709216647,23,0.8464662076393715,23.79597477242756,1,0,2
615.2850876361683,979.6049970104714,4.091332707826107,16,1.8305331333414352,28,1.3528439073462069,3.1780631588290262,1,0,0
4204.589650185372,2451.2138545595194,14.932474116483363,2,13.038418957586845,21,0.5557172661420099,1.1957185853300736,0,0,1
378.3030565088074,327.9666454301716,3.7645408649192063,22,17.661492860929897,28,1.4919032596891022,44.5679628154101,0,0,2
1303.1088614205232,204.57003494558668,3.8159501754452347,3,33.122551186104445,31,1.0264938756290876,6.6593546351593975,0,0,1
491.9890452667125,3257.166563832966,7.788685155855927,1,31.085157180132118,25,0.891419953104729,0.026673486957597962,3,0,2
1801.870028848598,659.9463120339989,7.09612532119848,13,57.25055163135177,29,1.6443515174895267,8.294217299949944,1,0,0
188.3201355321641,1757.4032290621374,1.5324462321088932,4,10.764009784785104,28,2.193580779027429,11.588934852770375,0,0,2
4220.73254530928,68.51312212916662,4.584966715255736,20,26.646638624132596,17,1.7449483784695452,17.958039198864295,0,0,1
745.7011065976853,1787.001368814798,3.201870001947783,1,8.360419805716026,24,0.8828721908259155,34.36426867953,0,0,0
343.10425219726426,599.9182329399437,3.0469224211161894,14,8.230868986252286,16,1.5956191647706568,29.60536127252088,0,0,1
111.60526706712449,116.03194650808855,4.57023432169377,10,4.382348309913428,30,1.1025429483121947,33.788123403716426,0,0,2
243.24552812551272,1441.692834711495,3.539176806335253,21,25.57579826085201,21,1.9189399556206812,0.3918298254678485,0,0,1
900.1980145154978,443.24258720842965,4.894746432533553,9,63.833665054274476,22,1.334353069687731,14.928130184188056,0,0,0
513.1820957662,763.6139134724255,2.0207189424451486,19,4.442604929399248,25,0.6771714271977544,3.071998939697398,0,0,0
2138.491860946589,156.0196890100754,1.2437044712327783,0,0.8665277496452171,21,1.1086879226856703,2.4924505520687745,0,0,1
696.4126288227109,268.78070166502084,7.975189850765609,18,25.35503782604668,30,0.877997002074976,19.332384304241543,1,0,1
363.1630843710212,560.6841711202586,8.744621084469935,13,14.522844164975794,30,0.8950386119281508,6.47748682546905,0,0,1
1172.1186998881612,171.06964393450153,7.669619675476317,22,48.17061071205056,21,1.0725370388255824,29.8092945393474,0,0,1
1492.187128351214,3655.7530948653734,4.435195983571718,21,4.360082456377487,31,1.3629958763487828,0.5203412391996453,0,0,0
239.32633722301617,39.098100888581016,3.351371724100672,13,1.1051446861574727,20,1.7563176697962666,19.444823349843443,0,0,2
240.15832415691284,1022.0664847677382,2.7559340221202517,0,10.172172042691201,24,0.9898819199828621,1.7657847674165592,0,0,1
64.83287361137928,227.29573615960263,2.389191717191549,8,1.3401098725112959,25,1.9839113495312317,2.3314257823763773,1,0,2
1619.9961449478008,581.558530996934,4.094408580891053,16,4.552904152610656,17,0.618188769485249,7.786158448403766,0,0,0
1328.0750301765188,3936.743058393917,8.612622337209972,13,2.0197435916535875,26,0.87357740066099,6.04202886671884,0,0,0
792.3850035623514,294.5591250186083,2.587493193130982,12,3.806596618815144,23,2.771268297911531,7.990407547908136,0,0,1
2250.79098881138,5094.712654096988,8.621742016424044,12,1.6831698142662663,19,0.7733333154773944,33.76623418004062,0,2,0
1985.8379854032216,375.6193203242191,1.3013014848021422,5,46.15608715303365,30,2.0147816152257136,12.853912777428878,0,0,1
1076.3972163631058,2059.673034735312,5.063066204205232,6,4.897647382114629,19,1.2087758564807762,4.115113835834787,0,0,0
2452.412751834803,1216.7264514650724,5.763271922102362,1,8.802042057581978,22,1.1872697395971683,2.278082470947496,0,0,0
296.56622044468827,3267.4508839909354,2.9734667782607542,7,34.33197961053442,23,1.7755400425735965,6.53768355999777,0,0,1
162.4316256683415,1241.131807329184,1.9182129691147678,23,16.96648620135486,23,1.6787782740130437,7.209901761140289,0,0,1
397.2413668737295,1177.1556098855374,7.33199972563738,5,14.436491877647626,23,2.0823572101945187,11.034384046490972,1,0,1
90.53732807595524,356.2231620464424,4.457845465155656,2,18.34036300802454,28,1.1064734307455324,3.7109992040530972,0,1,2
929.0168514007327,302.6953933458438,17.65259768835075,17,26.475792452741054,27,1.2932990836126692,17.50685792646118,0,0,0
3330.05744648236,3754.168093207153,8.693436801062212,17,31.515404743727295,25,1.1050854321349581,1.2438136694216813,0,0,0
68.16609969125868,625.8842878799678,8.735982852648071,21,15.435160205416379,28,0.7828966072935396,9.864137461049541,0,0,1
176.2806559797401,728.0191504991225,0.41466185620840035,22,33.11011573438478,16,1.3076759767698334,11.723055691655823,0,0,1
742.2118979623172,2169.572803339809,2.626059968808196,5,11.498597050761132,28,1.1434444483494928,2.780636374631875,0,0,1
3279.4503846511934,650.6016427829487,1.7410418849685154,10,4.871226428875962,24,0.5777847526735768,20.985182575821597,0,0,0
476.0307332681444,4586.784130077663,0.726591979596778,2,31.813544719503632,30,1.9036201538441029,11.46761973836767,0,0,1
869.2670045256142,2038.7026835587562,4.221487327588393,15,11.696035874221057,23,1.2959464631393378,12.452087630203462,0,0,0
70.95407960126204,1394.826604087465,7.218255208006311,4,35.48887899731328,21,0.9230318531519702,8.263732141006276,0,0,1
212.68598160370271,3221.6267548516253,2.070929139546208,23,0.6149522399874228,23,1.3951056070592136,28.841364532099952,0,0,2
5197.7013014400545,106.31782063615259,0.7711308201287257,21,7.600406363939748,35,0.9904023163512354,14.207202518695137,1,0,1
4046.965169383891,475.71542239438025,2.207975342617461,1,44.29153388890585,31,1.3239210252563909,5.772009368351964,0,0,1
25.942667568593137,968.3346732360409,3.87985438981215,14,4.308234573902906,19,2.127360708411722,3.2712500148390964,0,0,1
3659.1689584145784,416.17270219507924,3.6848753538622074,15,42.59022460757047,29,1.4326131524299413,0.8845551692638142,0,0,0
1243.0515362822011,2073.311311453079,4.3644532684645565,6,46.15493575734425,28,1.0051871223135664,2.169069454399022,0,2,1
2449.201480371813,3803.8165689364396,5.686535888496783,15,32.07416152717391,32,0.8086580358156581,59.0105798696364,2,1,1
747.7907229104114,856.8729008433905,4.292327292635468,23,12.440279412886271,18,0.917837065580722,6.2660143735475735,1,0,1
889.8032824373253,658.127831837371,7.470370403074103,3,15.616735566140482,26,1.690147172595054,27.474513451140623,0,0,1
825.302599410632,4917.623436751322,2.1015000824508663,15,30.559184912960202,27,1.1940751402592698,2.244189428747547,0,0,0
1339.0462844787,912.7819706701633,3.578287707874849,16,22.434748185358206,21,1.527910552728788,6.648156450497789,2,0,0
200.50094505134862,1037.2206155794013,6.293832075708171,1,14.917589290418112,20,1.0921400905205574,38.78306683476812,0,0,2
56.51837710396553,679.986612135569,5.214971722612704,15,60.47849886684133,35,0.8408388569283376,1.1466682379982893,0,0,1
461.68170561653704,3634.4117777432166,12.276804533415016,3,17.359995035730133,23,1.552085267187599,10.816360923698262,0,0,1
1483.6380170490072,1292.3158607445885,2.171290199315565,6,55.62521143921561,28,0.883769578184262,30.1851673230147,0,0,0
290.55566532393243,2184.327651125834,6.36616936837468,17,0.8865155599648108,12,1.037513800770988,35.873036387147884,0,0,1
1362.9420911983748,2535.4286256007354,2.7305755339016073,5,2.2442212290163144,31,0.7485883231111063,22.450214765053143,1,0,0
4224.356468275051,657.481431586248,2.511435006939406,17,9.007394580004805,27,0.8402295536114853,23.249841026465614,0,0,0
138.32767246614435,882.931943824694,8.374299548436795,6,7.289055477281081,21,1.7476798230585118,12.672944012098238,0,0,1
1359.8949006854434,2860.4750457546015,4.259602032453602,1,22.89955113238966,27,1.8573403051983306,2.9880474330160594,2,1,1
723.8454077086083,707.0798547469889,5.157110125205748,18,2.6262695750352134,29,1.8900254593279473,15.742195330943597,1,0,0
2451.2379466322195,2399.3464104041027,2.8876623568715565,8,56.00512694353779,30,1.8926355503536263,46.01211581757185,0,1,0
253.97731887037256,4275.131576527581,3.0115224918951715,3,5.6764892041272565,28,1.060125495084439,8.956892432638075,0,0,1
1435.6278516564246,1494.102399048841,1.2222506856225996,13,8.403486998818522,30,1.5938575149695966,3.624574970776344,0,0,0
2205.045033917175,2060.0281713658924,4.891826437576276,4,4.818480098386404,29,1.861076348665576,10.224900935121596,0,0,0
3492.1188648563275,2482.882321630102,1.9430718814937682,6,12.989797764235183,22,0.8615384384415415,14.077845760988478,0,0,0
1399.5634819815466,2826.8789911774466,3.929398521382559,7,0.9062645615726211,13,1.3198378900825718,2.80257451026288,0,0,0
845.0151351338476,783.9224798768116,7.465342694035853,14,2.432093943637434,24,1.1606314353530165,15.240896060233776,2,1,1
1174.3218266611298,108.93620488902548,0.9341160101092141,18,20.54437328584265,25,0.5777927655547249,10.624275841338441,1,0,1
2458.1994912414934,800.9364632202845,20.464193150434856,10,3.096151042159985,32,1.391328337800428,11.371826087415352,0,0,0
1034.466910482807,1710.1656234767925,2.472668637664303,19,4.028282356057737,20,0.9177515354596522,4.383191115850349,1,0,0
57.029981280686236,927.711403235664,4.007455424276662,22,23.624260074667404,20,1.8598386787327748,2.0248134371506548,0,0,2
3227.4866087590076,2103.2333119569985,5.152969706035849,3,1.4691741591289034,21,0.900377689517604,11.720449924789374,0,1,1
1423.5890432133804,692.3748438789643,2.41049383381147,17,8.629764130351582,24,1.393257568714343,10.589426871664472,1,0,0
1374.317052655387,1540.7357815455537,3.0899581368557856,13,0.35000262395058146,33,1.2774576756116554,4.950097603901007,0,0,0
311.51839762162876,339.4661651899433,8.54298978732588,5,6.388248686225552,31,0.6131206178904994,4.209910725741315,1,0,2
1310.6443924017065,2105.662924863472,6.9658734000043125,15,18.0087484619335,15,1.0745084967893237,5.118631041789747,0,0,0
620.7818778750305,1213.4829492797508,3.631360741068803,17,1.4163627016042677,32,1.4090438653602224,8.077389976572968,0,0,0
1284.0213628246838,372.3554798151865,4.327951842333734,0,32.88372928478458,28,1.8393329463287453,44.1803367673243,0,0,1
155.25568253923527,547.7785979950821,4.758630826123724,7,36.03592279637201,31,1.2304930663634563,17.304964219531897,0,0,1
1306.990782159028,2101.116935651097,6.190151367748207,0,1.6638121007246651,30,1.7549418050833998,22.905432365405193,0,0,1
8950.067491645286,1018.412096169422,6.473709236226868,0,70.21852136485435,29,1.5142898929385187,8.454127663107666,2,0,1
79.29559867316082,395.07954296706237,6.365957040019966,18,5.297279213242987,29,1.5346849044389828,8.961705307687462,0,0,1
4555.835735074675,5159.249340788113,3.234853088110202,20,1.3177487273029822,18,1.5623818203565447,2.742768509576228,0,0,0
646.8868189455168,1913.5572914696122,4.658187572787187,9,0.07619993781838144,25,1.094361273412076,15.320493581699738,0,0,0
2475.2401532189037,4754.543595255778,7.986353691246989,17,7.876984564233074,24,0.8222934991541903,6.569543472169078,1,0,0
1850.036068321151,865.5793564645854,14.615256956360993,11,14.906082795315182,25,2.2885121107272726,16.278350479763773,0,0,0
1024.466127111863,996.8222396765018,4.572070154753858,16,6.056032194498525,36,1.6608528713333974,6.312395685260043,0,0,0
1629.3521430231904,3453.5152575683633,2.929238817216189,0,27.18408938392397,21,1.1884016456840165,1.3784294501809942,1,2,2
2549.5629211500077,1146.816531815406,2.3761703023197036,7,18.913771437203064,27,1.5634014578025077,2.280186057493565,2,0,0
641.3000943784432,1872.8025616399511,6.397273508116956,9,6.465471865446154,26,1.4318330891838926,20.02834929829191,0,0,0
495.27106974920775,465.8751710495274,1.1728639063626436,9,19.88135712816006,24,0.8679217495158231,3.590846755473761,0,0,1
1341.6755806067683,917.8541521633705,6.4381022242507076,17,42.3235932946406,30,1.0670207806016878,3.684081943653167,0,0,0
1999.349411565288,227.64206714078497,6.509652130843423,8,1.4657801445326777,33,2.076276667819828,31.803279043519968,1,0,1
1744.0200425846144,375.97001147897004,3.0064158224203825,1,5.481496922913827,15,1.2188167465519508,12.86255614648315,2,0,2
1938.2785717373306,31.415790845854374,5.078553452099155,2,9.335464975848387,34,1.4191988259689876,1.4566261790356965,3,0,2
706.3549960902637,90.0850743316386,3.715465070366109,1,10.337032404849353,17,2.021514929982601,1.8600062719439332,0,1,2
2063.405727663036,5707.016959381851,1.4749459792047004,5,11.719700375585104,25,1.2173465545304127,3.8155088816662497,1,0,0
173.68515518428575,446.3079277716436,6.142538082825064,22,5.363563889704299,24,0.8415256414152006,10.816697979841681,0,0,1
963.6027540131396,1662.8921408694944,5.795658528415305,11,16.505892162064924,32,1.2780356252142118,16.771927107671125,0,0,0
26.930366619504625,2770.4555295194546,3.1803913100079457,21,15.538133339317287,19,0.976931830858129,3.8506716536272956,0,0,1
490.9150291318254,1229.9646922769948,14.478380308849136,18,12.934906251791444,26,0.7000311165454576,24.542061765580694,3,1,2
567.7214751550233,279.3378016628503,4.352147243703767,14,1.8115414111988153,31,1.6840790111755768,1.387357115167304,0,1,1
625.3604422264009,1983.5720741694915,0.8518505259236008,18,9.72168634655591,17,1.1023799569219475,2.792254970856291,0,0,0
1446.771802437373,1405.3791820918666,8.245254891203718,11,6.606133870793409,18,0.370054438569716,42.2661192992574,2,0,0
610.3224112536877,2000.9638386947015,7.092921089351335,17,10.130742668064292,20,1.351761547861775,1.7367703227280082,0,0,0
734.5575026767142,2232.862405000398,7.6197626314989195,15,38.24003327289495,27,1.3584335165940251,26.28300864978167,0,0,0
345.4527784783735,5588.1455632177185,2.0286618285969085,1,9.82423205370629,24,2.665293762618132,14.60611810630219,0,0,2
580.6524806608114,1308.4369403673502,4.990552651823347,10,0.21119165514392624,18,1.2193693924420022,0.9107480009047483,0,0,0
329.3901170396586,657.0076123532668,4.302928407811359,11,8.666150945092681,36,1.872069096767899,7.9329661655559836,0,0,0
111.21570590646466,1598.1671084408636,3.8413528742663443,4,25.77608891362328,24,1.5818964939263043,8.782141019312984,2,0,2
1129.9395143821475,136.3431601893227,9.589296641841594,23,22.716070420487632,28,0.9648632581226015,32.28363705723475,0,0,1
1343.9137700852827,3445.336814055797,4.3924653994876435,5,10.804386737796145,31,1.403988716754686,6.559601544896866,2,0,1
1179.492476178102,220.6953338556865,3.2596330609158355,10,4.310612055217776,24,1.1436586599982579,7.103638923850417,1,0,1
767.2131380203369,625.8946404136544,3.2365221473024577,20,9.38481406340946,27,0.9276525483191892,1.4319414400084591,0,0,0
593.2284137358799,2567.1550154974757,1.9085273310861666,9,12.441454286610623,24,0.9933948772812604,12.232265399971858,1,0,0
2408.2552662737057,1394.3912249101884,4.680596907278136,3,134.386521180424,28,0.9409004674762851,2.84230069329639,0,0,0
898.4696657619123,780.4110330375124,10.039786113927146,8,15.499873898749417,29,1.2166786117108728,0.9684474719084957,0,0,0
802.8252698182994,992.0726256878168,3.4498799246602587,11,17.77554504833975,21,1.2190957190381098,69.39001298814267,2,2,1
51.17186473041737,2921.85745785967,5.173846374360516,9,10.14299831628454,22,0.980278892042555,3.7704421745721177,0,0,1
520.8894576929572,653.2831342935581,3.799893696420018,13,6.565708215569564,31,1.1238110854214904,1.8245790095734185,0,0,1
594.0216378785663,3086.294580890733,4.0840986573517135,4,25.145929040742942,26,0.5767270362919112,14.427305930751253,0,0,1
630.638617037599,168.3940532389924,7.291800367780413,0,10.245942712140657,18,0.8159675521165624,20.69025216195891,0,0,2
1061.4932658383248,2279.52007011907,1.888808624918764,4,78.57281879184411,19,1.0865661786430603,0.7946711728035342,1,0,1
935.2605252234426,2851.3546194380197,1.2778147169593252,15,9.16302053646635,27,2.3837399041804552,1.3364532837660699,2,0,0
1143.5016299297838,331.00507339532794,8.252940922580457,4,1.0563415295922955,19,1.5734877235921672,1.1340205517068893,0,0,1
1757.2077545442573,874.0905818417757,2.947945599323663,4,17.212853880125333,29,0.8261954487737307,0.577172069829493,0,0,0
2031.8844817821978,301.38339878205943,3.287123928396452,17,0.7164632116248757,24,2.330145900787636,12.926548146099787,0,0,1
1539.541692597669,1869.3487294358117,16.358025138301205,5,4.325266380626382,28,1.2206179734966995,10.64990865573694,0,0,0
3755.3584700050465,1179.6990622610936,7.065176403170013,20,6.5482601371217495,30,0.7758060952219881,13.045185524845282,0,1,0
42.08101349924003,1543.116299125685,2.2544497055230277,17,20.176341130848943,18,1.183450333144357,8.454554761359844,0,2,2
281.4558928550155,358.14281039305916,8.609966309234915,9,10.225274642237366,21,1.8112825096579366,20.41256662389269,0,1,2
29.109942237698824,386.9020965505419,7.168358310609835,14,0.43596350715359344,30,0.7760893173926633,9.493574368552794,0,2,2
1271.159511689302,93.57438931998959,0.16074868409032378,23,14.389925001064523,22,0.80698131248654,30.122240795289628,2,0,2
2759.698412079772,613.0614081544803,4.795309072659326,21,7.9510501579910855,24,2.515640486009348,7.9781814996161895,0,0,0
354.8352131333282,1260.6006078552202,1.9641991821685973,10,38.23390549141963,20,1.3751611749529344,18.765469911522327,0,0,0
3161.3229994684625,2957.2049613909603,4.078341245557029,18,10.384082786400631,18,1.0114008459262136,6.278024925095332,0,0,0
94.59188232646477,1679.0924058504834,14.64321981821242,12,18.51519909471949,27,1.1705979967466371,6.855910803762837,1,0,1
3289.6747076001416,887.4468769750523,7.484698126806062,19,3.705176394246464,21,1.369176224943827,22.68507315613424,2,0,0
539.9389751678461,4620.249860796522,8.116546850889481,2,21.467716867697128,29,1.1304532144648043,1.3668944232222457,2,0,2
148.32855367032423,1935.4103857489624,3.805190126245118,15,19.145749987649054,27,2.095793012418156,9.986642361127503,0,0,1
818.339058679294,4022.4343006684135,8.139732281410744,6,35.16387870855401,29,1.2707052896587228,15.550270941348845,0,0,0
376.1102756938063,1154.855604303983,2.5372932463220033,11,0.5161023886691881,38,1.5927839504639887,16.655738876594945,0,2,1
422.35399110999435,479.43821732195147,4.755103152959719,14,8.899546623705698,22,1.2627933778218796,10.742970233357742,0,0,1
460.5725445935343,111.40978379779641,7.271057076717419,7,17.051975906408714,20,1.203291733287215,7.13188870390178,3,0,2
1969.619623958508,1972.4053462533514,7.133064233068935,22,1.500021851170858,28,1.745746704246322,3.625956105077301,0,0,0
949.6485657659125,223.9727225263279,1.3475034742717864,16,7.929856637887976,19,1.7604482316896015,28.819088175752967,0,0,0
467.552834904143,570.9709383563654,12.748640139859965,0,42.747646610713666,33,0.6354457848215591,5.540387099936272,0,2,2
1150.9577131454148,1170.440554596291,2.182169453271239,20,8.588773249902255,23,1.2120202268264073,19.252932134004585,0,1,0
1531.1740695777216,1276.6034534262837,18.1196618595922,7,63.405921594177336,24,2.7728722619459356,0.38613372242780764,2,0,1
401.97409064965524,1406.6246823708743,7.406679945046701,13,0.8777751596268011,32,1.021768852931317,3.170230820810783,0,0,0
660.3996007509226,302.74211249365436,7.014884690646995,9,18.978671391745454,28,1.4646660766041162,5.08815906847014,0,0,1
175.97475142568064,746.4185250011434,2.3295233998852516,18,13.048846647100044,19,2.0115475296314034,13.361327106774867,0,0,0
259.82428126656646,1470.3413082605543,3.038173260271923,7,10.413406766197514,28,0.7840698493910357,4.616146291356815,0,1,1
1391.5204311514042,5280.8073097926945,12.130441703384447,18,53.02816840915951,24,1.0519957452888768,0.5069235650318289,1,0,0
260.2478737803767,1980.8970299647945,11.184314736253892,3,2.082904642995565,25,0.6513200230765709,2.292001513634271,1,0,2
913.74139967852,3868.2255612453387,3.8789629525772704,9,33.95031449850524,26,1.273518668057991,3.599733914209331,0,0,0
1501.5091993276226,2184.5640057125274,3.6555261053629478,22,17.627885017121912,20,1.4246600176467321,2.3237084641700276,2,0,1
155.63706022456452,1373.691962076103,3.7301839777454777,2,4.496240317639676,24,1.5799312362958042,2.7337214762264104,0,0,1
1025.2866470817762,349.8332146166141,8.64620410778221,3,34.79126132172199,29,2.2921958232824857,17.58181418183952,0,0,1
375.765152110981,1678.0038689515275,8.134010417052195,15,8.413240445728485,19,1.252828444059924,6.373026603879877,2,0,1
3973.835566169511,1494.7761074455382,5.57952385079312,23,25.248473200474564,20,0.7702435890045527,6.233942044375199,0,0,0
812.9220455921685,1413.7241839457868,4.786254514072129,3,7.385861840891911,24,0.8586660435463465,40.79266940811072,0,0,0
1987.830460922431,1039.3871620400932,3.8484681433763672,19,28.55017253026125,24,0.9004047031652868,7.102299010435223,0,0,0
978.8134999923334,1158.2525580530437,17.256896289448445,19,15.18496881056143,31,1.3272066223018095,31.51622685175407,0,0,0
73.25965913583934,640.6954266332733,1.4784680173511393,12,2.2806097004210804,29,3.126736455035296,4.26404889264258,2,0,2
1223.367180289223,1128.8074633935978,3.3169538740087154,20,15.732902958180713,21,1.1867081329202427,6.14243922451856,0,0,0
3649.040624149679,360.1396362022508,5.33200016682717,16,3.185739177642619,32,2.1162002417599486,6.055803884237452,0,1,1
1124.3941073045894,2483.475699032564,1.2383592229779707,22,7.96345131789114,26,1.166933126089998,9.477980825729214,0,1,0
2072.3626576492748,338.28140863083365,2.892340312001402,15,2.8002865083620376,23,0.7674948364319832,10.531975735727835,0,0,1
2607.1358361848397,163.19155910159446,14.529226251664495,16,0.3339313090548653,31,0.8811270774065738,3.422222770555842,0,0,0
330.6488790038003,889.7060093995229,7.799690921814928,5,3.571698210293605,21,0.9124394253057889,18.934355306007383,1,0,1
305.9769130161869,1640.7658382068307,2.875348754248447,2,11.53009235425639,24,1.1631140282544021,8.23467739999413,1,1,2
1152.9524776514363,893.6245286451102,2.8121831582584007,19,9.853992647086757,17,1.4365145841272173,0.08482171729766283,0,0,0
655.2529188002927,516.0090722632149,1.4879416879683287,23,10.442187947851854,22,0.9385518848884898,10.738479770902668,0,0,1
2218.0579786027088,1255.2491486877825,3.172579476732023,3,4.269039849781206,22,1.675725072981483,19.19738267857316,0,0,1
2783.379624455427,669.2725892209851,6.232202110257816,7,17.33541778688604,25,1.8568578886973228,3.4596549991045293,0,0,0
543.2725741082177,4081.6347489978107,5.561202546748987,19,18.27428554475312,26,1.0992840377508597,0.46328101683333417,0,0,0
344.3931375301317,3869.027801288561,3.293360650530578,8,6.646752908958922,29,1.7634222054546391,19.75189434872984,0,0,1
1839.8231549509385,1076.853160907725,2.157848699393555,21,31.950931848368555,19,0.5616401519417269,44.89557917607753,0,0,0
405.57934728099895,625.9864881126858,3.8131278565194533,0,15.493346482876612,29,0.4755442794974863,0.9558403923657075,0,0,1
2095.314710622842,2034.1572730662438,3.7551649991348808,12,18.7261488026708,32,1.704233669253255,33.37457684124831,1,0,0
681.4319609064922,86.1057388730359,7.180640796838463,1,4.872244750070146,21,1.031726594219431,5.34184816234799,1,0,2
1341.5186038464442,995.8756870031727,5.048633593367767,22,0.009177334210113436,27,2.948989936031596,34.052360704857904,3,1,2
140.49442074935095,644.9404315676261,4.611781475831494,9,30.07900035353096,23,1.1768698838143008,12.558136726614464,0,0,1
1193.350482878449,3828.67461624674,9.118640423156045,22,25.92538137618956,9,0.8186387713763422,26.51398086691332,0,1,1
741.267365555342,48.11346792021013,11.121845296326471,18,1.972006665828213,22,2.398098887433575,18.491991737199054,0,0,1
1080.0321248799257,1237.173932734798,5.517576240583045,16,7.0285930380194745,33,1.5877441964039314,0.340765827880717,0,0,0
240.7278979077895,2054.4437180129507,5.6064949653919545,23,16.24134873820695,26,2.2693878368365006,0.812185514846676,0,0,1
1622.1455656982391,1025.4349592392782,3.9974601884690215,12,15.83807107775081,21,0.9659803593000642,8.952111535500727,0,0,0
2403.553115854253,163.90767129790308,2.3060733418769033,13,29.529275761158342,18,1.41309299948532,1.6658910595571197,0,0,0
313.1483920262472,5418.249390013884,7.541627347848262,10,2.2670213132160764,27,0.860505051411879,7.417238802881972,0,0,0
140.73225351536115,1124.7492105372742,6.645017484219022,9,8.430198271497694,25,0.6075311893954704,37.11492919183473,0,0,1
48.70695191788879,1458.6007862892252,4.223329639635648,6,1.5342192193204658,29,1.6437410231385419,4.190559149350168,0,2,2
1252.5712256595048,434.978930111939,5.058919147371573,9,7.404495220527018,22,1.0174135108570912,8.054578666979458,0,1,1
1141.0219679887016,1021.0144244827077,8.747344008137985,23,0.22834088362245503,30,0.8201075337847907,5.819158580140854,1,0,1
969.4344960602789,870.9418663292422,9.658302844480582,0,34.281947467277625,22,0.7009954088432361,11.925416621649127,0,0,0
336.6759955295466,146.7734168518234,0.434193263377795,13,11.231293670514518,17,1.3140215488594673,2.5857499349790256,0,1,2
614.9391980782462,198.3433294213322,2.7369758252782734,2,28.437038875677203,20,1.2531448127087526,3.6122766694796544,0,1,2
1103.0912570471864,2755.362272207288,4.213988086975409,12,0.9266104041835646,22,1.0066356132046654,23.48820357936607,0,0,0
844.0420579902991,441.29995315198187,1.905589080881438,1,3.8710356863308055,18,0.9326943904302113,20.013465724547313,1,0,2
5306.159796057592,355.2917493890735,5.1472352801188785,16,4.504013989257358,26,1.6593605098066861,18.68155859082354,0,0,0
196.02993513839277,1084.527969072524,2.844280977479643,20,7.333307973838452,27,0.4525307912440902,17.68418743222,0,0,1
1445.5010749045564,2226.36524662152,5.261570757147313,2,24.358102012371283,26,1.5720623876372484,7.381740033837829,0,0,0
641.6595209724793,125.92247274146467,2.9076408820090878,14,7.330040294873095,23,1.4712106489225378,15.662801831039374,0,0,0
690.7583907820589,1319.8936684712003,2.998511246914696,7,3.434661712508156,26,0.7466540764468317,5.8766942717942054,2,0,1
1537.3074337028636,220.404824594968,5.235250746856951,5,1.0079749949658559,28,0.5634214146424573,1.2737909887081043,1,0,1
1434.8870903837774,85.71355090462704,7.747584625575703,8,1.2424397105884475,21,1.5456176804599382,5.998126566332642,0,0,1
5707.264169437243,111.27876671543943,6.401818022107127,10,21.409695997357936,21,0.7637404934890965,2.0731564608674384,1,0,1
184.90174896389973,2725.134874922718,4.2383470703428845,21,8.826483856768112,18,2.2918428959953436,5.9483219419832185,0,0,1
151.9247000487865,218.29803864206013,0.9221989045750427,1,19.42932630550997,16,2.849737671691347,4.236041141288615,0,0,2
1566.2993188082507,99.30367174521686,2.9459872507827307,8,17.199108040326415,25,1.448752434589063,10.97033517562126,0,0,0
1056.4007005615765,894.1129622947951,2.7158951443624826,17,2.181673362074521,32,1.1728473801925423,5.384362836994621,2,2,1
404.5119109400314,2816.786139123989,6.901375366173558,18,2.3127990554523676,24,1.1189490010932355,14.673369383272375,0,0,0
119.30082481735697,486.5474448239713,4.814159794666214,21,21.11841037636454,26,0.6173148460551499,8.61288593073959,1,0,1
127.46104527668953,851.5264985418306,4.932976794814859,17,19.16258377822289,25,1.0894909204143253,30.232826161130433,0,0,1
2715.342214958707,91.11195379477331,2.387684706359626,4,7.122969778417717,21,1.0166660527697926,1.1452580025569625,0,1,2
275.6348382319568,924.2444608127078,9.896603825544455,17,1.208754588418149,29,0.9469872993967874,13.965845251303271,1,0,1
488.759591537097,1322.7502717305636,4.910922137388884,11,0.1825769760228984,23,1.428631459048047,13.391428749859912,0,2,1
328.43819611475993,1299.122588400974,2.279497503605134,3,5.098467397600936,30,1.2872700892553046,36.100108755072284,0,0,1
546.1990817725049,636.1591054201753,2.405701734024251,14,0.13897593039887648,32,1.672760702007748,5.5740213538361,0,0,0
106.3416328779558,598.6726646033129,5.387306323801454,10,3.921886225557936,16,1.022830810594192,4.373685651684578,1,0,2
898.4147864306417,199.12096132319607,2.2138887723259146,18,8.15800129458303,19,1.5543360751708981,2.270608940387791,0,0,1
104.00821565292964,715.4494482139354,2.741872648227175,4,1.9416523691313334,40,1.225294007533504,3.699328736769928,0,0,2
1953.4664505911023,187.1987912972381,1.8325725537047883,5,1.651873674693592,37,1.5504730175847952,8.363230730282398,0,0,1
339.4367692210472,2212.4762766590543,6.865842042459015,12,34.013690446430374,34,1.1840180499020057,21.82066406223433,2,0,1
951.8656293783135,5114.242581329387,2.2541803637433158,22,13.209150010241116,33,2.4873430909802052,4.0137057161691985,0,0,0
2565.10737978769,5293.564306802857,10.899253459388264,9,40.875432406751656,36,0.45993774092445544,2.0600284425438646,0,0,0
1282.798448492317,3034.5109519782413,5.82772136008481,23,6.365732373535074,22,1.568699563610097,3.811568611368738,1,0,1
933.602759089678,1407.4096031329245,1.8267929994907552,13,16.95827668270208,23,1.7204472311424248,1.2766922243713728,0,0,0
490.4672509809753,1840.2939500131456,6.364669698393739,3,3.435381132753952,28,0.7358686810348541,31.357585664753536,0,1,2
505.96172146861613,533.640920456251,9.90723935836271,19,14.448389255690874,27,2.5344740723596435,24.727357561544483,0,0,1
1348.5309806836833,1524.5049912805912,4.11435932956735,22,2.0817901239793946,32,1.2323688425076633,4.426561795434793,0,0,0
6187.396009648765,942.243043428451,10.618723656021004,11,0.031242100696098344,28,1.1619776724745354,3.4040864473413333,0,0,0
1321.0804723582773,1016.720267633669,5.898854288845627,14,40.22078843501582,21,1.4169677510321943,28.296832929346856,1,0,0
999.1466131615775,2156.8420118606,2.8464680120888817,9,12.141655021064242,22,1.741943768675077,0.02128227700436442,0,0,0
1594.0946290313736,526.7580082967489,14.667365240583583,10,39.247249941089045,18,1.2877373383797495,11.012827141979335,0,1,0
771.0475135788906,604.1755567334984,1.4534796272087132,8,6.0931900952745455,26,1.2715948452618004,29.723799051646985,0,0,0
94.43221217986105,3908.2536249405193,3.4534593128016753,10,5.95767959489631,25,1.7076792985027542,8.524923749697171,0,0,1
1011.4571121727532,116.80011231874,4.238413373557107,1,7.678768345395151,22,1.7995529369036996,0.035656436995017984,0,0,1
3813.4441127544023,1027.2311772359558,13.189414839122733,12,18.364723838684515,25,1.3974236876134212,2.96418623549951,1,0,0
251.28699552884424,3689.3401906478553,6.96645820432241,21,12.514048605151933,30,0.6576750998987029,30.68068799107643,0,2,2
1425.4385101619096,1443.80964388365,6.241571471926728,7,38.92515737861953,23,0.8126797830826966,0.20602765294460806,0,0,0
289.17361249070956,1215.8326835939513,2.5333443345279156,20,0.38655174825104854,34,1.884885544208321,6.025954369866906,0,0,0
940.9993112317358,461.01155437556673,4.008667391419875,20,18.475090836041037,20,1.0928357444469519,18.71319477124882,0,2,1
142.00938044283305,660.7359931178903,2.8955900687190685,7,6.014501622701515,22,0.9613210342624114,21.848649491639375,0,1,2
738.2139894150569,2896.3052888301804,6.1085511353193445,0,2.9810388085399957,34,1.4564265640698706,7.792042633270361,0,0,1
1713.507990250948,1258.807733648165,8.955965840460532,5,10.712364103392302,36,1.385946942676549,3.175147552370712,1,0,1
532.4645137825449,1114.612455011795,16.685480778596872,12,10.549895724682482,15,1.1193474346816272,10.986633581153068,0,0,0
1332.033527451306,187.3404595587648,3.1350883409150962,8,2.210300511856641,14,1.6444741002881424,3.6746834179635908,0,0,0
1924.3311714996203,54.23699493441264,1.418657485408165,5,3.3827465181339997,21,0.7354991813065589,3.5367099869513563,0,0,1
3163.6816312450505,5003.294393671193,3.4944132037035365,14,7.867902494409158,25,0.6108079110844956,19.7781301320724,0,1,0
340.8940252586668,739.7798355739021,8.209607190131194,22,7.8843031996555615,15,2.2278413236480286,2.010602338490558,1,0,2
631.6233594974417,1416.533734066184,2.304535392051412,15,5.731169127112886,26,0.7794845568014189,0.06644133729419271,0,0,0
218.43841438688335,154.6079307447667,4.342348317404404,3,2.412132092006915,25,0.6769088111626377,4.927695684602581,0,0,2
5888.785954457666,1753.8211393416839,6.292328065458766,16,0.06574907423034791,30,1.0720083338872743,8.103073137266332,0,0,0
3160.770916590287,4074.9246703452363,3.1811970000090914,8,52.716362546135244,20,1.2070259090651607,14.652629696167825,0,0,0
951.7227185589472,1315.848956387874,5.05195645470676,11,43.10251511045795,24,1.0086874702297532,18.230519737627155,0,0,0
2234.445190474366,232.21028974564604,2.1364323058773746,21,9.914567748065497,24,1.1147433502930524,13.070570670757892,0,0,1
903.1603463579435,1337.4117990825068,9.340722379145724,18,79.63082943172431,33,0.6917366742985688,11.818332607690209,0,0,0
1192.477818346077,2210.878623385734,3.681352990526208,19,16.796971865246263,22,1.6250008954015802,13.150346885731828,0,0,0
132.01877545162617,812.3661684403207,4.955619499742298,11,1.070144888727819,28,0.6624238489145675,3.8016486510956917,2,0,1
1709.1217221868867,3208.3685234655945,0.9590702071644142,21,1.8786565774710642,35,1.2324486216039365,5.782219889986569,0,0,0
183.96480227468854,1599.0992946421377,1.9098695188354484,5,37.17388382121687,26,1.341202764648452,11.499001131662125,0,1,2
2118.9064819224072,3472.653512444075,8.04029377600813,11,14.915900552826693,24,1.583376385080869,0.8138312154142009,0,0,0
1848.0668804223983,1495.277008110495,3.1490681386597372,8,27.790196320339373,27,1.3376820750614722,4.200228865762229,1,0,0
1500.2660829123308,241.115387761385,2.220957254283336,19,34.2814438515513,19,0.7903173914537461,6.258978031935144,0,0,0
64.19644166186374,585.925478511742,1.3225968959895165,4,8.911532792969346,23,1.036145601609281,9.14844135835127,0,0,2
453.38484806186017,368.0846361945331,9.232560912166967,20,0.7461430050332828,27,0.9216486544250427,7.997644868920623,0,0,1
386.384167014953,3622.4864538889533,6.777327948121294,2,3.1290038354727265,26,0.6510233490434348,15.195791645473813,0,0,2
555.8003144234203,2173.1770403601713,6.498081116604393,1,1.0333708740465568,22,1.4538709109432115,7.696376269680641,0,0,1
130.06836868685315,1722.3630800390217,11.498490427444008,7,3.137497412754449,18,0.9024300338736685,28.137144038100892,0,0,2
3336.741561070489,567.084531395059,3.4559115924753314,9,7.92804623177456,24,1.2962702245408446,5.74259265468894,0,0,0
988.3916225158179,335.09368984786926,1.4332031866362225,14,1.8867958357274164,21,1.1683079827268044,8.94267984731328,0,0,0
457.5177463371226,2148.6562289238295,4.514755168023011,8,2.7360218602849673,21,0.7754233312126627,0.03858664750502496,1,0,1
626.9689173279189,994.1315830100204,12.837576805324497,9,8.854034264333196,25,0.754970537850284,4.461079342961614,0,0,0
731.3163226911563,413.8673188550013,4.577037840743392,10,6.2366173987825775,20,1.0681975456054387,24.17040716585145,0,0,0
1121.3332042649504,1468.1006615826557,8.812642488811294,8,9.457040584919987,23,0.7222374201958741,4.8699571977886285,0,0,0
890.0099024545275,91.75472647189093,1.480220384811218,13,8.41001083879014,29,1.8139565002857752,3.5032748061280086,3,0,2
3041.788455821176,622.1667038151087,2.494760762699848,4,15.512523300891907,25,2.0917033845864466,9.41097061716722,0,0,1
844.5110155049474,978.2389806352453,7.744216022841529,8,41.5145070026974,25,1.6706482370592124,0.984026795224126,0,0,0
5837.9159184322825,270.1797745816602,4.889132167792109,3,1.7120560653038737,32,1.4044253004880063,9.10132323623637,0,0,1
2307.9981359939366,6295.397320845802,4.062725629696153,1,1.56808195556921,20,1.2517107520035031,4.343106707465135,0,0,0
300.6064206073182,381.87061394391367,8.737990497384546,18,28.740068836685236,20,0.8032037325939083,5.796636327453476,0,2,2
3221.359352706625,239.5020694999281,7.679698949943462,0,10.590346953951679,33,1.7006736099457687,18.806027832517536,1,0,1
168.45533541193154,371.3579017557274,4.976552420432859,20,21.81249799891791,31,2.1134799057470097,13.015235224326467,0,0,1
2060.875488812871,2228.403373797438,0.4408140438344671,0,3.6391374375897123,33,1.0663359695620154,7.089385372892462,0,0,1
594.8499424005166,861.3975487794603,4.387289530728452,11,26.47932569338491,36,1.2037812257015175,10.339253325387052,0,0,0
2544.2285218918832,1280.0488330012913,5.782821995029513,10,38.62508804402753,26,0.8841423138391686,17.47332970487134,2,0,0
2450.459502986752,61.84948485494591,0.983514703768539,0,15.13773198058098,25,1.0698357609968285,16.43483972797108,3,0,2
1987.415190028937,82.55705052290108,5.657223353905727,13,1.67871285341519,27,0.7385847374269798,2.4595437665159223,0,0,1
1892.9512322771134,915.4136246909105,8.983012292159938,10,33.849099477439026,29,1.0879521442940698,4.295867774306759,0,0,0
456.0582435101441,2574.580472333369,4.381716761163618,6,23.588471937838758,22,1.4521952810851921,5.136890089802382,0,0,0
121.25759504089936,3277.3537757348354,2.028845438565357,1,20.847174683654615,23,1.3910568337157065,2.4922969844373792,0,0,1
638.9659576907595,166.04708455642992,0.5072069292654684,14,0.5612947874899641,32,1.3502306519447984,0.14683211488908898,0,0,1
248.70202803998907,1189.4649482895754,5.730067062765455,7,24.0639592019027,24,0.46000614390859934,2.2934505609910687,2,0,1
1444.7397811729688,3696.7360854593157,1.1008072071617612,21,2.226647662950685,17,1.2450844953854086,19.81839905039653,0,0,0
529.7605114557276,766.4677177545725,6.464185123049316,19,3.7728787270402258,36,1.5608975391919706,9.47379454910795,0,0,0
4476.3083625525,2684.1092473526364,12.463338029128773,14,12.91052863959496,27,1.2171269062960122,5.016369202048342,1,0,0
1249.2261374433492,245.27849073278443,2.5828270920775305,7,4.617879312220366,19,1.9235346059476492,11.248470159532623,0,1,1
2094.410210491925,4139.183358856911,3.745711748422453,9,16.24174285127281,36,1.173656819930838,16.157230463442694,0,0,0
190.60185051987133,2118.005849525884,12.895809747426304,18,14.050097532902235,32,1.4317023291981674,5.251418368456049,0,0,1
2396.727852003741,4283.852447464201,4.745713013376207,2,1.7168530686652936,27,0.8178437774752834,7.529995230377592,0,0,1
3092.9617383393593,1723.3779328778946,3.171714911785791,19,16.007340075605285,31,1.5441738925080872,0.7964114884995729,2,0,0
821.1201686578992,707.4299110729656,8.209214113114758,13,38.646432342698326,20,1.6731512900881758,10.908520774660786,2,0,1
1138.4558597899886,4205.320963817818,3.2978766534107233,8,2.6351336482424674,36,0.9181138863561304,5.288266664526604,0,0,0
1756.8328811982053,513.5485354319226,2.454627471448288,8,13.634589405004407,25,0.689503241773751,6.819839312676231,1,0,0
250.61157014549514,635.5881080422836,6.401074855052105,20,6.275186499975304,36,1.019865377323162,6.590652983725919,0,0,1
857.9510578596735,1840.0067524652504,8.620002502635131,5,9.232009072891387,34,0.8193334621557493,12.00942188920753,0,0,1
630.3197788034813,2204.274940315135,2.4412834355216297,7,5.074111645957849,27,1.552020045245652,10.196639265754436,0,0,0
209.91453325431323,4006.161723008707,5.00964079387744,10,6.557370286468476,28,1.004456205608565,6.580378809659919,0,0,1
569.7553789480778,373.74697971241056,3.860561871869129,7,0.4400700687554309,18,1.6280181083291543,0.20520484217090423,0,0,1
104.72883524493226,2429.2167824860962,4.298109977689922,11,59.89177663481468,30,0.6534294283614649,11.641445239571544,0,0,1
51.381055962575175,2042.2456851051875,2.04471959829181,9,14.704437812322828,21,0.8769431191692314,25.40098405042719,0,0,1
194.2616387942763,128.88050311073516,6.713167127874708,22,10.418390373020333,24,0.8998469125840882,17.612738154155753,0,0,2
3979.944007972529,764.6316365104271,10.87189671194121,3,7.260694908219228,30,1.3637703595598354,47.95505465127147,3,0,1
976.9553198697474,528.5285622039729,2.398857627622698,15,11.627550873931817,28,0.532300652960364,1.796979347851019,2,0,1
4071.4133982609274,574.6657495658784,6.7096562374307265,19,7.173101718449214,24,1.094309616302873,3.020369119540383,1,0,0
699.8129492098998,6137.1331120179575,8.091894736357885,5,6.692148745269224,25,1.0557206335881721,9.299251070653792,0,0,1
468.4390739968449,1574.0942997597015,4.98533071938336,8,9.352820809370094,25,1.4114607307969347,3.2283919432553203,0,0,1
866.6083697327597,1927.0507354579154,6.530382556629769,22,4.844106790727737,28,1.2462798971370408,0.42192886257791207,0,0,1
714.736268751858,5663.659908341197,2.614565821349115,4,2.9776769129028873,26,0.8337661268362618,6.17576050112431,0,0,1
154.0094007180703,740.2990515493111,10.500708186110336,20,12.199444260812257,20,0.4948504005856094,4.0701422775466245,0,0,1
1248.7390452769912,2458.0220158293064,8.660625087328718,23,27.7502482700681,24,0.8973897726834461,3.6744033008483163,0,0,1
312.0739543979968,885.1496081686682,9.27333996560303,5,2.4877761761340174,23,0.7358603265958131,36.73549694233711,0,0,1
1179.8003414069165,3084.9601606251117,1.7761876243310535,16,0.49923143890812255,30,0.7532332354823786,3.268858248604692,1,0,0
1280.4762071895436,328.87971007384465,6.012227140616741,16,4.251601139896525,25,0.9103495359524786,1.6633207549033953,0,0,0
217.8847418653357,4455.741962937582,2.760931021148387,23,58.472277438812576,20,1.693941886974143,1.6067559046174127,0,1,2
95.97465074063766,400.33179762526663,11.049790312855214,21,26.470169233465718,22,0.7351507894510674,19.698827983549364,0,0,2
1841.1145918687162,622.2785749375032,2.437954701781147,12,13.59013357949962,27,0.5815858945321511,15.056798026917662,0,0,0
758.9799465096636,2147.0628133523883,5.118983573480578,16,39.728811154857475,27,0.9687040637516601,1.6640599421898798,0,0,0
91.90868012457902,780.7069765485554,0.7360570246163558,13,8.839353074388479,18,1.0926841637123588,2.9777387411704126,0,0,1
6346.318372083998,1435.5492166073323,5.1016043089648635,1,61.36778566740077,29,1.0638607089483725,16.508669696806752,1,0,1
91.42049770930842,912.0284907200428,1.7931976750605634,18,5.271090843769401,25,0.938163914318618,3.8526558914388183,0,0,1
1445.0708162001815,2064.3458815759313,6.210508933825032,2,4.122588429623621,36,1.1075249682879431,47.907137639408546,0,0,0
4958.357693188344,418.7998566285079,3.940351520365629,1,15.243663425426028,30,1.3313626143796546,9.333225999581376,0,0,1
348.03034034857643,120.35446298839578,3.3676798382285926,1,7.125941306744367,29,0.8617349415524881,2.5584370185433913,0,0,2
204.13023348030194,564.8611324081104,11.220075278480005,21,14.767160167244981,25,1.8236944863726297,23.491653982417738,0,0,1
175.29008722881122,994.5615807407343,15.283829235023845,6,5.457554774291881,21,1.1351637445348526,4.618698264523276,0,0,1
453.63764712933175,305.92040946673524,1.3813276265054382,3,14.431810588987261,24,1.8071776131410553,4.08974323922975,0,0,2
147.8278442618738,687.2860979390338,3.445607363250494,16,4.83920218786603,25,1.3571872686750162,4.7599894334612936,0,0,1
1433.81536391382,796.1959819836842,7.388628548599042,5,0.7847557287114877,27,0.7377847096474929,17.54242172166526,0,0,0
97.1797565594325,118.65691730458036,5.568314240179332,6,36.47945997393519,23,0.5587888541603442,2.2824973649993856,0,0,1
874.6055029215643,1343.1092024333427,7.135016470005375,19,32.210051192514825,41,1.870106604157991,5.77104297247336,0,0,0
6875.4558641599215,3265.6950975583873,4.13779329328791,5,53.00284785965276,24,0.847914527228447,0.37581725850257897,0,1,1
2038.2185320120584,276.85728067370434,8.88261468091302,8,18.909585301449876,21,1.1748474602995405,21.027692748135816,0,0,0
1166.0984919438483,1396.2385886464233,4.973314407818136,19,17.2196148928822,26,0.9597410797305738,4.999260927066727,0,0,0
458.7785997043823,1669.269835832958,5.782247618395857,3,12.28076047770682,21,2.08957974301093,3.422987136332987,0,0,1
1193.4669713828284,845.3710952039019,1.7949572393163062,4,2.0191353047513214,38,1.185459088431207,10.406956982207655,0,0,0
918.4970670554411,1841.457207014147,4.6422712482844855,18,3.14666124156145,28,0.703200873416817,14.649028923762991,0,0,0
686.3253935800349,823.3101234324776,7.438847403219901,9,5.126155055821557,34,1.0990804622522414,20.113090388611703,0,0,0
188.09471103241415,1083.697549776093,5.369620094889956,17,33.130461035818065,30,1.9152845129293536,5.128571198982341,0,0,1
2632.2452717744573,41.07031716202052,4.780896956054129,14,2.8487060114548983,26,0.8624131353349684,20.074978376364626,0,0,0
736.9346357513386,1795.1207824545168,6.016769537989082,0,38.43456191267678,22,0.6539804619144153,7.50319353129135,0,0,1
279.7330184736963,1654.1498028027042,4.954781353779799,4,11.096845379930247,26,1.635707025007632,1.2795660950169039,0,0,1
570.1822200595224,88.73644134392605,4.232373346147911,4,18.85900229669878,19,0.8256568530046815,22.473615762299506,0,0,2
661.5883215441607,718.892554065152,7.583966077079958,7,1.7521283719426788,27,0.6187878162040272,9.519185054594745,0,0,0
2129.09330130864,5827.125330105785,4.034846040850191,21,4.700815719657421,24,0.8368623134258126,11.069805591088866,0,0,0
1607.3723874311338,848.9968769342787,1.7043632331588936,21,47.73765513324284,27,1.334941733203649,33.26938856532687,0,0,0
1779.98999140423,1075.5683695753617,10.912881084078297,21,4.641758379110023,38,1.4258052300036765,9.828647589716022,1,0,0
33.31107202584064,3640.754833728725,2.82315326099849,19,5.275774164911325,29,1.4015416978686468,0.06719012223821391,0,0,1
665.7416317291704,1924.8512492423317,1.3219484080879715,14,3.3021717475287766,25,0.7934208099933588,24.539631879472516,0,0,0
807.8176652457928,1338.6624575141986,6.49670694050714,16,2.072968218893088,22,1.7138485871017421,4.021495889602122,0,0,0
43.25460735973556,2427.781687045167,11.763940794894612,18,3.984066631021253,21,1.6055203351875325,8.360247370744947,0,0,1
381.02324482619156,3026.695742949002,6.595192996840708,12,15.42203723586734,20,1.4521515145522446,2.7512464345458802,0,0,1
1733.9896180572537,945.6597763389724,9.975553101207545,21,9.114666786482086,29,0.7851673440942227,4.228500167770352,0,0,0
196.96126080066713,996.8451706347544,2.2356229816420825,20,12.103335369032376,24,0.9413576765772128,13.925169913583336,0,1,1
939.6620543178299,761.7649670457068,1.7243455863040893,9,1.9578644131946663,21,1.3670154864359678,6.73644829432959,0,0,0
310.79450729227256,5133.573425903231,3.436727726436277,16,24.301148074208633,27,1.5196054009988096,11.838325640570035,0,0,1
34.63379629853314,1821.8569771319726,8.480807470446203,4,22.99373094069455,21,0.8039202977393091,20.81836008666291,0,0,2
351.2227542203592,160.33663922202828,6.224544095273957,17,0.3273957461208205,20,2.4278641039284308,5.00114050065353,0,0,1
4489.346027771454,3011.2195143488852,6.520349767005989,16,7.255821613186667,27,1.1413043716326594,10.081405517266598,0,1,0
1960.5837895538566,1012.5057853242662,4.779007410384033,3,1.0687444868268174,24,1.7627512107225587,18.038679381785286,0,0,1
3870.0170602294797,136.84755616988994,3.4845330612411805,21,23.560888252774753,20,0.7339797066909729,15.068381369926698,0,0,1
822.9747489334015,1226.8193575049947,4.923511793890133,6,20.049407760335747,19,1.3101716548542495,9.314261890151494,0,0,0
159.484945034231,839.7748716888649,3.938709836898785,4,34.839994813289394,32,0.7272372546018728,5.802096259626656,0,0,1
972.7801724020334,3182.5234236594265,3.314488984322747,7,4.045745576013513,28,1.2820320318288363,6.2808929979796275,3,0,1
746.9931573043142,372.2239706633133,5.6669492937256605,7,9.140251243551555,18,1.4520421027031287,6.811613673862622,1,0,1
2252.229064879771,2657.060580786216,3.682405304707001,10,3.059084872599038,34,1.4846265155518228,5.148100586350271,1,0,0
143.8787793039486,1253.6119893531356,5.253827534367752,8,6.959963951704365,20,0.8984438340346335,14.410755894148318,0,0,1
823.8820827558154,114.23708841114588,0.8202244401715566,18,11.079803557692282,21,0.582972027420445,1.6080729515443686,1,0,1
215.09142046150936,5385.061534067946,4.972187079833283,18,0.8220832456257227,25,1.3730021730505773,41.101254178541964,0,0,2
491.07511401644535,1108.0521219766422,3.6664106506702216,8,18.822172540204903,20,1.028980971362228,18.11432373212838,0,0,0
1624.351853629749,545.5891172326311,10.303883550778862,22,11.755710309369588,25,1.0287665113952082,4.248650039742756,0,0,1
795.5578319499413,980.6395982661396,1.2703435732272232,19,26.48778128639986,28,0.8345609532890118,0.5217508783423874,0,0,0
585.7110757059111,2956.390797070843,4.730913132761421,16,4.757291503162657,16,1.1811765593611614,14.908538170440902,0,0,0
621.9938481902939,575.5560806356975,7.495066907909479,15,35.04540233182824,24,1.2045946548065838,15.907316101337079,0,0,0
758.1945931003079,351.0460431150593,4.047486102442706,6,99.61470017243325,29,1.840443791335076,39.76569438821329,0,0,0
1864.6330422733568,237.2926567162728,3.5797903968013807,21,37.75496029402914,35,0.5386866967036391,3.5116207405257245,0,0,0
2691.690219588496,560.4324117265452,7.47904223708937,2,22.568905069083204,24,0.7109781251800723,1.036176708894957,2,0,2
3750.2696756267596,2301.519500964078,6.127560664484729,20,25.09915440380517,28,1.450588793770604,29.600287985604908,0,2,1
1875.211556546837,986.927405790824,6.423314503048999,18,12.790736148732833,35,0.5002539090484763,3.5913735398070874,0,0,0
474.7167507248615,417.1491847572601,3.319204894908627,7,3.1636650535850777,30,0.9038108116907859,15.341401713272626,0,0,1
1418.2207216172246,302.6155849553778,3.0279644797258864,4,16.95343385854178,31,3.1200053857497596,0.7509287090926118,0,0,2
710.6569920378727,636.8395992744456,5.258023476543528,5,18.711192200149938,22,1.07994378295451,17.15467219913979,2,0,2
372.71484829877323,4248.22658783671,7.868318272463681,1,63.38574716992963,20,1.5964211760435219,1.6301926573841123,1,0,1
2225.6524714286943,660.167879634612,1.5293032093778194,23,11.690426203792105,22,0.6158845296207167,14.272413663046876,0,0,0
67.02094009250726,6679.863176613473,4.146674581249045,18,4.748818028739643,32,1.596856861730666,9.12024312096181,0,0,1
2804.4345116484465,1026.0539480903622,3.126719130448478,12,17.264659175980146,30,1.0377877432084655,37.34399273164262,3,0,1
762.7111218071356,326.1477695004749,4.489605481425429,5,58.219366334324434,16,1.3549064190822637,0.4513961956009601,2,0,2
1236.6891576014689,3356.5402038026523,7.05837384202176,5,2.9258853739562913,26,1.5079064268571838,4.1445604519052335,0,0,0
1312.2934828595146,955.2666816951722,2.4027687403438094,1,5.917831197727347,20,0.9823693223720675,0.864513435898117,0,0,0
2725.900277670825,1885.1125491585788,6.569250774004726,23,11.709393035736126,27,1.4662312463941658,25.363193014114625,0,0,0
1234.9314704051253,6205.951575168483,3.3991312812324077,4,2.7988231181497008,30,0.7708369973272624,10.813904221488364,0,0,0
1162.0950369330465,107.21683606287934,8.640649635070808,10,0.33706855770867494,22,1.2331125248711527,9.187830309144296,2,0,1
102.77264093828649,182.54179837027797,2.5103930627969375,10,6.164322491583654,31,1.4858861099413752,1.6912705322133827,1,1,2
896.7896503870618,1941.8973408148092,7.800700928779571,23,30.07846436055315,30,0.9726063661718516,8.05738579953835,0,0,0
215.2613285079458,526.5630174450322,1.667567095292702,13,0.666621792390674,26,0.8211087479411646,6.104008556928874,0,0,1
1624.702302971294,335.565526883016,5.03087327740048,12,8.403627557144166,20,1.0055332029569768,4.553215935175176,0,1,1
881.473678790514,90.23626023000017,6.65652096973858,7,21.544928175760212,31,1.866517259898768,17.75086494983355,0,0,1
1388.1756160058098,63.133327528092934,2.5609220636524275,14,45.92250426454705,21,1.7554680339028628,0.758805781508952,0,0,1
71.07934329962522,2264.056916728842,0.6132334303827662,11,63.4786717020921,24,1.636110750796679,12.48476792836751,0,2,2
126.32472160217424,246.55648381005648,3.2013638923130863,2,8.221926554812654,25,2.2325234497516977,20.778794105333255,0,1,2
1531.904455979512,975.8801543080574,4.522161991427971,20,45.05171774685869,31,1.2244833463890372,28.541584479049988,1,0,0
109.7773155615516,1426.7137703461594,3.570951412053134,22,0.5409216168728511,22,1.310432847771853,16.441112385115137,1,0,2
108.7075122428145,868.8472691610928,2.9892511047088455,4,20.551410745018238,38,0.5503580688282497,3.983046739559626,0,0,2
34.61885601175516,71.22122199045783,7.54955081723085,5,15.439625438066795,23,0.8487356872155386,11.010722263233065,0,0,2
3782.031783463747,2325.2575078852997,9.183256917375616,1,4.305671285473723,24,1.4986864928990289,1.8294759454133054,0,0,0
1625.043251618793,45.85331835246813,8.854623973238018,7,10.618385395806534,32,1.7285599022634943,1.4939848475729631,0,0,1
542.957162880439,2182.5331254364155,5.965980942386391,4,2.0812388061299725,27,0.7282560555733152,12.214040457201397,0,0,1
442.08557747611854,3386.664356495559,6.484809787574436,21,30.78874048682511,28,1.1767592813071213,22.85438097796367,0,0,0
536.3917408002561,880.670533384641,2.249503402701629,16,6.64512363952306,23,2.89726082788763,0.8353926893761465,2,0,1
1808.1394396779804,1180.3277448375247,4.246518200555822,1,14.75427590438866,33,1.1792909846431119,1.3446441415570174,0,0,0
1319.418821154204,1002.2130920163305,4.772027983426687,10,2.593464678186638,27,2.176970442458339,10.005675988736229,0,0,0
265.76858613199954,769.4997241840077,5.381901166854191,3,3.4631917826278666,24,1.403424535677759,2.954057965949313,0,0,1
249.5514577460263,3306.197228269955,5.321182629202423,10,72.34312357493235,23,1.5288983656943789,11.355375521553558,0,0,1
144.2953894332074,3395.5336855256364,4.529755020395025,8,20.98075167908755,20,0.8489187096666122,2.8978873878823848,0,0,1
1315.6404920402153,643.794912699559,5.922210866600413,5,49.041436860245646,34,0.6417344489817418,1.4861230180091058,0,0,1
1754.6045590684591,1462.0397105523798,5.169417936316935,23,5.261482981764162,35,1.6306247159230578,9.464668274822339,0,0,0
389.53753946430834,3954.045550358222,5.161767628319573,1,2.6970028508407116,19,1.3810468942294665,23.78299965891414,3,0,2
45.400902141938154,4937.564626867544,2.6897765186069345,14,10.489545237793848,14,1.2513554487462835,13.86683913983003,0,0,1
122.89388894832331,1096.841600906857,1.8657329099776228,4,10.238102977092737,27,0.7183184085705481,20.492889869270805,0,0,2
4145.186003404811,934.4793674936211,5.399142819242372,11,2.8846059441067107,24,1.0589679738264444,3.716435946218223,0,1,0
440.22627836435043,520.0383887822888,3.3012254418331,12,19.819939753297756,21,0.9544038592555435,26.0564349455522,0,0,1
1779.5648519648241,4816.594561414113,2.782758708494856,16,6.736025464710183,21,0.9925278323756807,5.679259712538099,0,0,0
1195.9190065856455,261.1510544417019,6.763742413417261,3,3.09365550474596,26,1.3382874979496122,22.962868463243566,0,0,1
597.402986995191,1330.6423180390489,4.277282580067843,9,6.051633709294902,22,1.6201061830737082,7.6451859680613055,0,0,0
296.33362274708423,528.0785895930786,10.003008189710151,0,12.439958142872754,21,1.3694789434566004,3.7413637573059573,0,0,2
175.2921068685214,520.6914602478482,6.320648902478147,10,19.445210728374303,28,1.3202016450771241,3.6174591075134837,0,0,1
1165.4547541753766,808.7116207565174,2.5681176360837723,15,9.86354121342687,28,1.2781420006990594,10.062734398917923,0,0,0
1808.0342700091012,10109.346242285657,6.815744309022351,10,11.18540805426525,26,1.1389317343581062,0.9876767272380346,1,0,0
1259.0667602764506,114.80204697935031,5.744982409041108,8,2.2439697653557635,32,0.8761075714809561,31.92075767002685,1,0,1
926.7987532237669,1326.0520789228656,2.4964516554303424,1,36.92211656263156,20,1.2445057074549946,3.8006105489575805,0,0,0
71.42790477093084,159.27202275926095,3.023020092090124,6,39.617975879143145,24,1.646925857604887,4.906899068547277,0,0,1
4168.893835704264,281.7776208684644,6.616590383853504,18,17.2530018372749,31,1.1663523677108172,3.1879405794027704,2,0,0
1943.6353386132319,898.5575078017891,1.047432339176683,17,0.2668304060273967,26,0.8452309653089891,0.036149922797271694,2,0,1
435.7675143651767,1101.434058928875,0.7080398147629314,19,11.552827969079784,30,0.757101636457479,14.153322921817296,0,0,0
4712.648687260662,479.2118133986311,4.97451401712033,6,14.88215417830422,25,0.8340074431955143,10.71537082186562,0,0,0
1125.206965363376,600.6988571651713,4.735529060246654,22,78.47172551594927,22,0.7729867157969585,19.90634536316844,0,0,1
1067.9426024538204,166.47491497106887,5.264225747260927,8,83.07512090217854,30,3.882521213629858,0.5025052585044567,1,0,2
1674.3399538460174,571.9278694132794,4.744377338555553,11,29.237912743127087,31,0.8597689922016478,31.68284461776021,1,0,0
2024.1074406126522,5126.933733918763,5.874482714799931,2,0.9893888209441566,17,1.2027706563236715,4.821626816610395,0,0,0
1302.2070688976596,4372.673795242986,9.259734723232302,22,45.95258536917547,28,1.1797376417614056,29.311806002719628,0,0,1
184.49079437646193,641.6778490836473,4.465819071275567,21,14.226834577109502,35,2.1496949177743527,1.3597913436456197,0,0,1
515.4726707786099,1298.9369146917834,1.4274795204713695,15,24.208224352583997,24,1.450269832012074,16.34721184775176,0,0,0
3178.7018077090474,3635.1900443963937,0.9340886202866785,6,7.843292147093386,28,1.4474419184239047,10.391684562489614,0,0,0
325.2756654451327,39.304532492909495,3.507074114853401,22,5.777647907891023,24,1.3096425877558229,5.321578352745526,0,0,2
578.5773312952156,2526.5031493002857,3.5708071242743293,4,9.33317902410053,25,1.3634759724734533,0.9893983777653653,0,1,1
698.9230720624772,4475.465577423952,1.6358588879135378,22,2.3827294459491712,21,1.3894417704267181,11.13843207347953,1,0,1
714.5078491079995,173.65288893951276,0.5804566202381961,6,6.625701295235659,28,0.9503137789134718,0.3215484322271739,0,0,1
1159.0093766626783,294.11746458329395,3.329694143059039,18,29.238572687808404,24,0.8462471639848275,8.348576064470343,0,0,0
3459.242460536235,4886.564463422741,11.727735517020479,16,0.5803404008649126,21,1.250391648787454,11.122414956430925,1,1,0
350.4184691290237,1186.7932842854223,5.7228287719954825,15,2.4532868950555753,22,0.9853393395635583,15.824693897921104,0,0,0
175.4491256059428,51.44755606426371,5.409071406754512,20,2.0049623298333885,14,1.3148816551861011,56.98105372514596,0,0,2
283.9839822726377,476.8653003327386,3.9662232923353695,23,7.739470661735278,30,0.793179132367667,3.614780888145428,0,0,2
2635.6436973206623,926.6018933684314,3.5029977263145664,20,87.07179188303265,23,0.6773933178009294,4.670197370056016,1,0,0
1265.5088972914734,1800.9163029659571,6.091572739670456,18,2.8557522483277413,28,0.7321796087652535,5.007027905044467,1,0,0
424.0901334548221,2011.6612023505727,1.7964737987150023,17,2.3582770783822546,26,1.1858368163202042,15.782549569279634,0,0,0
2051.0374253296645,8109.580002745574,13.576170388201836,18,36.986398229189504,30,0.6400381639060904,32.2271193576013,0,0,0
2391.1360870396347,538.4866280943199,1.9061372214521477,3,32.06248284094104,21,2.6640936366166543,43.946265870768855,1,0,2
2268.9777535772905,1189.0003685863296,6.439628953757596,0,0.4915730797988037,23,2.666836365149729,34.983409291493466,0,0,1
3034.8794519290786,1173.1786250916982,2.047223466759228,3,20.897123860502926,15,1.7405433018941872,25.381621280768066,0,0,0
368.8094868975385,810.4183973376539,4.822483311030446,3,15.983424497753727,32,1.053624738414513,56.49623803893179,0,0,1
1708.0018649876665,307.98048181168343,6.873667503263822,8,21.898519980110667,27,1.0065809712763645,5.658215258017852,0,0,0
760.6228494225371,5718.466958517104,1.1998327027801596,7,10.23318145061,27,1.3752208450229013,35.55251953925546,0,0,0
2234.181304488142,2909.2241338317885,2.2253287712365433,1,71.30369296748202,17,1.5506096970950558,17.176503062497105,0,0,1
1584.5105623217082,1064.7281736241516,2.339197507501586,22,0.6725603469609951,28,1.3750679319366594,2.2137084809210616,0,0,0
1817.7305046387114,1416.656073920834,3.7093655505318615,5,4.005874900265454,27,0.7231133023829334,0.5583739788208062,3,0,1
1301.101028821051,416.7210033871915,5.217784047706166,22,7.576281627019999,25,1.132057209771615,2.8969727840302704,0,0,1
254.38423714873505,1207.1934413401527,11.871217553268531,10,8.961500094448855,28,1.5118080248307046,18.101604919596035,0,0,1
965.0204290306455,1811.0183744656554,3.003920317328627,3,38.14453412394712,26,0.47491693876434343,11.98618785048709,0,0,0
5033.511914020334,1115.9262536788842,11.417939520632567,13,12.314857057146359,20,0.7849584866829341,3.0487435048079568,0,0,0
3344.959265608919,6981.152632845506,5.595505900346112,20,0.6924025639790874,26,1.5073419556587593,16.253895604313904,2,0,0
72.9601353411033,1447.5819224783108,1.8551187478596856,21,7.86025785278639,18,1.0780394989352113,1.8283387272064648,1,0,1
236.1221613809059,725.3733461605267,3.9787412718211264,8,8.080415942196325,32,1.0784778214805455,20.70097295637567,1,2,2
189.5013681832223,2248.6149903274595,1.4483960569058203,1,50.49800003182631,30,1.9028954515172491,18.967930229094403,1,0,2
1573.4646248724644,310.3304645676778,3.508469151272033,0,13.714282069596809,22,1.1953937779470616,43.15602802056786,2,0,1
2063.0837368350153,758.01903921455,3.3418492857527777,3,15.144649121814917,27,1.0106748715584368,1.954174597932032,0,0,1
308.21241002006343,669.1729328306545,4.8748147009055085,11,18.73732641131833,16,1.0795783813888105,28.452036839051743,0,0,1
865.9059366074348,877.9414449451754,6.453189694940801,4,22.047703836282388,22,1.093891766339734,5.006250525006168,0,2,1
2224.3820845733644,2313.37612960264,4.191350698050457,8,15.119967803281755,25,0.8747509589476342,6.45548171543263,0,0,0
1603.7163423766117,1022.9758550812344,2.0260310297524677,21,4.0612799977195495,24,1.1173812063888549,7.583384689753402,0,0,0
957.6849739445539,2399.9238893626734,9.97742077925817,3,31.077567569600273,29,0.774172249573285,11.831035948755998,0,0,1
1090.9358054840388,1318.763343740877,12.33143372205187,15,19.758231223057457,27,1.0689434824380457,63.02492567830292,0,0,0
872.0115800820872,657.9838155307862,3.919365994024846,1,20.314407364050005,22,0.9935849446015665,10.994252937787046,0,0,1
443.8146200019446,2520.9290065936293,5.438610360914715,15,85.07004539538212,18,1.3398282774847006,31.360933600294317,0,0,0
1018.9517689617866,438.28341097762046,3.773329356634398,15,24.332265861083112,15,2.238508280708341,3.532906997596571,0,0,0
1421.112357316175,411.1446169426559,4.900541145271203,20,26.504662698666817,30,1.3550344254349467,6.098182694406381,1,0,0
2499.336890128943,1083.290739675246,5.071259097925447,23,45.36367869742439,28,1.272851006250934,8.426243706512137,0,0,0
1233.6825858498253,483.3800722404356,1.6569534263870012,23,2.4578090654112583,33,1.3411592087363016,4.679270942212446,3,0,1
1738.160455502631,43.692860832984834,3.5544145972275327,21,10.329183479358667,22,0.8649132221046735,45.19799472533863,1,0,1
229.32640458694854,1597.454563223277,8.221198117353254,10,13.032773040302294,24,1.617339529495135,15.521675114507456,0,1,1
762.8894223996512,1103.3770078008627,7.7879594582428275,0,5.9909572394645565,29,1.437004382451103,7.821330386639259,0,0,0
31.250518597347387,914.5808997555574,3.5091118834957915,14,27.432889484207585,25,1.1996201518869125,16.698321977843094,0,0,1
359.9164008294403,5145.4411048602415,5.134093262107358,23,21.558739163817087,24,1.407748023977778,7.560772851419007,0,0,1
1575.576422733543,1300.1441492336887,3.694928011201833,3,19.141867457535415,31,1.3924411301903685,0.20850491147779876,0,0,0
5785.802529063367,3016.3942924957933,6.608709228174767,17,87.90359591907468,14,1.393452804611559,9.401942274073768,0,0,0
145.33725165331134,255.27575062171107,1.190665848372653,16,4.5040419021239435,27,1.817944476506896,11.775879500703535,0,0,1
635.9831080657032,1293.1895046512136,6.1020264823483625,6,19.946286320522976,21,0.9019017095790992,47.69151719658912,0,0,0
1951.751382682098,3067.1985380365622,10.38186411501072,17,12.024504483229334,26,2.0636682260444648,0.4997786322578385,2,0,0
293.8410335138765,1342.3840558935644,2.6683576397923687,12,5.631078613166279,29,0.6433519757808287,8.611662914146006,0,0,0
991.8462948171389,1928.8477295310918,9.53966162434266,19,2.625784304116825,22,1.5916255323912567,1.2397481312346064,0,0,0
1604.9284190817627,727.9267356265125,5.301537740743401,19,33.933720778397195,25,1.3061764479921942,1.9360600128604468,0,0,0
1168.4898045977188,175.50912867157788,4.184242423005067,9,13.57490240143223,18,0.8309678604948172,11.313567537417654,0,0,0
269.94248076014003,948.4580056956588,3.4902988448720844,0,26.138869588279235,26,1.8434544334484646,3.1608339544318125,0,0,1
546.9216446275889,782.5000199527232,9.742594871104199,1,11.823245313179772,23,0.5913154107131499,16.59595501258988,0,0,1
1857.816049872785,3056.7881283882307,3.703196146478624,16,3.726479639299445,19,2.339855319337603,8.663466854123953,0,0,0
989.5332022354117,449.56153350364286,11.324678781166183,21,6.177126059815647,24,3.01236583284512,2.954073686020009,0,0,1
26.29200300109397,5134.839396760447,10.549131973403021,2,7.207813353159982,28,1.1442162867879178,8.169683880911162,0,0,2
1737.5036801931485,4790.0694700386575,3.150998532057893,16,54.14260456691244,25,0.8097033423432607,0.010585390295273481,2,0,0
63.139852773865044,456.7938579326748,3.8938151485553667,11,0.08473807703149715,24,0.9693836190981419,23.83054391482129,0,0,1
1663.2481536236528,671.6856098182737,0.8871272699951392,23,63.67683821546913,33,1.8040710552006725,0.15311320219803518,0,0,0
291.4988823822466,3418.652633070468,4.276710220554411,11,59.030629740052596,19,1.0736349711370758,0.08441492657237704,0,0,1
3826.204063471743,5129.797345046864,4.639462713052439,19,83.39831226403574,21,0.3774956141247707,11.345667107766065,0,0,0
570.526569547524,908.9680280810861,8.757819148220378,9,9.710800559498574,27,1.4238592224402533,43.57680612462774,0,0,0
495.09001316402765,610.6947005828604,10.893396749434704,6,49.78415955657704,25,1.74636332272246,23.249762062166194,0,0,0
213.4539300021427,1150.1194757283067,6.99974177837533,9,7.552765423914963,30,1.5003895393602495,3.484531026453692,0,0,0
457.6558236186287,1776.0189621693833,8.323758098830945,17,0.3996948228373934,32,1.598920813661251,2.6278286522094376,1,0,1
2531.2827346119666,509.2225769348889,3.891697234731578,21,3.8107539604905614,25,2.32056149125605,11.805593697346373,0,0,0
6750.495476850868,2030.400168120323,1.7437814885320193,5,43.58734385398982,19,1.1223399870839688,20.754732130826923,0,0,0
571.2269219225361,109.55910658077231,5.295181018978129,6,0.20790457677723054,28,2.428637100599536,5.3944837423345975,0,0,1
734.3768726124434,105.82639621835641,8.668118181991797,16,11.84467745180521,25,1.1482639394883574,6.795100008233,0,0,1
1556.4672454938916,762.3435537093749,0.34246863697852137,11,1.1791817913343272,25,1.9168067016745332,1.4726509176332871,0,0,0
2627.930815355617,684.21092304981,4.786342991527713,16,5.061418543851452,25,1.1537711704698879,1.9901960609194795,0,0,0
1098.86123441434,598.8919053581528,1.0073982108702326,17,1.383256561228476,30,2.7602529671786025,10.081726793892944,0,0,0
616.1607193471177,1043.0191344703405,2.510245519852601,13,29.441272799243343,21,1.5827550567223316,1.2997938276662049,0,0,0
658.5037317804047,610.1127909748267,4.912707086088959,10,13.413195331646326,22,1.1753090529636525,2.7084538043874944,0,0,1
1447.3667225070133,350.26871616449284,11.000533660464589,1,34.85812163604161,24,0.7559099027429544,3.2094881210272366,0,0,1
23.868144022681548,585.4428109588248,4.474073835256904,20,17.48827173350193,21,1.3264222642485055,7.042215147745173,1,0,2
1179.8047026711024,5557.58651822833,6.716963565899023,0,53.12196719344237,23,0.8801077903602421,0.5602193283722812,0,0,0
547.1235340756995,824.2825086561586,5.261851471441477,10,10.696503523213982,25,1.4570297969294084,8.312270745860744,0,0,0
1917.004985732955,912.4046698925952,2.6250805339474366,1,15.271138939213511,20,1.5897664985759243,31.68600071239978,0,0,0
137.12301078782724,1318.9620062761257,5.938856477705766,15,12.881256568799586,25,1.8517744887360077,0.2972144168285211,0,0,0
1084.667587253404,6172.186149915103,1.7054440021728792,21,9.932300237077705,29,1.5144959240616398,11.963011441017656,0,0,0
806.9589942723337,444.8190166601623,4.431280155567469,2,28.058082757262127,25,1.2611489682337844,21.68313749643689,0,0,1
1253.7583957695736,1745.173389763935,9.631096270617409,19,15.514511060386942,25,2.0747235736227547,4.495637937255033,0,0,0
100.46261421281824,1918.0907194401336,5.003063553904948,0,24.240312852337972,19,2.173170357896024,1.69210855750082,0,0,1
1060.9543605057731,1432.1572440582042,5.2633285802772365,20,23.152220250244326,22,0.8016502455183007,0.531684066590763,0,0,0
1009.2323847234567,169.12445160119603,3.5048964485739407,19,3.1801827944141294,17,2.471514505989619,12.390627362913131,0,0,0
1006.9782717208208,1724.561404570932,1.2676921935218481,7,15.754342041780246,19,1.9969449018445071,9.641824243470936,0,0,0
1130.057759248894,129.36149194313444,3.788709772123818,18,3.3405550807792093,32,0.86827603570627,3.1253950025883466,0,0,0
1374.148469388505,1390.0403344774022,7.545892357239145,0,13.131568284223047,24,0.5759965143773751,21.378191512397244,0,0,0
1981.6391721391913,2048.1961307481033,5.699319979884312,4,16.971744516057417,30,1.9774120888346152,15.959256524052064,2,0,1
397.35822335149913,385.42619612919367,1.7875852608123914,0,88.36110802456739,20,1.3264394605254863,3.8826756779919185,0,0,2
2111.902026573477,2794.156118642691,0.9593152797468704,10,0.4652715599824158,19,1.0180228724506004,16.798053019931594,0,0,0
847.5975395115314,76.23603299039911,2.602317750534057,20,1.4351532083388134,19,1.384820569656058,3.3723583863011415,0,0,1
116.22702495604295,2815.0505981012598,3.8151521424390897,8,1.2023245256505124,30,1.963073404220925,13.49704074070015,1,0,1
92.40203129006913,955.1935172954908,4.003659660625114,4,7.621472356974347,27,0.5419232299548301,1.5141764927135524,0,0,1
508.18821003230585,398.06061927379665,4.039646524149208,1,25.854927339839023,26,1.2846332421012288,14.14119932107408,1,1,2
1863.96582727641,245.42132942907412,4.444829418389973,12,27.873906668362455,22,1.2497725700591544,3.2739064554399038,0,1,1
1495.8912608249411,4626.246911262027,5.820432248630717,17,20.032855005066807,19,2.2223882896076166,10.19675168628414,0,0,0
1884.8887957683173,143.16154728588464,3.340034984163352,11,34.07767306122265,31,1.701334785379466,2.2716300869812196,1,1,1
893.9549998582257,363.0164517734614,2.193497573047165,13,5.8481572547398875,32,1.6950144384933623,15.53407860666186,1,0,1
716.2086942774839,671.1574213610736,6.25023473300733,4,1.3842730402781083,23,1.022711285936593,0.753738710572244,0,0,1
211.4316610722594,1482.303361348346,7.657998726483276,23,0.8986870154640334,26,1.5965281609586972,2.169888273853883,0,0,1
497.3405783988383,1210.5311705205954,2.9742408299978904,9,28.671602425914614,20,1.0059599842799778,2.4420983130040397,0,0,0
703.0345006630798,231.4006246172697,13.632095736136502,19,19.66425797970155,20,1.1694152701611413,0.5066705211489851,0,0,1
131.32864592307408,543.160891235406,10.646869859021256,1,17.99051665693125,28,1.5365736143095146,16.398489816116104,2,0,2
319.0954663767356,439.193679765783,1.8922630224045522,3,6.225377520354468,20,1.2638377487743975,47.529836021582,0,1,2
1114.2365365505132,390.32556833899883,1.0263199721601046,11,7.168243365762107,26,1.3861011811951567,18.082456128805475,0,0,1
1616.637088291641,824.3612682113248,3.9295256388266093,10,47.59188584427071,24,2.065180754021776,23.6476450855572,0,0,0
7706.567456760971,1856.2531335893038,5.285671150270477,3,0.9889682629039294,22,1.0554989223081372,0.07230934719602945,0,0,1
3265.7067252851784,397.8018117835419,13.51246217859085,10,22.29050968414357,33,0.8065092773790905,1.5049896057652392,0,0,0
1254.562771763447,715.1665296347974,13.241359427052808,8,5.557986114395424,23,0.8498420033671861,9.82507830538702,0,0,0
676.2575719383173,773.7021485305904,6.727097915828111,9,0.5975655990548745,32,0.778963890393219,45.72924879352595,0,0,0
1233.3065549358253,5653.360133050135,3.388651161619931,5,20.355118060197366,27,2.3232638301690773,12.97090462651978,1,1,1
1868.1831616917113,4670.5587725813875,8.991537364835487,14,6.027592755469069,24,1.58676333305427,5.623479507961732,0,1,0
171.13335738324082,2445.1890943735793,4.807458931285414,9,19.209974236380024,23,1.8742590901760026,1.8959871750334916,0,0,0
652.9658614036747,444.9330330194856,1.577424463607666,21,18.44727835770947,21,1.7445789099528897,1.9903274131468331,0,0,1
2217.6158142056365,135.69375251561374,1.6279922237848627,20,11.478894689926355,36,1.1282173328078857,5.407179131414688,0,0,0
601.0846043418958,601.6801117978933,3.4047488083586566,5,22.53387201129163,30,2.3442256811569995,15.013200511528256,0,0,1
1038.000435452054,495.4939936535434,8.091896425534797,0,13.049637435686119,23,0.9264819844891657,0.3880383156374979,3,0,2
1083.4067390380867,1087.6043564109293,2.022319399654524,20,5.066469981528114,25,2.731766798712614,22.940924016403173,1,0,1
264.7096855404211,2285.7795258844653,3.3994908771054066,21,19.870387902310803,27,1.2833641863398884,34.07529784878682,1,0,1
559.7433134587166,2961.307543196465,10.591078558452248,23,13.342534604687215,23,2.4979636663459637,26.358875213748398,0,0,1
508.68032490636193,2825.180516952033,5.693003294550214,19,0.19213451056154401,22,0.802806492385971,29.305878139011398,1,0,0
51.855146257603536,698.6704432318505,6.125440424883828,20,34.78745305226265,25,1.0278039188347465,0.18549771906176987,0,0,1
49.38702952463638,1773.4516050165112,8.27270717655357,3,11.83310110819873,28,0.6432918909069699,45.68780305931329,0,0,2
2158.387534566967,592.7695096781423,3.4490017958180585,22,30.445750414603914,19,1.8531726815482212,5.475237071283413,0,0,1
402.7114477160421,124.25881784883947,11.02745960723582,21,32.15001945703259,32,1.351598054188389,24.416474439986228,0,0,1
895.9695124622247,1843.8060229377334,6.854188478375412,13,8.830906336282727,32,2.736404874845353,2.481469268083064,0,0,0
445.82718809587163,44.81424254888026,4.093065008947905,19,10.628786055617589,21,1.0064272096907356,7.098480441478561,0,0,1
3409.7552433902274,819.3723839102236,9.784287920051057,21,8.06150723279485,23,2.0851343112103553,0.5420320241306208,0,0,0
380.1862618407132,629.327297657268,6.665697949284208,19,8.952202197561666,19,1.2610769042034569,0.49081393238142923,0,0,0
693.8204197023085,1803.2070830122072,4.37500004801093,7,33.82796138820662,26,1.176429877347796,34.43471584649949,0,0,0
2493.7357197387114,2210.225614696288,6.2408372809555,10,23.277728194738412,25,1.087897295101316,19.96714814250891,2,0,0
2233.687845178554,573.8123986736267,2.3507819034051383,14,2.029148168875851,26,0.8710473845879474,9.055830413836542,1,0,0
267.10341522867435,2533.996973841203,9.011203004748834,18,14.135970522956557,29,1.4186407110952106,8.944866196506748,0,0,1
1967.2910926985526,552.0332182070815,13.37483877514209,7,82.47583837015746,21,1.329172667991092,16.575902421270886,0,0,0
755.400975778946,916.7697949043967,1.2181028423092546,12,13.578433399686723,19,0.651112326110423,5.0165652339878575,0,0,0
811.582637064551,1977.5270259310728,2.9496138987215867,17,23.11769345115844,24,0.4473182059945498,17.219225940181012,0,0,0
191.92406827748317,1800.9715882331222,2.7719975175086122,21,21.98405583614057,22,1.0776700689368643,7.963255803388625,3,0,2
120.84277048798805,6587.339089295984,7.1258800697566995,23,6.469073051852259,25,1.9440979820021949,12.19059509316045,0,0,1
1582.0761217417269,412.65006659771325,5.108132057553217,16,6.974627661801871,16,1.3348627087379705,40.1705543666783,1,0,0
843.31329751622,1658.4755980761097,3.2807905907392025,5,19.314470132267864,29,0.725360488124368,7.648362505949439,0,0,0
709.0526049693575,1441.1898787347457,3.643596279987159,14,10.396713664680297,22,0.6007728474794414,6.50376437686336,0,0,0
1589.0163215780456,3729.3944729159257,3.068360723969837,12,12.679472735712942,25,1.9385078568428153,28.34154825773407,2,0,0
1760.4256387608623,285.0479313670177,6.575868671122085,17,18.71917290777609,29,0.6305159124922067,27.944745970201293,0,0,0
227.66531691247937,2120.269510971716,5.053468284032041,10,22.547481516241675,24,1.654892607707435,58.5848500616725,0,0,1
1150.6232155002165,1289.927521578523,3.5214575397522823,12,4.7518561438207785,23,1.5335982679806714,9.605127764949696,1,0,0
194.52223943344967,511.6842915555284,3.108555190402835,0,2.3813096716353312,31,2.3487056981848213,5.063919121507264,0,0,1
1690.1718653928194,994.9218618581591,9.888571936960822,17,5.175317705152929,18,0.9496519765206692,3.299402621739735,0,0,0
1303.8729207391327,639.1953372809593,8.871034644927414,4,10.6250795826565,19,1.7784143136605723,0.4162943777038403,0,0,0
3785.1593431523893,1328.8007207956089,6.624137365640388,5,6.281477079770774,30,2.138166639829451,15.567479124343595,1,0,1
105.74108901023874,3327.3458707796567,8.299149425881456,0,12.602546445819026,37,0.7154450576805265,3.1906739599141027,0,0,1
90.49643218980495,1293.5325897087785,1.590732577798584,6,0.8242214355497836,30,1.2881728077009553,11.196387675625433,2,0,1
417.8555523138368,1528.377490691099,2.007630505060879,3,10.692609802586444,20,1.2018299386172064,29.808185176966145,0,0,1
384.0952776276598,1127.045879793409,1.8369002230893021,8,6.8826300553913855,23,0.7981077412244539,36.00016287771078,0,0,1
360.3942755548727,108.7813447090881,4.465871470636401,14,11.475022108887476,27,1.3576074476975417,0.05303864768866465,0,0,1
2860.6069690595714,427.6261256458832,8.46826704806064,5,8.236568934461898,28,0.7652164505601045,4.576443372578332,0,0,1
364.492626276328,1045.9158537049707,3.3142236962656155,16,5.015858934487938,16,1.423139109939419,21.795923650275295,0,0,0
400.8622107850337,587.1070957137224,9.190134680167386,19,35.16797602315255,27,2.9139331399524795,9.225968179887483,1,1,2
1729.5347043165932,330.9059757599874,2.944966830474695,17,3.064182743147668,22,1.125589170379866,19.77245394026336,0,0,0
736.8369186380685,1082.1708218663734,4.059216938738199,21,17.15566257476742,22,1.175911366629274,23.034291803769335,1,0,0
1819.1436779101516,614.7046357575036,3.287340180198062,3,38.78311777405622,29,2.1524426618240917,7.014230457158328,0,0,1
101.1205265143102,477.82667700142804,3.8486774109327473,8,11.604623543168502,33,2.0214097623990743,5.336390456036022,0,0,1
822.3121905244841,965.3908680202089,4.141603072705634,13,31.36160121216752,32,0.9540319251736685,7.293177408778324,0,0,0
61.029829925539794,244.56632993103645,0.9978572640988065,2,2.0004250214273425,19,1.608474520441063,12.694085747579738,0,0,2
97.6423418127583,3971.3458439304122,5.591770256243906,0,10.21201870074851,23,0.3749165365424376,5.490435777748198,0,0,1
2862.950141774581,3064.048597912848,4.075995034192433,10,9.160387757807278,29,0.817383145097224,17.899233934800876,0,0,0
199.93495885573404,1874.554434381461,11.012731625855924,0,0.1222791604191667,20,1.8737701456081632,28.119984294606944,1,0,2
932.2235372746518,198.43306974692044,6.419431893326238,11,8.784782385424373,19,0.9959183861615601,3.9806307969830597,0,1,1
655.3897063022737,2273.3421091365058,5.435629259285301,8,6.907448625795432,32,1.1273471855837196,40.225336566249375,0,1,0
532.0448667134439,2505.0565233238635,10.61789649191771,4,16.620793419152704,26,0.8438941771218467,11.697378821333999,1,0,2
2781.1039244105923,2220.005764253317,9.971805387940014,14,41.78931149292314,33,0.791448478782144,25.261422751716644,2,0,1
46.47805922600184,211.49974049323674,11.310881480458384,17,1.345442475070819,17,0.45001605962881297,1.3166592738096332,2,0,2
1328.0220569992275,1578.8490509779638,3.0775039531216293,8,5.950770831458532,17,1.0562657495828744,3.476195066707703,1,0,0
3989.0659753620403,2726.5890122544083,1.8002378850548413,12,8.806551385092924,24,1.4714438617566106,4.645947013558287,0,0,0
1005.6354323370224,1321.8283695098892,1.0027878075422427,12,9.109645280445918,23,1.3481592197573964,4.328576849550058,2,0,1
3334.167743502943,1589.4147089725066,8.229199946458081,23,22.36214323533573,27,0.8756345724152192,2.262893440644081,0,0,0
84.40740595498886,949.740193140985,0.8571581182072275,12,8.78850964590233,25,0.6896323186044496,24.317722152607093,2,0,2
671.1786227567553,1158.4139646534607,5.102803729915176,9,0.4130548197508584,27,1.0517435739262102,6.508046087116496,0,0,0
381.58201586082646,82.47246510677945,1.3112704794957646,9,18.57350050965447,19,0.7177834604193964,39.60435395214311,2,0,2
1594.8542756877684,1558.1623405321627,8.975894231953236,21,32.42015001465854,31,0.8985002817732982,10.509629680006926,0,0,0
4794.891414610019,157.4338574751355,6.099055105311615,6,10.820259143808146,32,1.2861358992547192,1.7874951254449916,0,0,0
375.71233710038166,886.4330682899625,8.94415144013727,21,13.052150914107013,33,0.8619116190908602,9.473378552773053,0,0,0
1294.1855117960379,549.3553392220533,5.174642709476659,4,2.667829084062109,24,2.043217860390343,60.51507768225847,1,0,1
284.9220981611356,1212.5982788124825,2.1868202929029334,19,3.73934754892277,26,0.8038629155132987,9.993648105457458,0,1,1
1019.80249057755,244.79492997694135,3.2265765932623305,6,4.02153007085338,23,0.9589538633186986,0.02245313442806164,3,0,1
768.1942018067863,1794.7475698871278,7.7269676842148955,19,8.45132214648638,21,1.7158222267752226,32.45107154634458,0,0,0
4310.889357089738,2407.2023686908506,1.2097821518035115,9,39.49662230470126,25,1.609896298829373,3.212897081712603,0,0,0
1145.40731364528,297.5321618696398,3.041366375557208,9,11.065415534949386,32,1.5017754157864485,13.99739056060248,0,0,0
536.0285321034927,195.2465323791379,2.7370716369175634,20,3.199711136778423,23,0.9462776370477851,8.685260035827271,0,0,1
165.3757322907442,265.88534356477186,4.179874512873311,23,4.640486830029699,34,1.5428808158809326,4.7242247687336745,0,0,2
216.78423646572355,3174.9128255458745,6.555856386548501,12,7.267990719810632,29,1.6766970557321705,3.9861217001201394,0,0,0
326.36153016905877,1156.7660281608607,8.803937151549082,14,14.642958986421753,36,1.4574326558909692,31.700386686801792,0,0,0
366.7661426736438,974.5854724583776,1.5041424222201436,5,8.698165481974563,30,1.2056933022291372,29.154920724531518,0,0,1
2301.4825931157325,199.2690587910239,2.3041771455143594,19,7.474684746156262,22,1.538545613193318,8.637216878377629,0,0,1
1008.5161821401534,1602.8315644622112,1.6539859850701453,11,12.476783029707626,30,1.184937513962232,3.5888836564674023,1,0,0
909.2703737425322,3067.425397045022,4.293702292117668,18,4.1528134840951845,23,1.435583329033657,1.2955939846249547,0,0,0
166.2878076095575,2672.01303311669,1.8235536112207287,10,1.232853358550547,29,1.258405683514444,2.043431229125245,0,1,1
2380.533396986105,1505.4686594474992,5.563056850501314,5,0.37075928381287593,23,0.6674602104206753,8.864055697122126,0,0,0
1559.6811342486328,147.3943532600913,9.545381822886293,0,4.340435519711885,31,0.9670643271683367,4.415083582109607,1,0,2
104.08003126341957,208.84610796879093,1.0355343387206655,1,1.4409254952536603,23,2.8071909139182356,0.5157435989855202,0,1,2
1496.5242807229452,105.84926521793922,2.366252035252112,22,6.149794064410423,28,0.5627263249962958,7.287319926046319,0,0,1
961.1003607408607,476.556626161645,11.383636594554222,14,22.237687959075508,29,2.272532111779583,16.45399842863859,0,0,0
122.31049456360194,248.68614975513893,5.01078653900609,3,18.89726929773668,20,1.5686442283730577,26.67366034403613,2,0,2
755.6529447280429,481.75502122697065,3.0790750281256725,4,14.159848394996514,23,1.238237909030571,10.561937286259761,0,0,1
815.5985820979221,759.3411227618453,18.660153971469903,14,28.708931349357364,29,0.6236505492848212,15.417515135813826,0,0,0
237.50189314617975,4326.60303436635,3.6341691252677935,10,4.970698484574266,27,1.2208412597281024,5.432010300334767,0,0,1
3515.8363128793953,1443.8598913540168,6.392698528743667,9,32.44936016316668,15,0.9061691809891349,8.227820405066915,3,0,1
2296.346969881622,2732.4764145781255,2.445904987504848,16,7.643375647675708,31,1.9651948656362392,15.695427133906273,0,0,0
1346.8452683122616,1888.6307438641752,2.1258926340047504,1,7.684733955041024,26,0.9354948906970669,15.60836981315237,0,0,0
764.5354876026628,209.02542748910787,6.633732632551452,19,7.796774930766745,21,1.0938120853622182,6.630740276265013,0,0,1
656.7556061082129,2027.2570954009987,12.011598644166362,23,1.548680749273381,33,1.3477979243968026,9.41439865568824,2,0,1
1283.1288011768702,512.5800326799197,3.1771516612620614,9,55.63041620089842,19,0.9438280080916719,30.901443851478298,0,0,0
966.0889691645509,1558.7641656302476,2.0039784426406597,19,2.236321357722242,26,1.7921860424181513,11.995989990335456,0,0,0
97.15583603255186,655.4610645344661,8.142118384720323,2,6.2528752804605015,17,1.0850694035610826,12.345944181806836,0,0,1
882.1645063208425,9124.28826255222,3.199687084376859,18,5.7695110366901625,19,0.575603904640021,18.42423271937845,0,0,0
1990.375746041759,488.8739145092093,5.612520799722846,4,1.1642256358557197,24,1.2973278715985122,1.4690343112843482,0,0,1
757.7353941586761,520.9456742251805,3.1088374388975137,2,2.47772171185878,32,1.6869963796389482,8.87995490820591,0,0,1
84.0259682101392,4033.3651504066,3.4908031804482125,7,0.6884341564449709,32,2.171053111715836,38.45723039517669,1,0,2
1871.6961281734843,67.42974192369748,2.29465205914183,4,5.188240007120473,17,1.523587249329553,5.3866180391360325,0,0,2
289.81968042304885,1819.494835863176,6.746030594547539,11,30.22244930142795,30,1.9372199918613557,4.193432697700632,0,0,0
379.0917088980443,1968.25764241976,5.720649575676597,13,6.220059871074366,17,1.4862886177966756,11.03178258033157,2,0,1
235.96633210088197,2745.299877692729,5.592226297388053,6,1.98056190047813,23,0.8321299074769759,2.9987705979080905,0,0,0
500.9583325660571,5530.0495192662065,2.639970754585032,10,15.563909414661302,18,0.8936029605419745,9.741686434018947,0,0,0
1716.4060973798194,5599.876205606295,5.40136741302813,7,85.26372202185222,28,0.48699290764084274,2.0302867194236347,0,0,0
899.2286402288515,131.25718635992058,13.000847962306503,4,3.965808535292471,27,1.1199209734115274,10.404107140033004,2,0,2
295.1166017445061,2617.604182047318,2.0148307676510404,7,4.918626277973804,26,1.5858617595746043,11.06707740663642,1,0,1
2542.810881518585,1589.0014022174494,2.459329082458865,11,53.55154929307084,25,0.649776441363609,6.503678116492171,0,0,0
2560.1420612958013,1593.3853668490424,2.5611732695497174,14,2.95439578334277,24,2.049487065318661,5.789704315989372,0,0,0
2473.616216122924,236.0508414024958,4.727414662951899,18,10.737459766797485,20,1.172200791287856,3.3797364634291203,0,1,1
347.4249996883049,1605.5355432116671,1.8967508371289221,15,4.109688460617157,20,0.8533784330003774,4.822261125700002,2,0,1
740.1114757187516,6096.8392483718635,6.104438103910514,13,40.40153969205812,23,0.6484477270038882,8.27813489465456,0,0,0
5058.818869915941,3672.538315697752,0.9338150441748363,6,59.86681673385515,23,2.3736327569013445,3.414785625788041,1,0,0
1794.1572466193343,897.4009613204953,7.265498575794697,7,25.28651283019775,27,1.9597929216079866,18.325144495837513,0,0,0
53.05193436425783,91.15170224260788,5.526233649819864,6,5.670313397350797,21,1.0393930065037709,14.814637480279508,0,0,2
100.91310538293261,704.8156757269793,12.820748995823035,17,7.749825609742812,32,1.7711049395315068,3.7651239564478645,0,0,1
768.1917173252755,2656.4185043408634,2.089620622552422,23,4.162128769236321,43,1.1231949755258814,1.2301769990021478,0,0,1
2899.182259584417,1843.4735039805942,8.3452149636841,5,33.21284058349485,23,0.9590874452569695,0.0021606623151143142,3,1,2
948.4527032047046,952.4571373268312,4.084440409727853,18,36.89881118743812,35,0.9405428320623241,10.897455882004401,1,0,0
846.5380868586705,115.01670281024977,3.5478436550581045,3,8.141729018872475,32,1.1130937034245023,2.8494010387303477,0,1,2
153.7531694199253,865.0287870986805,2.0105780792134738,22,16.02996667988244,18,1.041412444380328,0.1519475966547083,0,0,2
1303.2607317571549,979.5603394452673,3.1415762202588566,2,2.7147939663507428,18,1.2518050318208498,5.338306300260665,0,0,0
2091.8617407562397,3988.2522223370993,3.2443566660916168,16,8.562241553797596,29,2.324112956818354,39.24154385692499,1,0,0
594.4561543606211,1567.0091431619917,1.3188592407939932,21,14.974682146976958,37,3.0384112387802484,14.051982084032325,1,0,1
1813.253502006046,590.1931299753647,5.488486933947515,18,7.301830550397535,28,0.7550092679250399,23.40318648569788,0,0,0
4025.078194462518,1147.6660949111538,5.030915682695846,14,6.638150670056239,35,1.4678291196785176,1.8761845003267856,0,0,0
293.43529173609573,132.50708788547865,6.376274477626422,5,0.014992373884397708,21,1.3282363818126508,0.9133512977543945,0,0,2
909.1160932425629,5424.080481271919,2.852572225459462,11,24.467085089110178,31,1.5101167960016078,0.13916095916250437,3,1,1
426.1608402668646,699.5710556634444,7.439466252605832,18,33.019068934883954,23,1.0201277156784285,37.39103667523409,0,0,0
1909.200131860969,1004.7504210270076,9.856020118822856,5,52.33250335673766,18,1.5183786097411125,4.283575293850859,1,0,1
1054.1442091275737,688.4179939027207,3.738053620497692,10,19.05550289222867,22,0.7033695119929935,7.383237431532833,1,0,0
1228.0574213999312,1750.9716098696363,2.123193093141517,19,11.937413111341854,28,4.7251398126844855,6.020876781383144,0,0,0
1938.8752633412796,1658.0947176871484,4.565775032943742,19,4.705966724740074,34,1.3719645184545566,15.73232528325872,1,1,0
624.9586351061364,1914.596479225111,4.425426383927152,9,108.955228191391,29,1.6356034396281085,4.452153443583756,0,0,0
2979.3970551355587,498.2556795528306,3.874336090364615,15,13.364932606003059,15,0.7809044671150454,9.20030746906895,0,0,0
933.7854049464574,598.9692031749883,6.38571161192201,17,17.145709173512888,24,0.9249096073664208,65.06553777114087,1,0,0
226.30593390718204,230.7278326567954,3.4279331851291803,13,17.204729271298607,22,0.6787971891130152,7.045215506919019,0,1,2
1448.4749413956656,1628.5352021994738,1.9931085829578157,3,27.98933957597237,23,2.186963638957203,9.616048102693249,0,0,1
1911.5598151087456,90.91603673153288,4.847697912211245,11,0.14579432555938523,24,0.783582284706356,8.378593567552262,0,0,1
477.0938537548524,1395.76993841118,6.582522970622501,19,3.731669995806268,16,1.1325392300531802,19.505963545952618,0,0,0
2355.3979766160346,3086.8263198665877,6.927622170491692,22,16.428300740001553,15,1.1528344690802246,3.7246901759360087,2,0,1
2859.1827752373997,3352.302985907585,3.2712857037655123,20,33.82775794056967,30,1.475919390536277,2.2422893733919316,2,0,1
409.05675148455725,924.1335041918144,5.308301277478342,7,17.343880756240477,23,0.7283539617557357,16.833630082864,0,0,0
4946.836546738086,952.3462556990701,9.970057040005644,6,8.003516441035819,20,1.7226179123407903,6.446408631805869,0,2,1
201.98070845660664,150.13898576951658,8.49550973495971,8,6.730807849404487,25,2.0097140436830667,29.402725259484768,0,0,2
290.7995795776109,1696.4753621435502,1.2465821586615864,23,20.08818529861901,26,0.9379864307779383,12.399264963139196,0,0,1
264.33980032108605,2612.729700275003,3.4501123845524133,16,20.277680823555364,15,1.2036558052119732,9.970803586929964,0,0,1
2713.062937020959,450.871129130013,9.574198507621508,9,14.011398624437549,21,1.5692818706244815,0.876747245295957,0,0,0
1294.594866241644,850.4588908135632,1.2401398144019473,2,5.168380165055073,32,1.3528711637683408,15.73032071330389,0,0,0
217.99715150036454,2768.030254930361,4.188056016632333,20,38.885003162156245,17,0.8188226256488669,13.901890247118178,0,1,1
716.4754338678463,3174.8262231531903,2.818338617218395,7,12.040411441901316,17,1.6168916475232236,12.262212692817684,1,0,0
1166.3436026575541,447.94471268266545,5.382768919454543,13,23.444925818960574,23,2.236870304131056,3.74221405175399,0,1,1
124.58483040038882,1229.6648664990535,0.6539378374863775,6,3.6178613178831,19,2.234060249726316,35.19068355073355,0,0,2
2588.726528410728,350.70561260484703,9.017219201897708,15,6.3248500460627834,20,1.5374265901963742,4.657193498076253,0,0,0
1973.1438613443297,191.17531989958806,4.326747835715734,17,31.141249768941183,25,1.6592889434160991,1.981764419377908,0,0,1
864.3383936982034,3660.7106623354784,1.889297168574664,10,0.7710894574382594,23,1.0453217863665665,52.300804097105136,0,0,0
4118.110307660106,2606.4328173520894,2.5339993064246267,5,10.771293173775042,25,0.8462883261956684,16.456693022183952,1,0,1
669.0490724352737,2170.8926855927375,5.5046725277404365,19,9.858174398529084,22,1.188291989701846,6.429350332522054,2,0,1
4990.502451741409,104.99328761835193,2.387560985923851,20,20.868408953012437,23,3.0215636405875603,32.970807360375794,0,0,1
1342.855245961627,2814.2434093819543,11.776431695334518,13,4.96706653599282,20,0.9876778078596176,1.146471814287126,2,0,0
1228.3492513922251,894.4977885628522,3.9905263451250965,20,3.708985382432162,28,1.4531959874424152,1.1009266160448625,0,0,0
237.7613548479617,658.7265290325637,10.494691354765529,12,39.082303762369854,29,1.4206365304867987,13.765478406145757,0,1,2
2583.7503489056667,1216.061827728467,4.853232853498566,3,12.719308951854703,20,1.0515571149699046,2.3517705611855275,0,0,0
689.2694376202703,173.69829928196782,6.745210954427672,19,1.6587715464974402,29,2.2110119296834956,29.88716389723461,0,0,1
232.4188933792213,2149.860544546285,6.491776259301004,19,3.2171463358607397,26,2.306022469026581,22.017945918543795,0,0,1
35.225202947522746,1339.9728634824305,3.079700882432467,10,101.2108387864311,15,3.5495573030044443,4.389751198514411,2,0,2
1004.5105300566507,339.78016590819396,6.798387850246368,17,3.2650470742574407,21,0.8874862391211465,26.36137099431255,0,0,0
919.4061375902037,342.81141003241544,3.2754262992147085,0,14.142428154626042,21,1.4374042630285548,0.5260144195954379,0,0,1
1544.791813696513,335.4685357787615,1.1390094690819783,11,8.174220385227077,25,1.2654446277753637,9.545823293075728,0,0,0
2671.5483268825137,118.03729233047927,3.7512161774532986,17,32.520694318739274,29,0.928146737993963,32.90476517853282,0,1,1
119.28416021665939,1359.3642730470424,1.6768604046042341,6,21.107781556896683,31,0.9356863884637259,23.203995177762366,0,0,1
1597.8695525127112,2782.139917266402,3.19494414249907,11,13.630471792473589,21,1.3056881614726672,5.282044994325695,0,0,0
269.037192986323,56.47967612374819,4.23128013336638,0,0.16195591265719395,25,1.013317123024156,2.423491328297356,0,0,2
2363.81102308227,105.36915112612533,2.17347489933037,21,31.77837579859794,24,0.8254205036661649,2.8368822824687303,0,0,1
2071.5310575332055,1305.650125069284,6.1949572960449295,3,8.822822895201481,24,1.2832981430346655,8.671106617373423,0,0,1
953.9070011589206,2598.000896724764,3.247930624473594,17,40.230836961856156,30,0.7846558612438115,10.899065530753791,0,0,0
1506.454331974475,623.433069343275,1.63588185174501,14,10.263971578789617,28,1.0135487320513408,0.40037738309671117,0,0,0
472.86578073367576,675.284789072776,2.200633536082456,2,17.77356106566375,24,1.4115726579761114,6.404046297441962,0,0,1
784.5011441473539,1390.7976541485755,4.6583748047034215,6,1.0771558495045868,22,1.157152400768373,21.29083907314905,0,0,0
2088.720687150755,510.74781430129406,3.6385120459857316,5,20.50629945678768,22,1.1018953790958388,7.050945563191166,0,0,1
757.7915821088991,70.4531644744977,5.251618571736457,14,6.187255920990052,28,2.518195598451283,2.22403879812722,0,0,1
551.4233554238675,2023.3322362159342,4.680297281272501,14,6.49313844191336,23,2.140520837286944,37.17591598744824,0,0,0
837.9662649018371,1503.8457866193633,2.044869818315837,5,1.8946063151998678,28,1.2623597816491505,3.7154605900937714,0,0,1
2134.053194320909,1333.9532810982992,2.7688912469121503,7,2.382424142353578,28,0.8140553869228184,19.219319509595202,2,1,1
509.9373685572004,2060.358205018498,7.4017614777522756,7,3.0824843554831247,26,1.68928226574689,2.584994307934793,2,0,1
249.04630272955472,1716.9609276523233,2.3202350343503335,21,5.967056760009667,31,3.355067131652703,6.602548976322135,0,0,2
1513.8121780823403,375.7847989214022,10.645478576056652,0,33.3801825786685,32,2.108542493314604,8.090080872356545,0,1,2
2118.2897279418776,681.9108220603136,1.3533091842814913,12,6.889166084804276,31,0.7261139250469174,8.333022964112637,0,0,0
147.2828913177061,232.201397242616,7.251701838325958,22,19.330041476061876,27,1.1285612647107155,8.719799018253283,0,2,2
349.12546196976234,238.6465926669636,4.0342937818389855,23,1.295587416794279,29,0.9110173496303957,3.057894749844605,0,0,1
203.74224087300217,1721.424151779977,2.0551948541037794,20,13.414225726988791,24,0.8433031213334442,8.70595015311421,0,0,0
533.1450338672674,2964.2449231720575,4.571856472644314,12,9.863551207839073,28,1.9232524766727535,7.886707934683518,0,0,0
738.1704175042546,4964.453844106204,2.3786585513586997,10,57.222047222267236,23,1.9071048917636026,2.8092330723770647,0,0,0
1677.9328333805872,1514.6924580311538,2.9013995213881953,3,28.082291138337148,27,2.484761710667337,53.26728848300753,2,0,1
1283.7275906426019,335.1976537700201,3.3041396129009786,6,9.09985783408358,20,1.6021390010070655,24.079950154564532,0,0,0
1184.0367384187173,197.48770169990632,6.8977976075580205,11,22.38434377545845,23,1.1997201371806507,26.225771561972515,0,0,0
541.3320456883652,2543.7750537972374,2.7398370048380487,12,3.217194276365452,31,1.3167370175872413,13.883965724775333,2,0,1
2230.00381404117,1326.816257373173,5.046067429529744,21,12.394568014903964,27,0.8502434161283343,2.0907697457710324,0,0,0
784.7718128527113,1474.6216157639865,7.0646090717290795,11,1.1632469164731944,21,2.112854326436941,10.074513891941102,2,0,0
4661.890899913869,2311.1936589804413,4.4893504235150266,15,6.417709183693296,26,0.908026229344059,20.673942441271777,0,0,0
1226.6124524117272,1852.4355042030336,5.555374102872938,5,3.840080419852789,30,1.0372331284522975,0.47408042736579054,2,0,1
181.9734286172303,2727.7978010560555,4.2148876987118244,13,19.036195788540947,17,1.0816877594475287,8.218413076256871,3,0,2
1373.0719334129064,116.7835999198947,6.113544318136736,18,10.102835924807701,18,0.35758020995937345,6.052614545339933,0,0,0
491.8360363035323,2094.6386449438555,1.59747014372349,15,20.858782052479924,23,1.7281040119515598,2.860985856270505,1,0,0
1411.2858368298637,2884.231882648056,10.07232067579477,3,10.863235851109545,36,0.8360267813130194,5.7026064282554705,0,0,0
106.62188608345319,535.5922044397931,2.6137845487239693,4,1.3568230841461946,23,1.6092948129998506,49.25092863667781,0,0,2
250.6738285509458,1564.3416716163947,4.061694983980857,8,19.94120660622864,24,1.0207891363929265,15.415399120362594,0,2,2
2343.3428612217563,595.67088574009,0.8419037010284673,23,26.86702872032236,32,1.0171783660418214,4.272166178955398,0,0,1
329.25025196814187,4784.095506902873,3.0039725245329487,2,35.07803861385765,26,0.7833086387025666,11.157225393724698,0,0,1
2197.108894535398,80.99236024273011,5.183365290736977,21,12.729198963008585,22,2.12841053288588,3.398803621811376,0,0,0
412.9989672544968,1330.5111904994917,10.906184460463772,9,21.011094441647145,28,2.3268008611854483,11.325297044393052,1,0,1
1255.6265213002819,303.1887486129599,6.289361855656773,16,20.91757989828496,26,1.8220376906884048,27.179621390176017,0,0,1
1441.5948421155665,1898.3395389186535,3.1741419707827436,18,2.539595028035532,16,1.358042874344657,9.766889323603092,2,0,1
882.5389775462594,320.1774101183314,1.2577767070343275,9,2.6908602144171443,24,1.2895423163304593,15.861368978881051,0,0,0
457.14866022677853,432.5708499623509,9.374036152100825,11,1.1028495481209135,31,1.8863374347109856,7.2471169246935006,0,0,1
306.89031219762296,1052.9275597472288,3.067784756035987,22,5.78303222595141,21,1.1615133325478055,8.911173478435881,0,0,1
60.50314305267286,3724.7462108062105,5.173973703407534,6,9.622803878104584,27,2.06899284451534,14.25227631034915,1,0,1
454.79433428145114,386.8421743618296,3.18033862011431,17,92.47193937983745,22,0.8310611912237663,20.081639065732368,1,0,1
1290.679695310664,263.6480109927939,5.594415607107533,18,8.457947157207615,22,1.808744454517282,12.926368712795878,0,0,1
3362.6593350912485,2164.293325089352,9.118467987909371,14,19.43269386408363,31,2.042219342502351,45.52661047147484,0,0,0
2479.435119315679,1071.5805202546903,6.845923160865643,6,17.733024203183753,24,0.7872217934296729,20.565759481881763,0,0,0
1763.2532296968536,3671.969304534007,3.59188577866501,11,3.4314261246706406,22,0.8731816978708193,18.015626064154006,0,0,0
1883.9376120964416,267.81594931915583,9.51008352257905,21,0.9043279007662018,24,1.199868020806085,22.379828701945332,0,0,0
1332.2956207060079,1587.3820418481807,12.368268877559235,6,11.845094284060837,26,1.4466476973693398,3.9622480516028915,0,0,0
381.7913759567242,427.66638462069335,7.953179773810137,9,18.074879468123633,21,0.9540511502267668,6.788602574662621,0,0,1
2872.706110634109,285.75625849349206,3.250202591145935,23,95.23744467308853,24,1.267287470937503,9.974104069378015,0,0,1
1353.0610609040825,1755.3135680727182,7.2612932818912315,21,6.6617883505046915,14,0.5344666996098254,7.447380489259972,0,0,0
1006.3789854636565,1380.9384340164954,7.90275248088769,19,34.003139141899794,21,1.6586382563925244,22.563769432471023,0,0,0
161.17543746111758,2138.6895970857995,3.6391361965868136,9,7.217362991799355,31,1.690144497497727,0.3292994192121849,0,0,1
730.9972680607245,585.4276647609859,12.367242965939644,22,17.539305977226384,34,2.244313894709482,2.8161492266575747,0,0,1
760.2197897635947,921.2338303343201,8.867981180408528,4,13.678988531562567,20,1.5365036974116295,25.61504161408272,0,0,1
2419.1038302283573,809.9803817162453,3.7689750123965635,17,0.8165068873639031,20,1.0533468162689175,0.7310227355302602,1,1,0
969.3042787829172,6241.160618387749,3.2477913483864542,8,1.2244714736760502,26,0.8140519002779844,3.089533192120082,0,0,0
594.4184677370941,548.4943214081666,7.791226998147401,15,0.3147404223150988,19,0.8822713716440578,5.19250024503617,1,0,1
4536.340592422806,553.9474100673749,14.386934903030786,6,6.950404208766779,22,1.178770257304147,16.67113200591509,0,0,0
160.8125595521102,686.7071339391844,1.6909959807145947,9,20.5445706898007,25,0.8704586768266509,9.856695714307177,2,0,2
678.956838381602,1277.2148048173783,5.76828153705108,4,2.8448227888405615,23,0.8981944462949554,37.10816117724032,0,2,2
71.51990996825769,466.17580561315185,7.1789964760877965,6,13.965468939100298,21,1.2030867818160618,3.1033061338498826,1,0,1
1636.045939595775,3732.781375076017,9.067811110493173,4,5.112609844971594,30,0.6410538233575385,24.679993460867635,0,0,0
3022.364037396653,493.22693453671644,7.223955681074709,14,23.917694482829855,22,0.821761272234259,3.9907054776247333,0,0,0
414.26709789682326,3422.3912035900025,3.097051238635085,18,24.02175961199496,20,1.3329223641106298,3.3803723214747947,0,0,1
2365.2047546153954,193.84375664114663,1.5377850106852506,9,22.402482969276317,24,1.3587972682805083,8.278834143724334,0,0,0
434.7433615019592,1633.1260855786763,3.5047596944326576,7,11.161350586455784,16,1.7262530850486428,0.8864003907708742,0,0,0
2919.847741536765,3592.500123350258,7.071941782968685,23,5.023003799153917,29,1.2994998040761225,5.8200820488769285,2,1,1
1702.7226699346033,307.2360171017234,2.8650876365393048,8,24.867140919388447,22,1.2366052557182514,5.274642291705327,0,0,0
1981.1333206117263,5208.434154414392,9.94365649048113,10,3.08877691615871,22,1.5758777588429602,2.0936915291843694,0,0,0
41.80477569699735,934.6398963289978,3.9735876188688866,21,5.132276663444367,31,1.3180069588831163,23.661678008356876,1,0,1
3970.0699669236765,4400.263996386631,2.7360068312549504,1,3.0491526072592507,29,0.8279170734754042,5.850967603353145,0,0,0
1576.4948625976197,1724.318955660534,6.184244022163374,2,16.82254153899381,20,0.8870782523537131,48.15550623505821,0,2,1
456.18243367726757,568.4167115067988,3.7000793396285245,12,17.386713864388263,25,2.3884165781567903,27.596026077297424,3,0,1
2142.082845925889,342.9413638093902,3.1856874852923225,10,15.855290559174456,26,4.422890469431807,2.6001344807353326,0,0,1
416.74289312878295,573.037515565757,13.34315279219896,9,8.05758163716163,24,1.639580181763578,8.441332316167866,0,0,1
2493.9581568973,176.44803508069373,2.85231570001971,14,1.583258125698391,24,0.8159799005314351,11.049735361074038,1,0,1
163.32481097731306,262.9960047133558,3.418087550940791,5,36.315392563601094,32,2.6106158043698624,20.508480668889757,0,0,2
1479.602600053024,195.82835459839455,6.241882996873642,0,10.630948362430155,28,1.0282988818387993,26.021135467659647,0,0,1
953.6580451607064,854.7227591876868,9.85187433070558,13,7.837709883483176,27,1.4476811262205578,11.738568784150573,0,0,0
141.82078583181143,2411.3559524170496,5.869516498947877,17,13.331041570933074,17,1.2114756440975587,0.4291950951367234,0,0,0
352.3182018659616,258.6494537844422,4.644862518094324,23,3.212579421361702,30,1.3157310551075643,7.876610349120135,0,0,2
34.97793017003362,239.4456737534333,14.285927897110417,10,2.1329399738664994,30,1.0241746273996446,25.933394727040714,2,0,2
779.0676519923384,1576.8326383406586,3.306441120094679,7,7.801154826107553,21,2.052695446791973,15.024921754306884,1,0,0
450.18091380463335,359.4426959083928,3.3180353697635887,21,3.8664266178294353,27,1.134531886048208,24.495759384389704,0,0,1
1114.6314204986863,184.06278313680733,2.882523069243451,2,4.2014694604154625,24,1.5606136149040672,13.453232175877833,0,0,1
443.28406393428406,303.80981170532624,5.638438200285403,13,33.455569502711555,41,1.547174701090463,0.5404078529601021,0,0,1
447.8712747496089,3890.2408571305095,2.2903118588332103,1,11.34958741263366,25,1.168625406303347,41.30672885130404,0,0,1
1651.3174673924314,2614.5084627848105,1.8647185476273835,15,9.909301460879473,17,0.6690574760202386,30.015145941499668,1,0,0
79.20835188794643,685.5835828802913,3.410828345031071,5,17.542584886309005,27,0.8772475251799061,1.6240585489478256,2,0,2
2818.3548346294147,1629.8890981262668,1.2062341853448089,0,45.407760120039306,25,1.6238339292004207,1.4347461611385692,1,0,1
2314.7930379368913,1185.935714567545,5.17548273749867,13,1.785107544481929,17,1.381219233536179,9.294330402188427,0,0,0
1342.4386154160945,1725.7316196693102,5.647756742488596,9,26.894514020721633,20,0.8816038216788838,16.978836638800814,0,0,0
1099.3839680916083,1751.7250033062767,6.278659531507244,5,13.156741878529733,36,1.2429421577807072,5.778565668323587,0,0,0
2694.114668531667,1516.2547990720454,7.460181802116942,8,2.3702659000703497,27,1.3282492295920674,1.7594991233488564,0,0,0
265.9668513007865,494.0765462687359,3.4787430474567937,6,5.289162177750753,22,1.5420380333759107,8.573825133973706,0,0,1
118.7141123889229,89.68132705356474,9.164564601098997,1,9.877169931330956,26,2.5297147071575754,4.942014652319814,1,0,2
348.5510480411827,942.0149886210986,8.613851910842095,10,17.624811748443665,23,0.4900981773306989,5.2021526891262155,0,0,0
1919.2282830352808,3354.251753184824,2.0540032699741793,13,4.168095421279291,20,1.9823415282387125,12.427160988503125,0,0,0
62.3426521943918,1294.2023805018582,4.223687366869538,4,11.481859431757591,24,1.3322575681573043,26.017500000040755,0,1,2
1069.0471270634805,2709.1824628449544,0.5493861011282566,8,17.312110957273333,27,0.8088779950528611,9.813420617195389,2,0,0
6487.8657306321,7203.638627936348,9.24418466853808,6,8.933251107808704,21,1.3046755468005289,13.961746779307816,1,0,0
2343.000492602923,298.0015279292301,7.3782452475424565,13,29.819458025076617,34,2.1783445227960927,12.943845194804908,0,0,0
904.3826864105813,1795.40070847798,10.549778825511552,15,30.541030696786166,28,2.4553718341504456,9.612696481834822,1,0,0
98.90747858303781,1712.6382542413035,1.3441530131053605,21,9.542749617774398,21,0.8118303394194868,4.46595656624041,0,0,1
2156.082985192087,5894.696776253714,5.975005995203013,15,54.137560874927544,24,0.8698448409517956,5.693812182582174,0,0,0
1116.4883090524465,6390.867063965417,3.0234915319025846,6,1.1789141089934656,28,0.728186119101223,4.552372943436501,0,0,0
166.51031276338074,1770.7887234550446,0.8272275121600969,9,0.05052065730287246,23,1.3407217183211548,29.939206955554656,0,1,2
138.2701556893538,448.806747234147,8.062598291284864,20,7.186713406207777,26,1.3674415077967437,21.027142722041557,0,1,2
2904.5692769412067,2433.3645724631638,1.7180367525874585,5,13.78555729905613,28,1.8130269066281435,10.391374794651052,0,0,0
1347.4905328256614,199.80198560129296,5.490332988231069,16,14.881393048680756,35,1.4572124762056522,29.19826817461982,0,1,1
2141.3243834268856,2305.9671759170083,2.9989027866574656,0,9.706718976663518,29,1.7461244032161936,26.1017795977579,0,0,1
2554.14844490593,3645.1907154497862,4.892057464254959,1,2.00097067828918,25,0.7013286661568048,31.522244332035946,0,0,1
1037.7204044779041,753.9244002605441,7.524948602169407,13,2.8039377263793814,16,2.462325809909342,3.0088575077588886,1,0,0
894.3958115738944,1523.956143853172,4.900974321795693,3,28.673150945015223,20,2.052160351020406,15.169049779199842,0,0,0
695.4428505134892,873.5540350471055,2.2565366188913045,8,30.36420507785362,27,0.9883888719033737,11.275464629963906,0,0,0
477.41866413605976,893.753197237698,13.541402136012286,22,16.80820068723709,26,0.8914652231053383,15.883469675254878,0,0,1
704.2576278597606,587.4020195299307,3.513525563739762,5,16.369395848307583,28,1.6462350041155247,3.668187120571986,0,1,1
1804.0255096000712,2184.0440661193525,2.5985707974504377,16,13.65769164785201,29,0.6539994625635479,14.241812435325269,0,0,0
1125.3330893805323,4157.452234902263,4.135635612203665,20,3.402114193865866,22,0.9102071915708447,6.328105586427666,0,2,1
2696.577326755203,4269.006001379242,1.3712178384328217,10,8.385820062688445,27,0.8096897734832249,21.555847600533987,0,0,0
723.0470287063328,318.1602278102958,2.771814064750656,3,17.855716445528643,26,1.1749999455010407,19.038371019495187,1,0,1
1141.0083545183466,3146.089258436476,3.6625903093358287,20,11.558598559894444,33,1.022664360506058,2.8493076790223184,0,0,0
1217.3509516291117,2035.8645833026817,5.159511055122185,8,0.2813267529457978,23,0.8921096292802945,2.437962988741103,1,0,0
1094.8953567914155,467.20867166594337,4.523586338569021,15,46.042880446589194,24,0.8577291114720574,15.17876780786964,0,0,0
1475.3489750635733,134.48276405287265,5.985185931239094,2,27.94716162155955,30,0.9458977325279787,9.594762900958166,0,0,1
345.2786236599353,497.9565468949275,4.24905194874819,3,4.527628045366207,17,0.7587830781037302,9.775805119926293,0,0,1
881.8227162828966,3679.181393614818,8.553358121328909,23,14.374628772155582,34,1.5175075671918385,16.756879342286016,0,0,1
152.07895217399698,1534.3206030836977,6.647511713533871,2,38.50595368981158,22,1.9164283434416534,23.16984155291297,0,0,1
602.4064849988715,1945.1091503275886,5.692056324730885,12,1.5140715030870884,23,1.4342110845406053,3.276893825559619,0,0,0
822.5367304025038,475.8964558331525,9.422156129287737,18,10.488368582148784,24,2.123620877888379,9.730730365725135,0,0,0
1287.436917103146,1936.1743517076363,9.421524068532078,20,9.138793059475391,24,0.8726469040936876,21.189922809316336,0,1,0
3627.6921574783314,72.78673319163877,4.743587456974806,0,7.919704035676952,15,0.9053223159576822,24.74338566224809,0,0,1
1121.5036691997202,735.776872056985,3.3950064986019517,22,27.080752646819274,23,1.4577693267206353,4.0661784079627346,0,0,1
1653.1913916279104,1508.273720873131,5.036638465677558,22,7.186177747119185,29,1.535558481826039,1.3198391484538554,0,0,0
866.9101866268127,266.9057489869738,4.0074667362934715,5,0.9867027070196491,28,1.2288967284389511,3.1804567911832695,0,0,1
1226.487469660882,2627.4386118415086,3.3017992022285334,21,1.021576983729997,24,1.20933684949539,34.91454792225671,1,0,0
108.28829419535604,431.88053920831896,4.907830740329301,2,0.655275814455405,32,0.7973552537052828,7.449465304632474,0,0,2
372.2656686621669,1614.5413816582918,5.580355994043441,2,7.892780288317659,24,0.42138465266170827,6.5072545438851686,0,0,1
559.0241128513886,809.2878905977191,6.448254808979196,15,19.009349218645013,28,1.5265876680034802,0.15804843493188653,0,0,0
787.5125798806505,1389.6724746626746,10.33811949138026,9,3.417112319867275,32,1.8089191444640431,0.6283434298187464,0,0,0
76.06818080280945,200.51004546920217,5.224033493178038,16,15.596741197459655,20,1.025874318375575,13.256624198737711,0,0,2
201.02109264559664,55.58618197939771,4.312573944011786,6,17.427521803135633,22,0.9793677852024902,10.694117095342937,0,0,1
408.9071049240094,3634.6763798332295,7.940025867922661,12,4.419636072248647,24,0.938463723917118,10.282919262901082,1,0,0
4290.798679077909,501.3060538996728,2.4275737218401083,10,13.765287671149263,19,1.0511932790625005,1.4027599695269655,0,0,0
502.98805837293435,2599.50841073816,1.2175655883602692,9,17.321471389681932,22,1.8266721656933522,5.207507814755784,0,0,0
809.4311631545013,11038.500850313,5.922730303198524,6,9.427638106828557,18,0.8403838879338568,20.07864150870426,0,0,0
281.9330605347716,386.303543482185,3.504200863301751,23,6.15829387569539,20,1.5812059414321589,2.3071714927552947,0,0,2
1152.332870167899,492.17566152761435,3.6888068780752548,5,14.48030634223694,29,1.0009097099214401,25.714942103423812,0,0,1
415.3441134936945,1660.884562091486,2.385051072053363,23,57.14679440297086,20,0.55012566694158,1.5541760503438031,0,0,1
298.30723825910025,5077.962315045618,8.930043666318593,0,8.348892421227992,24,1.0646918348482264,2.223662394976665,0,0,1
892.2250271893047,3742.096167480692,1.2614167096892996,16,7.457171925072473,23,2.3531846399458405,7.795305649955325,0,0,0
26.625214324771726,1078.3722324020127,6.301523129095497,11,9.361787913274089,17,0.9285323544640975,34.87067787273909,0,0,2
29.232262724480364,2407.925112214549,4.352640663987158,3,1.1891938772898372,19,1.1108379595760947,4.797632245606475,0,0,1
316.7218842409167,248.83260289111382,10.728009104618835,2,12.083430450091074,27,1.2253589716346789,12.882985838578655,0,0,2
64.89507900583499,5717.244552270621,7.961643716198816,5,5.9780288388174245,26,1.3217331054071457,10.660350245194993,1,0,2
157.18162299531946,5031.145278800641,1.9242311241149401,15,1.941760902417994,25,2.263558365673245,1.944900851512609,0,0,1
516.548772086037,298.20375806991143,6.6513337439451705,12,9.417605163707377,26,0.8894295600591593,3.422891076104018,0,0,1
1966.9407313107754,563.7767638570087,5.814515274537947,8,0.05084587809757381,17,1.2266062299359486,31.93733865988299,0,0,0
1038.4948911095753,188.29912491189336,4.141450139611963,10,7.70708201548348,28,1.654433857486199,2.4522976422832876,3,0,2
882.5709211856752,505.5995886046184,6.331030932277709,19,1.6763014013418036,19,0.9179195699205658,14.2497111399245,0,0,0
436.8995084439769,2568.8689129757868,2.7671684409893498,20,0.3688895785907242,36,1.2576398304484966,40.124592323782075,0,2,1
3241.5588123034595,742.9840830533449,4.643925929340281,12,26.099610893141477,25,1.8091319600124025,1.5272658782768247,0,0,0
627.035631889602,168.8259819899631,4.404312652648161,22,37.19857228824721,32,0.9921203015746755,6.113558431146404,0,0,1
129.3452121398907,658.3397238474739,2.4778914176304156,18,3.491747609933005,21,1.1396373100356496,3.042183838720553,0,0,1
1171.8727714519448,6005.547136358519,3.5099510247107117,2,11.625066577631316,30,0.7705646885812121,3.0055837351210823,0,0,0
165.0271338447955,1520.096236239685,3.1093180026479645,11,4.885082814845644,29,1.7838382972488276,1.5201790208431087,0,0,1
528.1529329079187,837.1948909468695,5.577761296031522,18,10.205757851392386,25,1.3013748556776044,12.582487374365979,2,0,1
869.6984356636954,303.25167722129333,9.248572970872539,7,8.607315265898775,32,1.030287980808111,16.46129194208107,2,0,1
2507.8892027587,6452.110113693036,1.6041608279191149,13,4.701174966942629,19,1.079683466949073,13.553581317147291,0,0,0
836.3875095871437,2609.289457556794,5.685865401892227,21,18.079283966699418,19,1.2170029618959255,31.028364710758925,0,0,0
1473.8366145110122,525.8369756631075,3.029508861466026,8,2.028551992700911,27,1.396089023775246,1.8893766443830653,1,0,0
5943.218890373732,138.96684289494038,7.658288170102737,23,0.8179956639477356,25,0.9407385269252454,4.625221374969264,1,0,2
189.17019909917786,117.43799881617657,5.642153478322865,16,21.894298342040404,27,0.970798583888394,5.069616684103547,2,0,2
405.456059656282,222.39476881677075,1.2992641497918815,5,16.446072308724247,18,1.0992945094018496,3.1688694911997732,0,0,2
622.1916378037699,1333.9983076733304,4.910501088367585,3,10.35305647430593,23,1.2974592831060658,1.8406808481625119,0,0,1
677.4610226257568,3992.623268059805,3.9952034444224767,3,9.460750491213293,26,2.321871764626209,8.002818973961514,0,0,1
655.2378528875394,1059.9827331654742,1.7417141399005907,18,10.319749430659847,27,0.8859498370696611,21.581032385652673,2,0,1
2878.096859254297,2806.7434326114994,3.0574741097813325,11,8.617776235464817,23,0.6305323870926859,37.090997094879306,0,0,0
1522.2531394033106,915.5789338223017,4.769404266440984,1,7.485736002168905,30,2.1382096159584254,1.662053524660919,0,0,0
1143.5020011581032,1879.5028810180343,3.120771886605352,16,10.38792866559586,14,0.8597056347997238,20.78993082445971,0,0,0
464.18598779527866,2004.4403254661377,8.202887344555204,14,11.278025306985962,17,2.1968357972357775,20.88694298472031,0,0,0
2103.2971926532537,316.6748502632077,3.971038118200994,9,17.660075763414792,24,2.008589407147198,5.911470154144144,2,0,1
3742.9260725577874,702.2835033647156,2.90495348599139,2,18.630685005843873,18,1.5184958095967243,1.3988052283994161,0,0,1
2085.773373038079,1551.2777677513973,4.943454669841892,19,7.113285446995442,21,1.9861479660306982,55.27165418867853,0,0,0
21.8795974976501,139.98002184706854,5.363132180186053,3,8.004775586435542,24,0.5870593020859584,12.791175240882692,3,0,2
1234.0456220805454,703.0448195816284,7.701495644673678,21,7.018819056577564,22,0.7110938719038422,48.33977999194651,0,0,0
82.98697699405346,1177.9300665740425,4.523100261846507,0,11.535391176837987,28,1.3684043022820362,7.931773571850529,1,1,2
377.4521878669708,8398.83091873001,5.223623240483012,0,9.059295106712447,35,1.0463311694020727,6.034150560061258,0,0,1
93.64387229835957,995.203438024171,3.5034380479594094,17,33.05419663263703,25,0.8922398462664792,3.4072367706340594,0,0,1
1130.9896017545504,2569.692047303045,10.887701478838771,3,17.878749934075586,29,1.6873986899314872,49.305218289043694,0,0,1
1412.2913185337125,878.6284903533121,5.620776745084545,22,34.33857592927398,25,1.3539171787237085,3.504414680805621,0,0,0
165.9066337481756,2417.3286429645896,4.840178173515673,21,18.523543260392465,36,1.8584184045255965,0.28859573354626233,0,0,1
601.0961553792325,1387.3394073892778,3.1207897888539384,14,53.102831176217094,21,1.052575455711281,8.620802376050014,2,0,0
751.0890629249471,3295.190535157305,8.314950661234262,22,15.148178040320737,25,1.2134031965627825,5.679477740581067,0,0,1
572.6401377424872,823.8473488145437,1.1875413261343488,20,49.677264165243955,28,2.261105531962244,3.63570105615642,0,0,0
174.79858839694077,1420.665150420493,4.961883400916709,21,2.5826558277087854,24,0.7309890558781625,12.081418174525066,1,0,1
671.4975970206569,1521.4541441661447,2.794161502232763,9,0.8085717967517769,30,1.1800171087186604,5.435749863904426,0,0,0
1689.2212276736886,840.3377331738645,7.234468986959902,16,12.981297623187075,27,0.860912655402597,6.175009904949688,0,0,0
108.38574860868333,263.7742594773772,5.397336357482623,21,61.55974819678303,28,2.406551962414341,0.27978366605728466,0,0,1
120.29275467771174,177.34467796686695,4.886105287369928,11,8.109101878971789,29,3.197284032137166,10.672015859203938,0,0,2
545.7805264837164,55.21812756031001,2.0840222434837483,19,3.574683282030258,29,1.3283634380488585,1.5622750586108154,0,0,1
3431.113166633409,3131.6758066549,4.183456293407689,11,11.05778542537605,17,1.4874439659966159,2.8866029549002645,2,0,0
1345.215966609101,434.71394396231335,5.534953710773231,15,15.695932513225742,26,1.1717693042509711,15.15269754336348,0,0,0
1382.3438140396195,386.44714839422346,7.704708983196308,4,5.678960161777574,21,1.153802459328131,4.50929234894625,0,0,1
559.1499167477667,2027.9104160250035,5.990051132207332,15,18.81685736356449,23,1.2629136020462899,2.138188463724793,0,0,0
1100.6803742881355,608.5292652142277,7.234015314822631,16,55.40205386361151,29,0.7120679606764033,10.336635776630471,0,0,0
32.219424503051705,1087.9653545343288,1.5054853735093374,22,34.090024697844285,23,1.590610300012711,2.903398873206859,0,0,1
1233.038371911251,296.02084149850333,4.81325041996583,14,5.1708858910593465,24,0.8235368868151134,3.7926199510765555,0,0,0
2954.1810314477752,4848.808472528103,7.890660263151281,12,5.933991881668463,32,1.0602024946574795,11.653377022631778,1,0,0
1157.8748526714119,2891.5779289376846,0.6478902323430661,7,6.967272673624558,17,1.2377217811376295,16.158506148989172,0,0,0
2502.900935885052,3020.332047727122,3.7575935629421244,20,7.526818271477941,23,0.9004508983014852,16.14918720887496,0,0,0
1564.7081514885929,813.2691236596012,5.569171083340614,1,1.5857336668285307,27,1.5513211446995017,7.899000651001602,1,0,1
174.16176443119645,2185.5051942644845,8.540664413885535,7,21.529927175677095,27,1.0098786913695705,7.268162930446495,0,0,1
2812.908939178129,263.0103525334819,4.678635348451562,9,6.819970444005207,26,1.870536921727058,18.5939609283666,0,0,0
102.50499414816453,42.984541516580904,4.338644881005574,6,31.781466993688323,32,0.8620140188149912,2.5736956982064405,1,0,2
936.1998150714163,60.26263182090143,5.261752994019806,9,39.247241797998484,24,1.1425306119540346,1.9813608838204173,0,0,1
203.97321224901873,1355.015751695359,5.602885859811356,3,0.37102058274969907,25,0.7955261205699414,13.112578926309537,0,1,2
34.130807137378426,941.5415156268588,2.366272103037167,10,66.98512844293957,18,1.8093928928704341,6.32156863996672,0,0,1
677.8888227724851,1124.7645144706823,3.11714058429608,8,18.56929115335855,27,1.078567651472539,14.854428571644242,1,0,0
439.5382630284532,41.236693487585704,1.0214797890316258,3,11.021799699065346,22,0.9774094760113974,3.558255860583103,0,0,2
818.639569067791,854.0550595989723,2.7944674696052196,2,7.4028331352012,27,1.132036553590429,4.714233603521307,2,0,1
1053.026908510889,1929.1349154686266,1.972811889639687,10,10.963300605603145,26,1.1690513706394885,27.23881869910437,0,0,0
73.66935950709507,906.9604252454151,2.3502281101174813,2,5.8873016718632964,21,1.4363797054086593,6.571048110595819,1,1,2
177.50245266161778,2006.37985074396,14.345821223165377,17,14.620235307345258,19,1.5153524752450909,10.72711636134434,0,0,1
1001.479807673896,427.93980501024174,8.23856363386633,18,1.463866247656191,24,1.1495451758620172,1.3537545092654826,0,0,0
524.3912194292695,2546.1094992892854,2.007834110710609,13,14.558139251498108,37,1.2024466853686302,2.3642894199244657,0,0,1
1587.5322062737498,1361.668766903218,1.638994119972432,23,4.830890889760959,25,0.352476823552119,0.43857032731268597,0,0,0
1287.6694655020522,385.03312349333964,2.9138119268956384,10,0.2668826286499391,27,1.019382376615264,6.627499152179522,0,0,0
2261.884279396842,435.19644895740043,1.5947604810518359,23,12.068079895019363,20,2.164683424704514,54.031368040213934,0,0,1
1435.108236923237,1513.414983099929,5.172524227825649,1,12.957173415993498,16,1.4615215931179484,24.845605841400584,1,0,1
694.3976103248074,2687.4023565054226,5.114892722393544,1,8.341765075944751,28,0.7951264100074793,12.02574328257781,0,0,1
1361.2316493267379,835.8257094631803,2.3239056664164432,1,1.1254805103239933,25,1.0460204193680698,23.68770928385988,3,0,1
406.5314239761551,478.21651321918426,6.681489011048655,9,33.5720513769369,15,0.9620585279178455,10.821832083334836,0,0,1
458.8821774571934,3056.240136859719,6.6858814459155615,22,14.17926033988895,20,1.873940695171997,5.5209984993609815,0,0,1
1886.9921790203807,1689.6716720606794,2.7051804881671324,14,1.8446092075629916,27,1.7993879944871312,2.287338059762419,1,0,0
729.6177546988102,921.5431694472194,2.2669499597805554,21,10.728762441434347,23,0.8936839923358721,12.702851700832404,2,0,0
1941.6466763232158,1033.8536127661694,3.296379085913496,11,10.315062525711308,24,1.2262373613008324,2.573941826982734,0,0,0
2094.0169210662475,372.7175114310004,6.1839311292599985,10,0.9345452268493459,29,0.7760714078476357,6.483638545986861,0,0,0
2358.6209987095344,1508.4717860508479,13.62942581804801,16,14.003831137955524,33,0.9506150112076243,20.970741474765056,0,0,0
3001.4354611918125,696.486304650122,6.091330477301317,17,24.779420219515444,16,0.9647346477131901,1.660519204208169,0,0,0
696.6186448397712,8184.706856495164,1.879570191948735,13,20.7350164350684,22,0.922281393354624,1.6576547252593223,0,0,0
480.79690897177665,1011.4191654909328,5.350670612783655,16,3.4029333708409224,27,1.414083778899891,3.0494576411959526,0,0,0
1067.2993158201,1027.9642233563397,4.685452756594582,14,29.73935434673535,23,2.095218386482467,9.633329775408898,0,0,0
576.6778195671079,1281.5539492781834,4.508173448960084,11,6.290619709005501,27,1.1923077219069205,3.4797922542277693,0,0,0
1122.775713290316,3758.9688933841444,1.6305957865733345,15,43.923453613972306,27,0.8009327784837499,8.394763155699417,0,0,0
1487.3214468433532,2450.305201064489,5.341269488372768,22,1.1167798919382497,26,1.3274272871542552,4.314135168097658,0,0,0
1419.2612848089047,929.840680275655,4.272034799314702,5,9.989071571464896,30,1.3281534035936895,8.468522104369768,1,0,1
583.1462050889359,1932.4964311186839,1.8190563822239811,1,13.636910893546203,16,1.1325830024032244,3.9026377425905654,0,0,1
239.06459096577967,1353.6874569615304,11.58383271894307,1,4.2683065299991725,30,2.569331945822938,46.95170372856035,0,0,2
695.6576163174333,1046.994944058997,1.6749127191121067,15,22.135423017906422,20,1.3466914523613949,8.144256265493802,1,0,0
204.61267398332063,350.3761571216632,5.789452406525363,1,14.788458294742512,30,1.5365332443324147,16.334231617002203,0,0,2
2669.78892864448,965.2533202739806,3.933352446402422,7,0.27413130157035903,26,0.49813509676163575,14.469555947169546,0,0,0
529.3526914087281,453.1835087221309,3.41874803622895,6,14.061512458842339,26,0.830974189771023,8.093303622782607,0,0,0
221.3354042302399,3724.8730261923006,9.162629837889998,0,10.14370891359029,27,1.5001477841258626,3.275288138875921,0,0,1
50.93258527601199,642.8702627099939,7.627256033444699,3,3.2728849648429175,21,1.368241274876515,8.577802039348601,0,0,1
1265.5481096247288,4593.104629823226,3.9439969638728427,10,81.90628830855381,27,1.04980289736737,13.709702715588177,2,0,0
1235.700059596184,1172.3166337942164,2.422171737560383,19,34.11903358456551,26,1.4643713410101915,7.392439819687887,3,0,1
519.7175205328899,1527.6525078078846,3.154611136687149,6,5.190427888350899,21,1.769894741777004,1.025715711549377,0,0,0
109.29575573152943,1204.4123672618116,3.585382801051941,17,11.68289388605335,33,1.0109287185452163,0.21776271516485007,0,1,1
652.4047377340954,237.82557917645698,7.708357400411844,3,5.707976304531844,27,0.9519902114278751,4.767763614333558,0,0,2
467.39567063394,736.977665472291,5.516142318839926,16,22.407909724632717,16,1.1025287776441135,1.9533888800106731,0,0,0
1376.5718277904418,186.61830197110564,7.864270816177175,10,39.96009062048026,29,1.4907135174570112,28.39783728456663,1,0,1
1137.0130952070026,1493.0823003680266,1.5843387399517392,10,6.666877108398833,21,0.9713794594855988,2.3205803928403133,0,0,0
564.18882387067,918.2547123242181,8.271117982850082,19,24.56634550971377,19,1.7180111898641721,6.0161031184910705,0,0,0
314.91577906909794,2287.515305662039,9.971388449959276,10,10.349509906252722,24,1.0072209064656765,14.9407676904926,0,0,0
5331.020371237436,403.5970830804397,2.5449572456088396,14,7.57709134614861,26,0.9764561973773985,20.276175583950735,0,0,0
746.1671269583525,299.7059979297502,7.12392710927741,13,41.81172319862383,23,3.1223307017913253,7.794459924517739,1,0,1
1418.7577262231896,812.1531412189016,9.476833149340838,16,10.712641866928283,31,0.74540048018067,2.3980326673740526,0,1,0
201.75929851361906,3947.448336709493,2.9328490326868017,1,9.450064813314704,27,1.6697722091975014,3.79125397281248,0,0,1
817.6808987227047,1888.9949240841158,1.9540457283717534,17,16.74100416918665,30,0.5929911121174969,6.515402599425833,0,0,0
53.507554907510375,844.3096140363555,5.036323066259793,15,4.541614865850712,18,1.589264100793259,5.4419045015986125,0,0,1
864.9408433648424,1122.4534239159252,0.9871630136214662,11,5.891036656343071,20,3.5848544357303567,5.144917030975937,0,0,0
4009.6639862145785,161.95722945591157,8.20397678065068,9,40.333827951313076,22,1.8641718467538062,1.6967417681856571,2,0,2
601.8127337536904,6287.735734174277,2.3118919263713513,15,17.022758571821917,18,2.0859566932956644,29.34503581184956,0,0,0
67.73206492973976,1676.7517579571722,3.678786661858043,2,26.285527038799138,20,1.1753512574313985,0.3624998128958638,0,1,2
57.73405367100384,534.0570401291325,6.6917229389624175,7,4.743523009197568,28,1.7805234168165667,6.957867540459462,1,0,1
609.2016351560978,1352.1398944767952,6.1541149444081835,21,11.772036982243451,11,1.3491343561353386,47.138738745664746,0,0,0
229.25968862135704,203.92856125160304,6.5691328266972375,21,53.31327067246855,28,2.7466594862476468,12.935976554227967,0,0,2
48.35489249744067,5094.90359621081,2.5356899035335188,23,5.7563739621454815,30,0.7845428205827865,5.26970223499781,0,0,1
1713.7554849714927,318.1669587835624,5.318470526135538,1,2.623811726901685,31,1.9640206516707683,1.895260310785957,0,0,1
756.1456453445784,1596.3153568982855,7.382914270986653,21,10.727395569879704,21,1.4493005983539142,39.84844626052588,0,0,0
429.7126073952027,452.45947216148977,2.8682831530386483,0,7.360960507613931,30,0.8477897684455428,0.16902111244207538,0,0,1
2784.100723185852,1926.441053575197,12.094793553375354,13,2.6077532918001536,19,1.0944107645247516,13.7253584370418,0,0,0
168.14650819743838,2279.67417663118,3.78967776843519,3,32.91287438576604,16,0.6437916072648486,25.456917459285478,0,0,2
3766.0670577691694,1708.6192608376957,0.9193934817759076,3,70.20472825316183,18,0.3309021416071152,0.3057891185365449,0,0,0
472.19496258863154,1459.8190287952514,3.775984730744661,8,12.610173601623455,28,0.7559185537637453,15.499443035835249,0,0,0
2651.4405626817297,3374.9654619198946,9.400741998919846,2,22.353289840078304,20,1.0458008471906552,81.088886172184,0,0,0
1128.4101448217268,152.83502470572418,2.2061258417737486,4,29.389013251175758,30,1.2617188884397141,12.247903170243072,2,0,2
2123.328261651661,632.7657323377787,2.0756416425287796,0,18.108772903098288,28,0.7233129463580362,6.427137302214278,2,0,1
4983.187515200339,458.101972298473,5.592409690367472,21,0.6774091581425131,26,1.0761165833101103,24.895905027880474,0,0,0
428.296357878334,6666.019218065838,1.9454252158816645,18,2.573114323937629,24,1.3425424846725056,9.69405966663871,1,1,1
3917.2083991515856,769.9446909611339,1.883830864573322,0,1.104523579611659,32,0.9699000445975758,16.608722949298674,0,0,0
612.1367956299463,2008.5856604876808,2.41018100572674,9,0.14893100692295025,23,0.7926741695910766,10.634347750001861,1,0,0
604.3588678519523,1761.465787415542,10.897207817160638,21,5.479172156809995,20,0.9116141229149188,0.46852158060146043,0,1,1
519.3225651565756,387.54043152620255,5.982371490074003,11,7.472490446755857,28,2.084716875869197,2.876535318174557,0,0,0
955.5121962726563,439.6783091742781,4.522620106217075,9,4.136890130878514,28,0.6122084050082108,0.9844628388134029,1,0,0
220.8888558942639,525.4346646727122,2.5232644942449274,1,1.001790041883,39,1.9381637579828468,1.3538293083871085,1,0,2
988.1475707498809,824.317816204506,7.328467337518687,15,11.3209699590649,32,2.1088464458037435,0.18630469423401427,0,0,0
956.2901457074153,430.4963505014689,6.364929237931503,7,4.789021913856087,22,1.05918680504096,6.560853358319058,1,0,0
1742.086565967795,59.77071103300624,11.367223663349654,13,23.847261501150584,27,1.4682299422066512,2.3616952520431522,0,0,1
2172.393257250144,3202.8276363999316,2.1854007506815383,14,0.12127828646219593,31,0.8937170445904837,23.23004040590564,0,0,0
716.7283178540786,5084.976827109246,1.983492826605895,15,27.727523845124125,31,1.3594571748484852,16.637334270674355,0,1,1
452.016469794736,656.8464801917536,0.9427920450136382,10,46.434508722217885,29,2.975989339880638,10.21663031340277,0,0,1
380.24805085056477,649.8835428260534,6.073378472824277,11,18.888850926401137,22,2.030861823577377,8.057129536485391,1,1,2
279.7349925321463,40.67561880897681,5.091714076598166,1,19.843826462136587,31,0.9985921170783684,3.546452416416182,3,0,2
91.25114937005696,1740.3269868595935,3.329188739608237,3,40.672361807658696,22,0.7205872042895113,7.731174896531622,0,0,1
523.0776781003876,2648.2292395107634,0.9258309894237488,2,3.518211536346355,28,1.0860320607138225,12.300860951417466,0,0,1
398.06012804620275,267.80495175008235,10.072276307491489,8,78.22500465105836,22,1.3624951357702544,18.291727020424357,0,0,1
4092.496138915593,290.93439431207344,4.921737700094249,17,22.273910253166456,23,1.630105555157426,1.0225393832465057,0,0,0
998.9442195849385,2371.5663829479176,8.885478241963286,18,19.450683328622148,38,1.1691930921760452,14.791129729789276,0,2,1
531.922994620521,1466.805255532388,9.403093793860345,6,6.71988878727886,31,2.495313886841209,16.291544194577085,0,0,0
1062.337428347087,98.846904307486,5.962815290610907,3,11.837521211377947,29,1.2374326857832139,9.823768428845185,0,0,1
199.86710900257373,1491.4637941303079,6.5206511142076975,5,15.9161838900283,22,1.0099002257304088,2.8944560452560086,1,0,2
724.4788081314836,584.2445889180865,2.8018723865692277,18,14.527300502602428,27,1.506541565276637,9.297092674760734,0,0,1
1200.9514469384135,720.0209122456698,4.6665911057587435,0,18.310917765610697,15,1.6161098938739993,8.382859559401284,0,1,1
825.4229251753701,2232.763357213944,7.99787761081277,15,1.2896071893329628,28,0.9002027835245223,7.748525957734357,1,0,0
636.5536338269025,2528.4981401786235,2.415458888292721,10,6.5926618512205755,25,0.8390840229472569,7.408462449220743,0,0,0
6129.249516730953,797.1302678175663,7.653519198354703,21,8.537418451493783,20,0.6333183002771843,1.409542191842366,0,0,0
2567.468000296156,4440.529682673687,7.35414115864976,3,4.529337856725374,39,1.0880877517394865,2.42381514358221,0,1,1
1191.9049805681693,812.4828744575971,7.235737506866319,17,2.8424997673360566,20,1.9871536641779226,1.2288066540370721,0,0,0
1031.0277444573642,2246.5361471400793,4.456783291288915,22,2.243648255368236,28,1.594319078500944,3.3324296594601805,1,0,1
1183.188371983945,1022.1160236195581,2.5512510442315337,4,6.844668406637906,29,1.9146725163632063,3.6697742374685114,0,0,0
289.74203910294204,3447.311866274829,12.053967273639305,21,10.201737890630454,23,0.9401197099745848,3.3736561629621677,1,1,1
623.3054260282362,3605.0623288147835,9.701789091421567,5,0.9757027970924776,33,1.144131681774799,2.842788735259937,0,0,1
68.31099963891225,167.21404233723948,4.526886203609081,1,43.90935979502268,14,0.5698997092738204,15.955432164495821,0,0,2
794.4771548522955,4164.915539791455,5.096986209524644,11,21.73808576520951,16,1.8278626650415655,20.482320222904576,0,0,0
959.7508205035695,2649.045333223173,3.6246600330049024,21,19.687395331361216,15,2.0898590479065824,4.75406694810599,1,0,0
330.13592655073484,2380.36320684323,1.0029584651255425,8,2.8467291961739947,24,0.7972167958445776,4.368346875329401,0,0,1
4010.045566279732,366.42506291055423,4.093173402309273,19,13.887571247479078,24,2.340348312928916,22.297279961341907,0,0,0
2902.2848208783716,2483.050851452847,5.994189915483352,11,11.31656303844286,28,1.112049053281501,11.735565202601341,0,0,0
1556.779440228554,2877.0079118090975,2.9271469635914404,12,60.65663610064086,26,0.7919076804616129,4.168137406043119,0,0,0
934.705115679119,541.9414685991778,3.4976981996020955,21,20.655368089584965,23,1.0764016359043402,15.004905190311796,0,0,0
2467.9803478191448,4592.9809492685135,3.475836341502134,22,12.86190579565128,25,1.5704610836508792,5.069982872803211,0,1,1
188.01460289147713,106.71913635876822,4.707261291813551,16,28.538287360930287,26,1.195371796206388,10.59878724191051,1,0,2
1895.693949713882,273.618261465892,3.726095018170865,4,2.527953314960442,24,0.9692678658083517,58.930614384939105,2,0,2
179.99195546242862,1186.926256567247,2.323685706855211,19,0.23000233609507337,28,1.5479475486339578,4.307462648097492,0,0,0
1917.0827206090023,1316.298732890917,4.69690749604256,12,17.5790393002358,23,1.6060688477138678,32.001632487835245,0,0,0
407.1714797496112,1584.090523141192,5.800587359586801,12,1.5522917722045635,32,1.1393200931438892,4.639468489605873,0,0,0
2535.569151140539,55.672132148991565,4.9804085118965675,9,1.839866141097316,25,1.0589699647576765,9.325827050313297,0,0,1
3479.7866556201966,4872.131231718726,0.9301361547616259,14,20.47860695627383,21,0.9819194146596817,7.393873447360187,0,0,0
213.3241102575315,98.41907247432684,6.49163010025321,14,4.7316551484869205,18,1.4790905805817631,18.343122075067697,0,0,1
765.3839353509399,261.58447983464293,1.8273274100223666,17,14.858395229659575,35,0.6429471969272972,0.7564623136828041,1,0,1
4775.182655771565,51.170472217731515,5.739051571325667,17,37.407441794590405,29,0.9002756880122567,11.838057672629361,0,0,0
812.6009509848574,1285.0359907809147,5.898482719731606,1,5.707370427400234,25,1.1447471882914129,17.15878990601455,0,0,0
2410.134650318255,4068.270089168599,1.3267471666222574,22,3.672100643566773,22,0.8911059967258798,7.667200471833214,2,0,1
1086.2108563090999,1674.6841696913914,7.498183019349301,10,1.6901898896459138,24,1.3520074169864722,1.335102586094246,3,1,1
584.637945536437,2624.5083152737534,11.979356727007742,12,2.0969048776619257,21,1.3038868052211214,3.3693516334985185,0,0,0
423.8830628720911,50.05528109295703,3.569669825941841,10,0.9636415991906935,32,3.2945389141165404,13.660931562285336,0,0,2
292.6166634900637,1201.3792473299993,5.739790344226941,3,1.3758485594088274,26,0.9007714677413375,27.095630462398265,0,0,2
1741.5644350603466,953.0657487232819,3.160635754536295,14,8.484629087744635,27,1.2159703851837185,6.5700538674544795,0,0,0
606.3692513628511,1066.6277945293552,1.807535229438395,21,5.804031235277548,24,0.8329558679431669,9.863009209998193,2,0,1
879.1475187368745,142.4299472454147,7.940612463290742,22,18.391272975148393,31,2.6536100499891138,3.11123526734996,1,0,2
833.4976944906908,1760.0876103504763,5.830645729232247,10,30.631222020532263,19,2.4120766530159403,6.376694110535912,1,0,0
1053.2515534082602,1079.4132628767202,2.673023287983394,17,23.04094406599111,29,0.6523539959567924,4.92795968423918,0,0,0
2428.1177814957764,2203.20505378167,1.8709385390081184,15,11.345690543116362,25,1.1436347051798252,12.788824210168677,0,0,0
4759.628949602819,1026.229313401394,12.371958904551539,9,1.621164993766254,26,1.2391344965257802,50.15800721957274,0,0,0
648.2558482984002,272.6875607933864,1.5111685808253035,11,18.556083129611917,27,1.0660125711626267,20.13924861700994,0,0,1
2128.961290276824,1597.2815296906851,6.347098653793728,12,6.760751723570837,26,1.0064691548905194,2.5607632251012205,0,0,0
1755.3948758031036,313.8132815973707,4.871349737574868,8,1.343134192144142,21,1.6625639443664622,10.34386353122178,0,0,0
1042.6529550135951,3118.218453062865,7.018596375010942,20,27.72174833880177,34,2.497144706648708,0.8246369548051846,0,0,0
3769.5651982375216,1454.4464856319576,10.451568665367173,12,6.19225262659496,28,1.6867811265499006,3.4029338665368685,0,0,0
288.48424604534017,286.54530747760026,0.3775860366199164,5,3.6932818382386152,23,1.725746078681165,2.268060635427002,0,0,2
158.84891338371742,4948.657764988024,2.0398312774287084,5,30.771801093338652,18,1.0597857241463515,4.905467188273137,0,0,1
2328.665829071343,1125.8545128226945,4.007274682193952,10,34.86232108061374,24,1.8347998771559442,13.6288174563632,0,0,0
713.9617543369717,143.538261764049,10.951607521866492,18,6.2093598131639,27,1.8323863181571565,8.303214599128854,0,0,1
2272.536573239112,1508.5934733161391,3.258919849631956,10,6.5729569873146945,26,1.010196243286158,32.42051093955446,0,0,0
2702.9238071445407,467.93460563229223,2.8332810907435597,9,12.999247507079613,16,1.1126721483674342,2.870495343912147,2,0,1
97.39194642510009,2472.1167307868363,0.6229520853870548,22,19.83242286076414,26,0.6504511751377939,5.434627392420559,0,0,1
2599.4739056843873,2584.1571775412826,2.6375468261054715,14,0.9784686457198356,30,0.7110358146557668,4.8030906739570876,1,2,1
733.7424784021097,5821.093671205818,6.210719173534425,12,13.49680225161325,19,1.0268612433209932,3.229678571386139,2,1,1
877.0794898953269,1075.3398755628375,4.024658013790603,22,45.80679771798805,27,0.7961961063268715,59.83851866078767,0,0,1
1202.1019905023625,940.3355515246149,2.5893789706137853,7,4.559080416412389,21,1.6849990402185944,5.877100174231436,0,0,0
3150.648751477731,2130.441490035024,12.464237061385326,4,35.92498239926584,25,1.1461538393461534,33.86315892706091,0,0,0
43.161403238703016,243.1589132861187,3.5570903313012625,1,44.986571539380414,26,1.5113906696041397,5.940873718174135,0,0,2
797.449476725388,1217.5150006812462,4.706918885256945,15,4.703280307351688,25,0.7495277234453497,2.7392552888176254,0,0,0
1416.6339177603902,1215.305406673862,2.472843730637904,12,21.04867009425625,33,2.053416503289621,1.5231825722772159,1,0,0
1559.2165010541255,170.5977916444058,1.7969327490991018,18,4.092394682234518,22,1.4856122062789567,23.21895828116549,0,0,0
1435.2627988533295,841.8862307020706,6.734893780309187,8,20.068916398587763,26,1.4358912623389308,0.39148878075377996,3,0,1
193.2475467143712,2908.8929649292845,1.114480404047419,14,23.949304004938668,29,1.7837971262213823,40.023091676824976,1,0,2
446.97424557172883,2938.514052405547,5.87961844371603,5,4.259449011015007,26,1.3875061685900698,6.499361133833901,0,0,1
553.1385468912016,186.77075282214224,0.24438192172267947,7,18.874826890669958,33,0.8143517315160448,3.410247851937008,0,0,1
1978.2485153438256,172.65475838172026,5.36003177633929,23,25.078042928960496,33,1.569500047860095,11.530629657861171,0,0,1
412.13977901195835,487.1314191945178,1.9424385369045924,13,6.661035779842576,23,0.8913965282802191,1.7113914215992863,0,0,0
303.93810948349824,3146.3576867777706,2.2712541277974565,4,2.7534849233868486,20,1.3289058838819416,0.8985651188185475,0,0,1
3808.43464274001,237.00219863761444,3.5766791930350945,16,1.447078175462157,23,0.8966135801068171,21.10802415426444,1,1,2
30.683357206742286,1939.431385035591,1.6840339576255858,21,12.848469596335361,18,2.374736706722502,6.633754034029023,0,0,1
7374.587592684904,189.98473195610393,0.8669560935346412,6,57.317741547779754,28,1.5965770299868256,8.76408201739755,0,0,0
1375.4598253241038,1493.8137273187965,3.828308535129634,8,25.969873619255658,15,1.8275513458943784,2.3331573236769465,1,0,0
2135.591619726044,690.2415901144095,6.94915797200167,15,8.586251096511527,25,0.9015006478128506,0.7607004777163276,0,0,0
438.82131020590475,2363.2342052420267,5.034065411128044,17,11.538146633795835,18,1.3765267392068512,5.502140724827536,0,0,0
37.30247568561383,429.2536156027941,8.527935638693288,12,4.917728507297783,29,1.3179544033261084,8.46619035692936,0,0,2
1626.6954541216405,1559.1548417667127,0.972343131608605,17,2.670148592477767,30,1.2765085540590186,17.40004655185947,0,0,0
2175.9667237920808,433.1580681971043,3.2757930304766707,9,9.869050876825796,31,0.5627216651520184,8.343040770593353,1,0,1
1638.687924257713,1905.864527666505,4.434811185594928,0,9.340374542192786,22,2.6797214403384375,18.307064330357687,2,0,1
204.97121805226604,3133.3820249205423,2.2728966370891426,20,11.069970224631005,39,1.202754380665531,1.4718812419554774,0,0,1
1700.1211083251048,233.38907203776355,4.564230407505724,17,45.8018781433286,25,1.492904886126844,0.7932003580580561,0,1,1
1778.0040172736196,3051.5562399732553,8.243415196384088,18,13.891150636495057,19,0.7218790009603632,2.0759797273021716,0,0,0
1309.4314967982573,1380.5347422644572,5.98754493094393,1,13.962381636417884,16,2.1935050002928147,17.74155407460831,0,0,0
1763.5156708308957,233.91944357931493,8.970688338874044,3,2.0549137987926915,24,2.120724230482937,17.091954451062946,0,0,1
2264.351209614566,866.7234840375262,5.221432119556943,10,84.77724400678974,18,1.7190141133706847,1.8289755148375655,0,0,0
1161.0713891755165,293.06710629705265,4.0397776333659845,2,22.231836444569545,23,1.3622521695266128,0.3777475508184871,0,0,2
131.3342868738989,1837.6996601576598,10.521555229199558,8,31.45838243513645,23,3.108711580337567,13.872936918410376,2,0,2
822.4447805451466,2163.6170025562324,4.685929440615427,9,8.024224035448276,21,1.8098417235911304,23.19560111991232,0,0,0
116.9957558891904,197.73288562213745,11.911225162488787,1,10.46118683246101,33,0.7071949673374255,16.834339506396887,0,0,2
648.1724417904023,1088.254356744096,7.602129326437478,6,11.074798422581669,38,1.3361531524024106,2.7197809432522737,1,0,0
647.2885676607573,2558.06217113138,2.663857204381654,14,3.23683256638518,19,1.542647440226184,10.51814681938794,0,0,0
101.94725668826091,4157.134455477361,3.769280917761536,18,17.54304682433683,29,1.2738200675410916,16.994399909723157,0,0,1
534.7639967592568,1110.832654635935,10.46625030227719,9,34.9920654983785,28,1.5360926723586668,3.5458084179044813,0,0,0
161.18708585368702,4531.998595866702,8.52980499105816,23,2.6816225342706406,21,2.173836011508359,9.002219349056677,2,0,2
2001.7828520905764,1180.8009435427232,6.884311893564826,19,1.354094829227786,33,1.132625254429115,4.530588232707835,0,0,0
3560.6359820743983,781.7845347824442,6.422461684652803,13,20.103699626846073,23,1.0492114007312483,3.067619992433378,0,0,0
110.07756047894692,2857.8180359037888,1.556178455301957,3,4.786596939776542,18,0.79119943793468,41.91553966949576,0,0,2
3744.387480882423,1048.8152614677426,1.8627548902410913,10,14.667009323934717,26,0.5790453440220593,29.24464337667857,1,0,0
907.2218592665133,987.7115598558455,5.058037854791312,2,17.848994288382308,19,1.0779946190629703,7.07989210074839,0,0,0
447.26561153432243,1040.9361980835454,2.3083668466868548,22,5.8271457384984116,29,0.9315413690564658,1.7650013944914886,0,0,1
115.9719496874865,2843.869691167339,3.596920317929882,16,25.322720508379742,15,1.1245102465601344,15.619349689546244,0,0,0
853.2757961256723,2705.165090943764,3.4210408594190858,6,11.97724818490313,24,0.9664844466245482,3.5437514159366312,0,0,0
1918.8618682371414,805.064331376445,6.220912204565397,10,30.488301545089666,23,0.7947141001701034,2.2145447363425252,1,0,0
1493.4534293403797,638.1223487616622,5.186133764681766,17,21.614017859414375,25,0.9800076457161943,5.766060054731112,0,0,0
81.83747539525575,1045.6982347165163,8.129792446291097,13,30.439856120992477,36,1.499611946512354,9.056436964325531,0,2,2
110.83498886990297,1305.657965310297,5.250159347256098,13,0.3055109476281601,26,0.9859986520748465,1.2302456930187176,1,0,1
638.7511174593052,438.37703231240744,4.994715294533992,5,4.1859153257209964,16,1.132618927660039,10.176478872979025,2,0,2
439.9635312560588,2399.4916478964005,4.331542256701871,8,1.4147910791111813,28,2.8231706046093734,0.18560856397931264,0,0,1
337.3593100790714,1029.7075317376016,8.896946850786406,21,8.753176559911799,28,1.8777388111400102,26.692948611693023,0,0,1
415.8802141466139,639.8010027022211,4.362901804890863,2,33.103686721774324,17,1.3379550740576138,30.420516054951385,0,1,1
1972.406037388059,199.45239358022624,2.605633798134759,16,9.453719912219444,30,1.355804184159003,15.849260700620993,2,1,2
3197.9511134521135,439.3777098422424,6.6179690868499055,11,28.428131644176297,18,0.9193169785815416,7.540665895972659,1,1,1
643.2397810130403,4502.187107346759,4.011552640136127,3,5.944122381796437,27,1.032552891395206,3.5307820338185376,0,0,1
2858.770481891468,575.9803169665862,7.544624071222759,19,6.2229637678977126,30,1.0931735350708032,16.35618941676204,2,0,1
485.43735686869945,307.4342573790884,9.477669746420489,15,33.88738654429391,19,1.273797868936581,32.22323625454161,1,0,1
796.517463187429,956.149240031632,3.7746539480209904,23,8.32211059961876,22,1.2000384487807434,2.071311834089893,2,0,1
327.4650451673463,580.2778524058346,9.273189754957794,9,23.392974698259994,22,0.7777282550691963,7.524313706360836,0,0,1
1247.5693543658535,83.68832617385502,7.665506936094442,6,4.0504527741449285,30,1.5502510147959443,4.544621569187578,1,0,1
4654.800761571587,615.447795344708,2.9463692329143396,9,44.580479275639334,43,0.9710306337676172,5.294508757286511,1,0,0
1130.0741909721153,1208.2510623568871,2.3412708646189864,6,12.820113615269284,25,2.6351453323559566,6.245619206240741,0,0,0
551.452914328021,1233.4803387555046,2.198679420765161,22,21.364527837098407,36,2.0134549471502594,36.38784501459865,2,0,2
1272.3267421705807,691.3872296079101,1.8280330543307213,17,1.4066793451618147,19,0.6283731862563772,3.591181458319183,0,1,0
177.3894131027728,919.4173605639542,8.73095397529915,8,10.178733271962749,30,1.1037528562673533,8.143261308924266,0,0,1
2654.1901227995677,5080.973188481021,3.811539183689607,21,34.69536555713657,20,2.324054439057468,36.311198377738236,1,0,0
859.2010186438815,740.6524052863665,11.431351450232722,17,31.43827545298002,34,1.5921423647723327,7.756466036088894,0,0,0
735.9864942873222,478.06764118774606,2.695685101426567,16,0.7191776455220775,28,1.2657050912829555,23.90592034325083,1,0,1
1077.8753126479526,448.51377451541515,3.071668610738494,10,5.429587176845117,20,0.48186417002224013,0.7267463578265682,0,0,0
1196.3036637821924,948.0826168754721,6.03556792141482,0,8.786470831039077,25,1.1196018153439184,36.69906105771269,0,0,0
109.37838470679797,2167.678457092145,11.076344696024904,16,2.83592999779059,26,1.3286254530983468,2.4921324037720223,0,0,1
1397.176075429256,375.98540470651346,2.9760656300809325,3,19.63990596615939,29,0.5366608461160195,46.905360074440964,0,0,1
352.37811906981256,1883.1752234653097,7.13707489044,3,3.0595284979656974,29,1.561037590706066,2.316856414075469,0,0,1
1521.9174335234402,62.06502793819643,4.351408909392232,13,6.384397982251871,27,0.9224355122337511,7.051744570969502,0,0,1
2094.7768567780627,844.3337587100245,6.0811196087705905,8,16.32758168818313,19,1.3778424467391277,4.428692537595461,0,0,0
1975.3147351945752,2273.260531503077,2.4419479696298363,12,9.869287970639844,28,1.2875362006786586,6.813650503796911,0,0,0
984.8970836898831,650.396280563043,6.6824087146665345,15,20.123890359638708,35,1.1027741271154232,3.460583646688348,1,0,0
901.1878160559563,1274.2653585228832,3.606275428863029,0,48.7430803928209,28,1.6763646455030987,40.3382102044812,0,0,0
205.0071619571011,374.0805636561389,3.1730353879885986,2,1.8587524899796748,26,1.3668583587362224,4.378645445044887,0,0,2
1811.833409164914,2062.1667455520465,4.237272169443583,18,18.545772491732915,24,3.6195835624322994,12.710676801858614,0,0,0
399.9719229303278,110.54284920871604,6.316774876014569,7,3.927177291226686,20,2.4872198788265654,1.774311003662881,0,0,1
843.8717250796672,2901.3243942073104,3.8889935695090565,17,8.028740227468102,23,0.814664587773739,20.873703954410686,1,0,0
421.3495959964905,361.3373579270169,3.194875948053257,5,0.5012225213586238,23,1.9634957084473255,9.38394908735546,0,0,2
192.40663388875544,3141.9560309382196,3.9764451383226973,19,2.191129792540797,27,0.9096886499933795,46.61646922243608,0,0,2
1211.6690881711068,682.0224701068215,3.9114597705480882,5,5.780025274936756,21,0.7635896552238245,6.607324061394307,0,0,1
87.03651167109965,1953.894141511074,5.997466237366369,4,6.2779316306826285,27,0.676752915798985,2.6096342738812894,0,0,1
1677.0679135016965,606.7857919856469,3.3401637544179876,11,34.47668754256089,21,1.058378086893552,5.096123748959197,0,0,0
478.54391906467583,3575.28190531043,3.282618156054064,8,20.31106198468098,35,1.8264036003186566,16.02564576053772,1,0,1
20.16164249168321,233.10621858729343,2.457717991295502,8,53.73160186109524,23,1.3012743595585543,12.91422274543088,0,0,1
878.7882953653343,324.97114648294814,6.240819632834501,16,13.70958296386986,35,1.496880886984762,18.079728264269438,0,0,0
77.58199083350262,1048.9555434232147,4.750360707025637,18,4.150414537312613,23,0.3359379550341536,0.9157100307760705,0,0,1
407.83773189173564,158.2362461081381,8.863772797976287,16,5.9547558276941555,25,1.1144859520176775,10.420547879277557,2,0,2
1493.0029107119879,357.19704632031716,8.182532243298791,21,5.78131830961562,20,0.8017207032770861,32.28877440126743,2,0,1
97.68896559059215,4347.360779461073,5.057026069465704,15,5.928882914840768,33,0.6492143304327344,1.3701503605040972,0,0,1
2214.1466770577435,5655.472505142628,4.063556317958503,11,16.76528327605818,21,0.754618188263614,1.1890330124670359,0,0,0
24.59268463567527,738.0308833059347,4.360553663015758,2,11.351145890759563,22,1.256550178424253,15.130936228884057,0,0,2
360.1474077097946,3881.506997784057,2.8254622864625687,13,7.302344544124421,25,1.5889991671469823,4.543234021156658,0,0,0
1640.668215573325,1210.6089090911528,2.476795573180932,16,2.4217296321078683,25,0.8486070202984648,12.895674902683929,0,0,0
476.2308741436997,501.53703086988736,2.2251896642145623,21,0.3358186870329417,39,1.545943540839801,9.45963961131389,1,0,1
148.95845929255222,1848.0010178823138,3.840284747003073,15,3.7045270667715227,26,1.6931064184032363,51.2816475660634,2,0,2
555.9832010777695,1643.3773288378065,0.44003148043365414,20,1.7054508820559877,25,1.3935400300042657,26.38480161279426,2,0,1
398.29956618650726,6811.977068654574,10.818129485397042,11,23.08783960532355,17,0.8664912664529004,13.601157464172562,0,0,1
2239.611364564435,491.92367767538803,12.723781184864084,23,1.7901668487065487,27,1.0010642028214218,3.6404479860511887,2,0,1
471.1130543526077,1702.3846464134244,2.045895507733766,1,19.322725532069676,17,1.3925130549478077,3.644244247120085,0,0,1
1886.6925892776208,110.1387526335197,12.604238139751173,7,7.308069381531734,27,0.917342095766662,25.66966678050629,0,0,0
2689.329089244834,210.9583549513467,2.067659824053472,11,1.1431497625996578,28,1.5819474679483843,10.563587288249845,0,0,0
702.6064070519556,35.88910784271433,4.376735683288487,20,25.12806175753003,22,0.7841163203246115,18.68680197588003,0,0,1
2908.776887793436,11317.805154048281,5.572491068263605,15,12.999320394700423,29,1.4224494575759943,7.171081608287475,2,0,0
588.4632926714193,2461.307270075151,4.631408737683537,7,4.0331307388261965,28,1.755538641180904,1.3053781492230643,0,0,0
4011.700342602459,2347.74533662333,2.970155871583295,15,33.76144641833193,24,1.3186198756636212,4.853943190999399,0,0,0
132.2362901748338,1099.1865210786227,2.869700888080802,9,0.6947169122639305,22,0.8218525170267638,2.108668947248457,0,0,0
1413.936373591986,565.1561718795572,7.185820815478501,19,3.381309782832955,20,0.636243676079544,18.269923355732043,2,0,1
837.0214018773838,276.0111453765967,9.021572534713508,14,20.917736636191524,22,0.7843421468871419,14.468170733663822,3,0,2
608.5391765150157,532.5268935365814,1.0433383230328495,3,18.53597378217095,27,1.484319386137666,1.1108178865624703,0,0,1
1221.9304008863933,737.3381894592621,5.118354944769508,14,5.121975768247429,30,1.1248118475021374,11.654837694636013,0,1,0
1480.295771162149,2147.788126825617,6.347077490063714,3,0.9604777484014371,25,0.9605885652386075,24.870592837009553,2,0,1
25.247379790095696,1193.6907272126105,4.89240728324333,10,29.287172654696263,31,1.4320315457720885,14.342705902304274,0,0,1
239.1983868454508,150.9752313504294,1.5016251349104766,5,5.646554812975925,17,0.5519021170155474,8.587460119305078,3,0,2
1518.1202375223995,57.29026763304396,6.037412700766177,3,3.266994363327889,28,1.0998143404078975,4.485212964457661,1,0,2
1337.3226622009668,191.93278426191566,8.287472938136336,8,10.886971688620955,20,0.7845139670013146,26.17468821643567,0,2,2
4079.3515292486495,822.7175654759799,2.4291829239338063,8,36.15709855328987,27,0.7116185904609075,6.59489892523162,1,0,0
1737.7398293080887,4088.919257790343,2.946891710138681,2,0.667847811184929,23,0.994184790233651,23.20487488223403,0,0,0
3633.568506052255,1551.6927352683244,4.949295327080041,22,21.77395924903914,26,3.2833642428744523,18.334286158844318,1,0,1
1474.9726434525048,2457.914011622575,4.139039533511162,4,12.74607551792089,28,1.5728006495103322,20.328645476762958,0,0,0
444.6754988039178,972.0917610238382,2.9580733487794735,14,8.312499234670309,20,0.7770586682993509,55.0214936020068,2,0,1
153.6072538544431,703.3406279717324,1.7897868839533841,8,20.443381780050913,30,1.9825169393436544,16.576088570460193,2,0,1
1846.943091337377,202.10714325257405,3.1372260271238606,1,50.643660825162925,27,0.7242144763667862,0.4156058662544296,0,0,1
1259.89255694243,3160.4005733138106,0.7080698764638002,2,3.905016008211323,26,2.2409986475199264,2.759509722141325,0,0,0
79.26278534185039,2322.8934876867756,6.416984291092559,20,2.3260954646971013,30,0.8584636648798416,0.4299531169234433,0,0,0
555.6391504493085,306.09718869599817,2.63781199285455,11,36.607332494372805,27,1.276107623735566,2.527371998788859,1,0,1
3790.2926150529374,1106.9609371445472,7.0638637247457,15,16.582427305565147,32,2.8129997355400707,0.7608956621741048,1,0,1
852.7397527860205,1032.3154808603376,3.7296726087794396,4,8.643428350983369,21,1.0616787244993018,8.356638046556014,2,0,1
700.3020500870589,1501.6101349744179,4.762180108957992,9,12.773690152288523,30,2.547461685901915,0.3433398055021507,0,0,1
754.3222364599986,4413.357353056744,1.2158146067324842,14,20.533531615824945,23,1.1866635734266557,7.677076521037097,0,0,0
301.17087110311496,1330.4347941608548,6.715612221420406,13,22.244186914615224,19,1.1795793806514283,27.492729892816804,0,0,0
571.9825430710042,1195.501830241115,17.176981631469722,13,37.86610167892316,22,0.8569028967759041,16.567374864037,0,0,0
574.0869013424449,107.44992237233494,3.3545198993635172,22,8.348928524541996,23,2.1489209071386575,34.57940184219544,0,2,2
84.53040888331738,127.45988506091824,4.704032025529831,12,5.209589765094044,18,1.0017587819125835,3.0842325567603677,2,0,2
1770.9871659356597,341.17622705013594,5.096307406633697,15,15.310786348132751,30,2.61708950429772,9.088026056259292,0,0,0
666.4621071965238,79.51446659518399,1.6081859208160003,7,8.060827181586887,23,0.9501738791480654,4.602907444305088,1,0,1
2092.3794077394773,2070.0799083205266,1.9782909358581229,7,13.543158469922094,34,1.0180406371922126,8.17035045719648,0,0,0
2299.3312252866285,1957.396376250206,6.118745544269954,16,8.170540354809892,24,1.8250034425407589,9.772280357582975,0,0,0
305.899573224875,249.3713976660173,2.430248379375841,16,2.4907441490478246,32,1.1695383199816156,0.4422850130484609,0,0,1
1305.2671081655715,2742.555104002627,3.70766484726749,2,9.506958844515584,24,1.3707671876361989,3.187229731252528,0,0,0
787.0314293128919,282.2482057172209,4.769367644391731,0,17.612221335472565,32,0.7235391984221204,14.640119751287315,2,0,2
2565.8846471628317,567.5336485871965,6.257412679658423,16,24.087950207249804,27,1.2764483053997062,17.789858870974875,0,0,0
311.61865635955667,459.4783013795664,3.846961024237694,23,10.198320397975097,37,1.4168370146404141,10.112339927831961,0,0,2
1379.1485340601337,728.5563638777801,3.9158363416033826,15,2.7091273976718946,27,2.434443477245282,3.7901645389005574,1,0,0
1143.0335574117082,470.879762196262,15.580143849315212,16,8.034146167913292,23,1.0086667809930536,6.2320230728858625,3,0,1
439.98223446819077,1036.9344885336236,7.774388127426979,1,23.147305610028894,23,1.3979398334661464,1.211599686321764,0,0,1
196.25389097682503,814.873415326349,3.419684908915145,13,7.987361167136376,23,1.981964278139463,36.73723958709736,0,0,2
1285.4217963025142,6495.339528766569,3.9470056365074973,6,17.887127028878595,24,1.2424059249160728,24.361187158021913,0,0,0
1630.0325045425652,116.32664542198592,12.153407014108927,18,10.61519445440557,28,1.886018593624817,0.814238143014669,0,0,0
475.1032287922121,260.04389434795667,6.271412579557994,0,4.140712759215513,25,3.3178246813373877,2.185324534605444,0,0,2
1262.1992752165977,111.40852881767304,8.397747988591112,16,23.855600127924372,22,1.2359429125253747,10.441317373170094,2,0,1
623.2918646976409,1504.6124390149923,3.35934938927486,9,1.3195795488720923,26,2.073943914851097,3.1743083405339383,0,0,0
1518.7930049993006,114.07680466372767,3.091131686994183,5,11.163142769201253,28,1.5007078205125972,32.69028268257571,0,0,1
286.5957508472852,2745.8606667209697,10.411376754985714,6,3.5147934561081104,21,1.721125703059433,16.906926151439386,0,0,1
2671.07767432759,1105.9711863545774,4.149632457663695,5,1.0413063303769816,17,1.6193179280194778,3.8307583497997832,1,1,1
426.6181912815425,1153.0140153642292,4.106068367028522,4,10.485485075179387,25,1.8712370306584658,0.07344121032907068,0,2,2
570.2327782260068,1266.9165230970784,3.206945717287473,1,10.384078134314333,28,1.8223309587677887,19.280144143657672,0,0,1
91.8171474124473,310.96564216675205,8.195426863231646,17,18.408667614174224,20,1.1875500297195274,6.621640515012855,0,0,1
161.88125162805363,360.390884905435,4.92882689590865,23,20.48271805694559,31,0.9778579640896335,12.339334927264641,0,0,2
890.4621055860873,605.8871406807497,1.8838275444700534,16,19.51780381012489,21,1.4479521277959533,4.058862614719596,0,0,0
393.7021606708695,1380.2437993000883,2.9581820719724425,23,7.903276669759935,27,0.6830154206657283,1.8500337910627431,0,2,2
2185.6694092964076,383.8071421556112,9.26231781327944,22,14.982445896291122,32,1.564316315818222,13.498671605969932,0,0,1
37.76288683333004,215.51031556361394,5.005386148392439,6,12.903804874492664,24,1.6460054291155992,7.181128022824673,0,0,1
591.8907867856486,5295.6925819238195,8.246101291522843,20,8.211352352904218,22,1.1370722514315272,3.217215614734405,0,1,1
513.8019336099716,63.34052228400248,5.612136922566618,18,13.640199502429347,30,1.243179483426485,1.7768225566071136,2,0,2
43.42022200385254,2464.525072775378,2.0870905166636007,6,44.132268831331075,34,1.7589968200602808,10.423717340247457,0,0,1
179.37178796550646,2357.0022269079363,6.0035169099797585,22,3.214499266185757,28,1.6468409054120463,15.515831593482417,1,0,1
660.5910865708946,559.0545077662081,4.2160481430061285,6,35.43058377272445,20,1.7695329859181772,4.007007004230877,0,0,0
834.7726630807904,248.62566919837923,3.0171403927692215,15,0.8240596333685583,27,1.6666259358992424,15.942761603206698,1,0,1
641.6010598876663,266.0840096784847,3.2047457231059733,11,5.530978919796831,25,1.2744584966283086,2.427189184334428,0,1,1
928.423565015987,1823.1719525079577,8.117617824096943,14,5.098220838600823,24,1.2141575577608477,4.957414229339294,0,1,0
1105.0320655562202,1574.2168233584805,5.115065419648123,14,14.767142739980555,17,1.446187986828758,16.39236263934354,1,0,0
31.96806854978326,2320.029905473264,4.883264611404765,10,2.1100657504831655,28,2.1845224103782126,12.95078240516738,1,0,1
768.5584039599427,4188.431288984401,11.046915328318605,1,32.100312977402446,26,1.3575881314441505,3.785139592188231,3,0,2
3992.5066652115656,1796.1295353943453,2.6677177973734247,2,26.452077226892218,31,2.05867676310326,1.5631494896804627,1,0,1
898.3461459017907,284.1403429435078,4.082182062509961,18,15.83612931184479,29,0.5416692292725646,0.5208216442583765,0,0,1
1378.1398558686758,448.46534257307985,2.8333762002947602,19,9.198796447046828,20,1.389084347678843,21.835626000302106,0,0,0
468.52229562785647,2799.5807145783792,5.930009547163531,14,40.5361018093616,23,1.262454467216951,0.9373801468563467,0,1,1
1804.6185568051972,382.26650108316323,4.940549926687672,15,26.645370168610405,22,0.6273046580353033,1.4639121602546887,0,1,1
1798.951311787616,142.92981929471415,3.406635316913048,0,10.376676208665799,27,0.6662558336523374,3.257148541050562,1,0,1
904.0075114433079,1852.449791899447,3.702212280123962,14,18.153553465569832,22,1.4689211943229181,7.079934817912443,0,0,0
4496.333101443013,802.5676586343914,7.626526574737216,11,12.55283686209675,22,1.2748798184424572,18.715612299384713,2,0,0
180.99248874124987,3819.344139753787,8.848473199113762,6,13.29887612059061,28,1.6756256757088488,3.411937653265394,0,0,1
40.51150407016064,1605.826747105893,2.948429250412938,6,6.02903173270699,21,0.43226239393724036,9.41021577367699,0,0,1
1784.4369007517391,172.15680097577214,17.62045651886615,10,9.300809832805957,23,1.8734197534206973,1.1366415380889516,0,0,1
1995.0455696791355,4460.635553317497,1.5717770688951958,19,1.2201265166361923,29,1.878958805922482,7.494899285369771,0,0,0
173.6826642541648,478.7360207147939,2.024041990979161,10,6.632294858754938,21,0.7023637869118206,2.346909594377112,1,0,2
390.4136772176418,646.9512577758043,3.591539732859893,16,17.852454636206943,31,2.1451258246668554,2.84678129456789,3,0,2
41.249879247758,801.9001413978102,2.5637393461677758,2,45.93322000379328,23,2.499682164037274,5.484166288785569,0,2,2
436.59345902198794,108.87428786297363,2.341124149457493,15,49.47857470068075,22,0.7164415998009861,17.192971111061862,1,0,1
1800.1165425537345,1059.3032960152252,8.716727091140935,4,12.169601139367606,21,1.27514190040699,16.350297932463015,0,0,0
895.6751306864841,227.41726843408009,6.066234808354447,1,13.9947740615586,14,1.3221714696070435,6.433166865300054,2,0,2
533.42881171201,798.6662160161592,4.612135853926227,22,3.081786715094239,29,0.5950820862341641,1.515893501255233,0,0,1
577.7600757912385,677.813241397433,3.0286285810852047,6,17.826813051473998,16,1.070348275671382,3.953581343933919,0,0,0
21.625451233217376,2253.151546847622,2.089408746890871,9,1.0991898461057485,28,2.1417888136164307,8.446998183553575,0,0,1
447.6680286934485,2468.1261994862816,2.0164839875450005,4,5.025498489052913,15,0.8658966094077669,24.428475063562203,0,0,1
1267.7061038726208,279.8132514441439,8.69067614428363,14,16.55572993371719,26,2.538224577047217,41.40009495190678,0,0,1
4408.598545142216,714.8641250997601,8.474986914589241,11,5.572698726540165,28,1.4154100007435624,12.175807543886577,0,0,0
2273.2579983496294,731.0582284068266,3.6491219704553433,9,0.7669818335070038,18,0.8899853502313803,5.182075361127038,0,0,0
48.6533400986198,276.2694803160733,1.4677879778391163,21,26.745303360346913,27,1.243647739923389,14.188628054038773,0,0,1
2765.9524990667105,2432.602770074869,6.396898730813125,16,5.573131005127482,21,0.680189486322918,4.917837356078321,0,0,0
1854.5272288521828,1872.54337703249,3.658246680321525,19,0.9777645418838403,20,1.4496091657047632,11.785111117610331,0,0,0
1839.0066180187994,346.7887253088597,7.828068596535257,19,1.1659883451083086,30,1.1309926236145509,3.35286219435837,1,0,0
754.9777434277352,715.2684455931446,1.991510074330691,10,4.350448372122568,15,1.0299563677086616,3.727129953551705,0,0,0
629.0079511942348,197.74715187867358,4.5883314403444535,7,2.9405142694043276,24,0.6849283181668893,0.9384654150929195,0,1,1
453.0187639787756,1514.1254212693536,1.8548773960486966,14,22.328236755039093,24,1.1824987397307336,6.539646851336867,0,0,0
101.54262876112504,224.09038978779057,2.614982516409298,1,5.822131375859318,19,1.325847291425435,11.553499603878754,0,0,2
330.890780519633,6426.010093934585,2.570015608926501,16,24.497952890326307,34,0.706003569466497,18.6591094457517,0,0,0
359.79657020111995,2305.8493321939322,3.610510270849001,22,2.8646111928926876,22,1.8822182276997201,19.95080805592112,0,0,1
814.1574614712404,772.0311947885871,9.140126718095203,5,10.185089987013276,22,1.365016775585448,58.62567385449928,0,0,1
1671.348659128059,1326.130786575127,4.744572912630944,20,17.47306674081487,30,0.8699451123955139,1.1021697635366197,0,0,0
790.5111063387859,3664.4504025885017,7.049844835635825,12,15.832897763375374,22,1.1756601703944558,8.15416886437173,0,0,0
91.5018680749809,1241.4884302888365,4.556942115342095,7,13.786773755479421,27,1.7070579199586842,8.842043784786465,2,0,1
3818.112085276108,317.64627309860595,3.2795331958285536,10,38.81837023524484,27,2.112466880281735,19.588390717083932,3,0,1
3451.854994822452,743.9199342454135,0.8182023904933875,14,3.891768053567339,19,2.3043089906155836,3.7168177266054476,0,0,0
1865.5990828735014,2808.6489101789793,2.0731885519661315,12,10.209957475790432,25,2.509519787835002,0.8627519483744905,0,0,0
5717.173380031932,1580.13463011001,4.333992651817467,17,32.31151299636444,28,0.7173739019281452,4.518313494228183,2,0,0
963.5849319755476,1607.8409081243294,4.839013697350651,17,1.2164226054873974,27,0.919422338867273,49.567992190832086,2,0,0
3968.71529573948,3054.097256781553,7.845238035266984,16,0.8626613990882025,23,0.697349051494374,27.564151515747845,1,0,0
114.3390241390038,3396.093063427502,1.1719587037015597,21,3.984940080955504,19,1.8896499895473555,6.035221250392556,0,0,1
566.2434795755322,3814.7087207920667,14.032949217918569,12,15.0367687725574,18,1.1397956488144227,25.076035931672756,0,0,0
326.4611952783093,179.48056781299735,0.8090198539783707,2,4.514136585795548,27,2.024031020579458,0.39963505627295404,0,0,2
281.53810946276985,1208.3082416185528,4.152971561142687,20,3.165258420419058,22,0.6928968287639412,4.526102214357075,1,0,1
202.108384845302,2053.5529015180055,2.8780567854686376,23,9.209559913321499,16,0.9271189573665297,15.571134236119747,1,2,2
1188.7471668703772,2151.5892481315177,2.101366118284231,6,14.26315767971242,12,0.8875327027687762,3.003899459912984,0,1,0
1844.1851493477918,1429.8356929997506,10.635861380591964,11,4.286412927724624,23,2.004451643992961,2.653611127806111,0,0,0
1056.1487872349921,303.69955424882596,2.9608565471075163,3,5.364942620311218,21,1.6165705007744031,23.749295650890687,0,0,1
210.7424188013902,2424.934714742019,1.096323922815082,23,14.261652950679434,19,0.5424775363750447,11.483914086620306,1,1,2
2019.996014977585,1940.045061871192,1.6527374113911957,10,43.70908334674532,28,1.0136399806206335,54.14312931543941,0,1,0
1232.5723858608762,165.10989767201255,8.433745878244084,13,16.847035911619493,26,1.7927894590466793,1.7357276137540838,0,0,1
609.552553733337,964.8995641914869,1.717873702294158,17,22.91124432516501,26,1.9067702420791983,5.283071554466599,0,0,0
1365.5091884804817,316.69971672258794,1.3889308653387,6,6.854773403193725,30,1.441172009101699,4.473884870936995,0,0,0
381.1720335184605,647.5501106123511,4.898280234829558,4,4.767055298953547,20,1.312970084865118,25.45639349782193,0,0,1
528.0962413927555,57.369828987501194,3.593050972273558,15,9.084401935124372,25,0.8417636248029284,3.5372298397382087,1,0,2
3013.7424823552456,797.0633334531047,5.792013207961274,10,24.68630338026131,34,1.8740018755759764,5.233461049996242,0,0,0
431.8413594685568,1227.3513376089893,3.2897615700250538,21,9.140354939908606,25,0.7567142708361133,1.8494824218041255,0,2,1
781.827364555873,1479.729283765061,6.787533914615963,2,28.132863785586117,24,0.6411199128547812,17.921263341540655,0,0,1
2670.2705651141005,1663.692657404203,1.525675071094403,15,67.34014351699481,20,1.3271930564141599,3.2570328955011325,0,1,0
1496.0571822124787,2744.5000950805197,1.2968812059184238,10,1.121284218479864,28,1.0229603712068052,0.8491939570602056,0,0,0
97.0664149688873,393.9921388992561,5.191182328274367,9,0.6971027034858777,22,1.6313656795959082,6.853464163158811,0,0,1
211.2212760855869,222.57157043244777,3.59667115533205,22,2.4305451525938975,15,1.4826067881304932,5.960274605439695,1,0,2
29.446997268768335,2891.1310018268423,3.1665428660982693,22,7.27662927809754,25,2.4184042685843057,2.3464749161931717,1,0,2
1216.0960481617897,285.49369816329215,6.394723225935034,1,2.106910904782685,30,1.4359397537465832,1.7208692031377872,0,0,1
732.3389444122805,5548.992695739024,15.243091522957322,15,30.68017953813052,23,1.866250509117285,27.224839265173124,0,0,0
193.0253607081242,2802.8588647797114,1.3244301112949723,16,0.35127498200136087,30,0.8688862323842551,0.8430674195105058,0,1,1
3822.2220119782664,1072.352896520389,9.344152736287526,9,5.692415414642735,17,1.6235862144398063,1.2551424589447313,1,0,0
925.1586255541553,6008.619359568038,6.56722107886394,17,3.0628882227303578,24,1.093475076167351,3.373201868621487,1,0,0
352.3173563710457,183.67501478467125,3.0693972575959787,11,40.222437922384046,33,1.002410649091528,36.650304247252826,0,0,1
853.2260624630187,571.5963323414808,11.117367840431816,7,16.606367212263724,29,0.8512849751017902,1.0710149608629942,0,0,0
1385.8982315279075,1555.0967856667294,1.6604615969002807,2,36.46143520403685,26,2.26358171627339,20.314801256931165,0,0,0
115.16256172406098,676.1902245451464,5.6632042118000605,19,53.810398148972034,25,1.218045883742097,26.713284835109462,0,0,1
405.4102119021114,3984.415389378974,3.8073256356026484,23,10.310406651313698,33,0.8910397379123313,5.695230894277151,0,0,1
1993.8635628210225,131.81788051317915,3.069797411460405,2,4.004846792705279,17,1.6019666055348927,4.1758857283819335,0,0,1
758.6788658688167,1225.8022646794286,1.8536372782944222,5,3.230026492862228,27,1.024309168193099,13.57527692897184,0,0,0
969.1161531269642,1370.5698026997043,18.91847154029045,1,3.78315763427496,28,0.8874714828039849,14.553523144845961,0,0,1
700.4858201627735,1616.4709512754334,3.051554812866502,2,18.495531287865145,29,3.8995776559350146,18.168287192069158,1,0,2
73.87125068018844,472.89858029541057,0.5345816925779626,16,0.6192960370359116,21,0.7531363562629297,21.303557039247533,0,0,1
237.46627691023238,710.1715826671165,7.248826495545846,8,0.7909054522670748,22,2.5754978719326016,3.7501818174875456,2,0,2
727.7162809067313,2813.7802185469295,5.3509014253038085,3,14.05287231943308,19,0.8832433727117758,13.937153019454048,0,0,1
301.6301698988288,355.26286446548653,3.561875819925562,21,15.410728996221334,30,1.5689418648205962,1.7390014646746226,0,0,1
81.52546344335221,2660.5501303918127,3.3304999960253787,22,16.416148560537582,29,1.1727586652032516,8.578122193685033,0,1,2
2246.7872556649168,1270.5508329759869,4.098675024273969,1,6.975372769458326,27,1.6397856269580349,11.388461078906685,0,0,1
4788.201323834288,2184.4091669957625,7.287008894107826,23,24.59419622202786,27,0.7027230920140171,2.1170081402165324,0,0,0
1910.8723238812909,1905.587346630153,5.399920554225858,8,11.441465451686195,31,0.6692308328422071,0.9550987298210445,0,0,0
2327.211922723374,378.86591783012403,5.978662221440404,13,1.6717792962251008,30,1.6599328943830423,2.5991745467067346,0,0,0
352.4500672510536,1291.819195511831,5.976641468688721,10,23.92557925518764,22,0.5992540994677087,6.548913281890901,1,0,1
3901.6092258305457,3064.287338222973,7.493369654371641,1,45.885764691079025,20,0.7653274686584991,26.254050885287207,0,0,0
283.16965620965385,878.757785189981,8.859805679461262,20,0.9287105297677676,21,1.1783461933557275,9.10924975466267,0,0,0
3649.694381842462,5128.384614832889,2.655546384981872,1,7.447711328815797,28,0.7278496295131083,16.56340831630331,2,0,1
6335.376718387154,932.8088812851578,4.894432361374055,4,10.027288131814164,23,0.7659201054380399,2.2960259338716513,1,0,0
1512.5993380216182,261.1008891290541,8.605403272806187,6,2.3756321773863034,33,1.036216975890846,1.34430140571774,0,1,1
4785.091867311735,770.0549955226155,2.640978512132179,21,30.341262640080686,28,0.5097622823154335,3.287201947247926,0,0,0
1031.4804350712875,4575.56031197251,9.813707724669964,3,5.014262026625597,28,0.6974266140379389,4.520440092848036,0,0,0
380.5832869907834,607.8780740607101,2.623589877824697,13,22.918459211547322,19,2.0876798899488724,9.531585959808504,0,0,0
709.3620115913715,3068.5459025793393,5.5290423751741455,1,16.675211346105083,28,1.7909829950691087,25.568143057040757,0,0,0
1100.3855165139414,3226.1108648444024,3.605384475232315,22,13.67125774644626,25,3.022424773927186,6.663446987424978,0,0,1
111.06764265661265,676.604876676314,3.2080347316459994,11,3.200550435480541,32,1.549443056908285,8.77762234776595,1,0,1
1188.5235240739412,160.39323831485748,5.790289751628052,9,3.7404557358580153,28,2.0557623358693986,0.05549053426008664,0,0,0
4787.264249450466,1964.0668036009472,8.904549759450074,0,0.7275904428510261,18,1.0318847189645182,0.40655457614637813,0,0,1
273.02472933840045,589.8867366969147,3.545905964920335,18,4.130620394269315,30,1.1333214342917297,1.0498437708155284,0,0,1
1907.698923387494,2321.2589690285226,9.397021874113358,22,6.356963087209127,27,1.440748018759089,14.40750437825974,0,0,0
2881.8406867415088,906.8558534341289,2.5528344434621593,15,26.859478924737676,24,0.5726259882605717,7.9908527476609965,0,0,0
3472.5068430709953,1026.1596881929058,8.984339704202037,14,6.8448879682620225,34,1.5193900490886125,2.5726023689126136,0,0,0
3886.7260333378385,2287.004853962441,4.652230708042595,13,21.074317724567045,25,0.951680119635222,10.775500768847724,0,0,0
904.4176664683453,752.7823631295768,5.313334212953399,8,8.682345969006143,25,1.0177008651877484,9.43926971453742,2,0,1
4562.886541831227,908.128038517018,1.8095634513571277,20,23.0475740400521,26,1.8201230436564246,1.115905207417323,0,0,0
1719.1654684690081,737.8652934304374,3.114371579754085,22,56.116239816393666,30,0.6564946597795468,12.273581955013956,0,0,0
231.61420937702752,716.7344106084424,4.251514030907456,14,4.113425867848284,22,1.2486532177800773,17.488580829860474,2,0,1
797.5793985659843,1149.6528850185994,8.304989060020532,6,29.744701677423528,22,1.461026824631493,4.051789195747886,3,0,1
1540.4279347055024,2511.6485595605204,3.748839071699561,3,14.585937172122744,25,0.9879338595869538,13.95738202587135,0,0,0
360.97051997575505,703.5808711539486,2.4034149330189702,20,25.498176107435004,29,1.2397760771847781,2.673516108267824,2,0,1
1248.0338629536234,1144.309042743729,5.034241672253707,17,15.815453559125052,22,1.2638630440554812,16.962941579316375,0,0,0
1338.0964946227555,1696.303610150114,13.065212473782061,7,8.273399417188006,17,1.74887753150944,29.13426590108696,0,0,0
233.0870525582115,500.91473660138644,5.396802378438819,11,3.883017082273877,22,1.1354555148320342,6.997898586736791,0,0,1
1019.1264652503895,517.6041350586653,3.7189638999503596,14,1.089128553785298,32,0.7401375337272615,3.3664451557283863,0,2,1
1792.1295584496752,4093.8717349759672,5.062389648530313,14,11.502498862282806,29,0.9693167892189782,6.113452815810157,0,0,0
849.1291341919232,1958.5042575148607,2.2806776967194136,16,69.57484763786546,32,1.0623554232096035,3.453424495938716,0,0,0
34.6123470652404,1321.236768439022,10.180695712186829,1,20.093555236127926,20,0.8865762004762012,0.014881733132316406,1,1,2
30.895476621085145,1594.9936792890283,10.074218654895523,11,5.947852734916064,22,1.3175415608950893,12.613530976708915,0,0,1
549.9874301841281,74.60586683692279,2.212148235823037,2,26.33472301916585,23,1.2925853580639186,0.521488593816535,0,0,2
3147.579412462882,1473.9063750961927,9.921633286113648,6,21.97902461330004,27,1.2661012566719192,2.834604764997638,0,0,0
331.57732515670034,1098.52213545273,5.096124070748688,5,4.961678804184867,29,0.852990487150132,15.381030991238656,3,0,2
1227.339350066264,1213.6603001439753,6.650029890609857,13,0.21616243187567788,28,1.286488698169495,13.14949575733386,1,0,0
321.35153567661166,698.0808555781077,4.31078073964786,22,1.8862145611413619,18,2.0448414211915784,0.9138790776449217,0,0,2
485.74564225586687,157.47743451791567,4.52989762559894,4,31.47095068993456,24,1.3741304789313418,12.94764813009706,1,2,2
2280.9820421049503,352.2780943820565,2.7942879266385465,3,27.169918500242897,20,1.8756047866580061,32.010079862837436,1,0,1
1586.1503667516765,4546.107856784404,2.238302337386679,14,5.2478096290199305,23,1.2757921672144157,0.9290857768674465,2,0,1
140.31394764400278,818.1465538096298,2.1497262280255693,6,5.0361914568376775,22,0.9465769635093435,6.4478469826394695,0,0,0
691.8132209362143,972.9593656247856,8.45766410074886,2,23.615766931656307,20,1.7231185044863535,15.686865740609614,0,0,1
55.524391762702564,111.22467095192118,4.878215378692298,12,41.64593215608397,31,0.695650469507445,13.221435961754729,0,0,2
806.7677055629669,87.43503765529893,2.3155674412246325,9,22.653207628372837,16,0.9769494518406059,3.0821188635378567,2,0,1
1323.1931202746546,1924.4246139139939,4.620141682083898,22,13.955033900871788,21,1.1542895830958515,2.1361390926031407,3,0,1
171.3599041243501,1188.5929643856896,1.1510830836701789,1,4.169369583679857,26,1.5858286284286807,18.403452754345082,1,0,1
429.10523879244136,1096.0687803790565,2.281383297667746,11,11.190244077803502,23,2.0336411957053304,37.54969809203767,0,0,0
628.6717811394204,447.83481638851606,8.967517320391611,23,3.989040778253598,33,1.713586690279934,17.510689423139166,0,0,1
3043.8602819565317,2078.2720324024435,3.0091566915105714,21,24.754790825910558,21,1.6461693321750652,39.62855088092688,0,1,0
6018.747291082821,306.3108427290571,8.30165482547033,11,7.339902798704815,25,1.7260580668861882,11.146295156219182,0,0,0
75.14127461801928,345.96070676887615,4.07778209471815,18,26.909177371061443,20,1.825028010866902,31.757625316172813,0,0,2
1737.5898563606893,956.2587685249748,6.677790291539612,18,7.209520320024925,22,0.7748768259361017,14.071073236450754,0,0,0
577.7309891665867,535.8965358339502,1.8732274809953338,20,26.071808064585632,21,2.950344699125917,28.74756110963405,3,1,2
618.0011322610077,456.45763379183023,6.055987300064754,2,6.081627466904075,20,1.9038684311263683,2.114961684824564,0,0,1
1704.2017411944103,1584.4607024192699,0.6378281999240055,5,8.700832438003836,24,1.1361064351487025,20.285512210256954,2,0,1
3027.499991404607,1608.9036011963235,3.20718493583968,1,14.336720576179271,20,1.4169728033811806,2.6290086411438773,0,0,0
3637.3745439046475,2640.320256935863,9.261195163673184,23,1.0932000459611204,24,0.7222516842987711,0.3337476391618478,0,0,0
1052.8075321345566,841.1763188227014,4.429014066661443,12,44.40752201241212,36,1.1008307389511058,8.747434683482636,0,0,0
550.1588007792968,143.84026418869428,2.1986479768920457,8,12.78586463896955,34,1.0651873851070675,4.59713842814076,3,0,2
1878.8531714925184,509.618767207502,8.793368705527987,12,10.633662083817871,23,1.0306996781815423,0.5340873445006826,1,0,0
366.8217707345274,5898.4443038759055,14.024496049184114,22,27.432014076712484,36,1.691760431306634,47.12830726090652,0,1,1
1016.3394091421283,1390.4709654558983,3.650896651209346,13,30.12219558617732,23,1.2734217680122022,13.176129073141059,0,0,0
552.8820942519843,1885.4522438767692,1.2241218694929514,18,11.08034211429409,22,0.7574825681950816,27.85047641765754,0,0,0
1302.7397875853526,41.0775479541384,4.470805252022561,10,39.313437210022904,26,0.7632242958114628,83.92741890983665,0,0,1
349.9542426662116,1125.3571294555368,6.933218398582749,13,1.003924873902375,30,0.5565869851107148,5.970308269079159,0,0,1
275.22748074133114,87.37648098370514,3.789209723703785,15,1.8024732944167579,30,1.73652375325762,3.528217695851615,0,0,1
3024.7471781476243,1293.2721995431964,0.7287887452997364,9,13.624400568278995,26,1.1164500628935101,2.438391101090254,0,0,0
148.83994244455013,3833.1164815930724,6.499676050059774,19,6.555866004569426,23,1.6518099992484345,8.687907020891709,0,2,1
866.1614700917812,5212.805605946545,2.564341273494309,15,9.360619385191939,20,4.288892096391183,11.179312916933863,2,0,1
319.46632266863014,1196.5964701160824,3.1746098982766795,1,5.9642224377505695,22,0.8525353656957856,7.673519428579581,0,0,1
67.64959245663998,949.3008276332724,1.2760612791574153,15,7.780984777984181,18,1.3920669179280722,5.8776185373740315,1,0,1
64.02020673359252,4381.09941986621,0.48260756346312944,13,25.944142516670265,21,2.1755441012551398,2.211005905741023,0,0,1
251.16889214999222,1709.4926683271583,1.8206387620658542,20,13.501692041464414,28,1.0044127542290464,6.997737336089449,0,0,0
2438.817178244867,130.65154961441965,2.9799632619666516,17,88.9671131595272,25,1.0664249472049454,1.0691636712127217,0,0,0
418.34324800165933,970.2685087859999,2.934092157422744,5,23.18844191488473,36,1.510029447926505,24.034011992071562,0,0,1
3625.9497350429115,442.13893559648034,10.463027737478006,6,4.796184970431797,20,3.3775769654732093,0.5764587797330545,3,0,1
1065.6447790086365,981.763703642231,2.005279783870856,12,4.604912702709952,28,1.5754603919501065,5.748940551478479,2,0,0
708.5487317781052,941.7361649542707,7.87058809643503,1,6.139799003785314,22,0.8718664302510699,1.2661645826136025,1,0,1
1061.2545214329239,1338.9304870366775,4.76943974868943,14,27.79745375849224,22,0.9150730196971166,17.898818537976638,0,0,0
892.537230794104,691.8805241065127,11.389126952114589,16,0.4150030985774641,33,1.0046481962456941,4.500458464078574,1,0,0
1726.436442259218,299.17533355510676,4.122047282265353,12,3.924003284358726,25,0.5898819447292127,1.4403524521639233,0,0,0
418.37221807847175,1080.9207841674931,0.8065724454424115,6,35.29530033995665,30,1.145986497043327,9.098407261782143,0,0,0
542.584247027152,2689.7264879599866,3.879060878974743,0,15.320454170350652,22,1.2250559644733146,29.762899615986885,0,0,1
2714.247472856625,1666.0207691092749,0.5123629395620137,2,3.8591766503933336,29,1.244112491064595,28.71601022820674,0,0,0
3532.7133403329804,649.5683493091583,1.7933636130876465,19,3.7104864766115844,23,0.6838951895147264,3.4466028260476858,0,2,1
2696.9674750367685,4142.170591345733,3.9202353631911335,17,29.774859792705612,27,1.4023106199258033,15.261011650398999,0,0,0
672.5310721969928,3679.17002244861,3.984872951504605,6,33.63046709717232,35,0.8240032087570276,0.36902679267252964,0,0,0
1838.9485898618327,382.3467938766806,7.706139275739606,20,4.4383568580506765,28,1.1100727683091733,1.6967140504911784,0,0,0
796.285414894018,90.32324446679007,5.7387349966249115,16,8.184112357852156,28,0.9075214319611816,8.305109730987398,0,0,1
845.8867399368435,2058.179778485012,10.719986916270424,11,26.990440990314852,20,1.9383989758183606,3.117012560783955,0,0,0
294.8130400592541,2666.996164666051,7.700755960981749,15,22.11098638452123,29,0.9285979886657122,19.209416750960145,0,0,1
1093.230516288793,5186.69398981916,7.119395612152492,23,25.223365004843977,25,2.0922546694249244,32.09634352287369,0,0,0
267.15425296919693,3338.6830375414943,13.33029403627988,9,10.959564424876229,26,1.2898470045922075,0.05211279012298971,1,0,1
503.37880348750207,1406.442820298614,7.468849718611766,22,36.37960648112164,22,1.4447591410311729,3.181904926461675,0,0,1
2337.475814348426,1162.7009257580446,9.639882784169679,15,5.916799161170215,30,1.2627743263984548,6.948254602456584,0,0,0
298.43319189572367,72.35394057485416,1.1571737018844597,19,2.5559920404859136,28,0.8685705397498005,9.936042458708508,1,0,2
108.58032440363152,454.8508640110256,3.489751773659748,17,18.502689228307794,18,1.4367846511874174,29.709380877637415,0,0,2
105.80498848274556,953.2094566080417,5.585657694698112,14,11.626894949130618,21,1.028423651330977,26.69455010172332,1,1,2
3411.886751940255,1515.3253696283014,4.557556314077369,22,28.922532638008573,13,1.3868622950534628,12.165853777406753,0,0,0
868.5016814189595,1252.131214621218,2.4971357205956775,10,1.2696368530540338,25,1.5551445239145558,3.5709791627429723,0,1,1
651.9640997619965,2065.8957204735498,7.172736981411998,17,27.838941604382647,29,2.6191278098271447,18.35022142291794,0,0,1
2018.4392499941996,522.2706183788155,8.25125060753338,5,5.207121981853478,25,1.474547217303029,2.717565255099295,0,0,1
2188.1935986571634,1278.4504588537475,4.099746270756718,0,15.956888901045168,25,1.79077792404556,40.288115084384245,0,0,1
504.50374887546513,168.4069045536478,3.615318944023451,22,0.6143423821459607,22,1.5907594677157355,0.07028441668074271,0,0,2
1439.5073325996186,830.797310053766,3.028578046765249,6,14.108032747986032,27,1.1162843267559899,10.12123800991139,0,0,0
1789.4836796711143,2110.4068499475075,7.360866918919488,11,18.949033123939568,27,1.6026236461162822,1.1106115387715896,0,2,1
1295.8386468166645,1803.321144111311,3.565055132409301,19,6.900804573052632,30,1.1621695224284108,6.2828688421586305,1,1,1
217.27670123365917,7037.403696276881,4.463291193066995,3,3.638923342932801,32,1.0354475093762259,12.092110327597418,1,0,1
2523.8375392903376,518.3690346403946,9.022033954275184,9,11.570869589406007,28,0.7898290145327725,14.038663728111494,0,0,0
949.4748326851085,1064.2984805920835,5.24465810062147,20,26.863569919415387,18,1.5858003653400852,18.477233532172413,0,0,0
418.3326823285324,629.665405696645,4.463862099099878,1,5.863392580422718,26,0.9731048549566121,10.796971012300721,0,0,1
684.5385934253218,901.3440975212086,2.8510136447653993,8,4.364698515159946,20,1.57047743498994,3.4733130791377227,0,0,0
65.95409084324274,2946.8429510198034,4.298392593679414,9,4.9053963183783615,23,1.223694913015266,26.406109824774973,1,0,2
184.1757390159968,1759.0123720687266,2.5545921989952864,19,44.677863644621084,25,1.090160626626005,19.99892097963442,0,0,1
1760.5988882145684,3241.2248571545088,5.0342805192741,10,6.677368819137537,29,0.8646504359633295,2.0929880648254637,3,0,1
20.01396178766052,371.3131442396665,3.115909388838229,13,0.054161262152964115,27,2.055080913320467,21.019705727593003,1,0,2
666.5883802559252,3129.6235355559324,3.409776294471338,2,22.826984033620985,24,1.0438791597198152,43.18605906070275,1,0,1
907.0549291206477,122.43380382243672,4.320974996356761,0,18.02337558797368,22,2.3039684240487417,12.167475054525314,0,0,1
87.4202829877963,3321.932238357438,11.542210672287993,6,2.06426620648741,36,0.8804829820909168,3.972173636672606,1,0,1
4357.781043534531,628.6441538142298,5.523600259801013,3,62.90012961636976,23,2.232383243474197,11.194952311255829,3,0,1
327.61441421973535,596.6019402453934,1.8095152474545495,6,14.049785143510011,34,1.263109433896329,5.032366241524448,1,0,1
455.2294113610042,1106.4320988483987,3.564563036512339,15,10.420610683768135,27,1.7233876998981492,13.522158753230311,0,0,0
454.78762966875036,4267.47077738387,2.9011788035442856,9,7.224325296905226,31,0.725990077604039,9.444219685214406,0,0,0
334.2872362704736,103.4409174153711,2.8064433426057565,14,34.340999337726416,22,0.7245945897514651,31.82411299417999,0,0,1
21.76989107646207,681.3316337717717,2.882608942435014,15,4.19498398451029,24,1.354187031069436,11.54514339991468,3,0,2
1588.291485289625,2942.8830494341505,3.6360498224043987,5,5.048230497784709,30,0.814200258206043,2.8893022041401912,2,0,1
4107.892182683299,786.4069193169975,2.604412982024856,3,1.9586502600894875,25,2.0783937379947877,15.496605606932917,0,0,0
324.7772365330532,363.13534237516296,2.6133977815958067,3,21.351789602756618,23,1.4128401271245161,4.295165659020872,1,0,2
1325.3748721527047,859.5410350821144,2.9094426089536087,23,13.578380704918514,20,0.9439607026732966,3.815896779785083,2,0,1
1645.2727295367488,760.5476870501611,2.808224239360343,22,14.088254462217643,21,0.8453401413396687,5.9665568680888965,0,0,0
2284.0126736444417,3735.0188061124963,2.3216914589486914,3,3.697534404733045,14,1.088266818898708,0.14483063960787368,0,0,0
679.1246952646707,2182.8133667188954,6.318593592546265,21,15.79748945326665,24,0.9732332484912656,41.739789892929,0,0,0
453.04489047121905,1085.1464844205216,3.3051073201417713,21,21.751837643277923,20,1.4890170766245665,9.119936836391792,1,0,1
492.1759031775625,6711.324064384075,3.7516290747638434,16,6.644900433160007,26,1.1844793461225136,17.819800509649784,0,0,0
1516.3454431909079,969.0111250979129,3.554712936159609,12,24.242946293806302,38,1.9490664095047865,3.578482733147055,0,0,0
2056.4777007560633,120.00376592142888,2.7288122571234505,1,6.433860178474126,24,1.5728482936765855,16.474290804759804,0,1,2
260.5053579699678,486.27484988890507,2.254173492892716,19,21.29084807348457,29,0.863473688396011,10.048936778673053,0,0,1
576.2362879601365,889.2390003310568,6.709500837230273,5,0.5146813788981419,18,1.030225768846033,6.622775415809636,0,0,1
2806.6132990124393,286.0092248328474,2.3522278189012558,21,12.016485812433167,28,0.8643267402655553,42.34941616412035,0,0,0
1992.174042475245,4452.275071280523,2.439476573638463,0,52.36349723134191,19,0.8646363840879728,8.17091750472525,0,0,1
5048.3714464188515,2214.102792579776,7.971542661573009,7,59.644104066201756,30,0.5956442005785079,12.856352397622668,0,0,0
1704.120125984049,498.55078848226833,2.9440744299877792,17,4.964117563267144,21,1.779797962593081,0.18553320835298942,0,0,0
619.4577474603973,1370.3434859164904,4.297030845978293,20,8.73479997500616,19,2.048131786619178,4.305071690491146,0,0,0
1091.7860279599497,1947.2320147899172,3.436864734908496,3,0.975726294491875,15,0.822816030247256,26.345402973969975,0,0,0
1318.1566644955092,4282.434981231287,4.187565765643171,4,30.993889075270587,21,0.7903343134819462,17.07346186836023,0,0,0
118.04546654579734,3230.9777375010976,10.27029006411724,4,12.609824957010268,18,1.5286287722997087,9.233965519105563,0,0,1
963.6234636228926,1116.0042137432117,2.558469615898858,14,7.294450952567688,24,0.880073341604708,27.65020128965375,0,0,0
1502.6421480281933,2265.1682330303397,6.3320802427018705,9,1.7947748811877837,27,2.0332389483613365,7.991533435227584,1,0,0
239.72891637553363,1268.8003671296724,6.693504930964764,7,43.99623206040209,26,0.9169541903935187,10.030557343182341,0,0,1
1840.403967168934,1236.801697960728,6.387613715783631,6,11.332331281664679,17,0.5192513743855928,5.778170132121944,0,0,0
1071.8287605763314,212.8141559609845,9.997247558687448,11,4.988683891738772,22,1.159391396765604,11.612272699314031,3,0,1
3669.422613332617,232.2486287738214,0.7549231513336185,10,6.466709104620248,26,0.9637476280773203,4.610342650601092,0,0,1
72.01809262653501,1161.0461517416404,1.466287154679953,12,4.734993653135029,31,1.2955230505058926,5.843203443171889,0,0,1
389.9943233713256,499.7286483205992,2.21397459512807,14,13.812382809695233,25,1.0622987130714168,40.6924448293463,0,0,1
1124.2195941946925,61.891996795909,3.064272304633949,16,39.881097394096415,30,1.538205821961142,1.4160639016247765,1,0,1
442.12708292556226,1954.736174819618,5.087492644532769,21,29.141575536317255,30,1.4466501727382501,1.3346028403741153,1,0,0
1523.8971922265107,79.53900093591395,2.305218415619922,21,9.253375697180156,18,1.3913776019029485,0.5313859311564428,0,0,1
1727.5763178918173,1386.8280058345433,2.291946451609328,17,26.27361006155196,22,1.3182548416887903,4.628735438291301,0,0,0
149.7919352463129,1192.1665531282326,4.581887177822188,7,8.251437585351791,25,1.221098336109774,6.0945444916599785,0,0,0
885.496692254091,5231.712220357424,5.881500644783358,5,4.361445019814593,25,0.6984265086809457,1.1914233423294758,0,0,1
873.3059299877787,1023.0924893773639,4.246184219954747,10,61.4889533497222,24,1.4271957323431133,9.558941244343323,2,1,1
573.0733714247082,128.57111595404012,6.068392906578415,8,5.4336613713320165,15,1.6368644826473318,10.50470891998311,0,0,1
3262.3302005206106,1233.3986828685065,1.234123299856342,4,5.867315156969443,22,1.404377316322065,16.684915098365856,0,1,1
2128.873616153698,2789.1841595963633,2.6075430672894306,6,68.6237876320128,26,1.1268165460893305,44.74048627120665,2,0,1
1453.6564900980557,8670.188459568142,2.1380122816045475,21,2.1567997168182313,27,1.5467215544802002,11.590570380912673,0,0,0
1523.4874445906596,874.0817378513041,2.9447593449199263,14,21.440156768392303,22,1.3426555528395894,1.4206845308065588,0,0,0
763.243093075131,609.152856818318,4.094930826831623,20,41.1892622744435,26,1.6226215765693657,1.1122833876624696,0,0,0
3065.8856908544453,3587.1520916954883,1.002308668701897,21,10.75529801468595,22,1.1793565180763514,18.036465872492975,0,1,0
1443.341496001051,348.38355150835497,2.923243989210269,3,0.03787420049287256,18,0.6900830165103902,12.609326801157895,1,0,1
1586.6798928263397,1463.439946119999,2.58837582996382,18,7.051469164113421,23,1.1371134977893456,2.1196203531520266,0,0,0
2393.917125045886,810.5929616684334,1.331105822857441,12,1.774474272110437,16,0.8357159557022401,3.5060652136654467,0,1,0
404.3646523145294,92.92514112109548,6.163007056396426,0,8.072635275135124,27,1.0146552138622726,16.647076474499077,0,2,2
1994.519042149519,669.9300225151857,4.229893417177907,0,23.411627891658107,19,1.2644193139494784,10.020837042843382,0,0,0
280.6543182788399,492.2936146245085,2.959523553899336,21,8.6628049873273,18,1.8148863420847554,10.553722912319733,0,0,1
528.3706929992175,1767.978951602891,11.095378919239238,13,8.482530604999209,21,1.5942486599204524,2.8287997187414353,0,0,0
510.6639635242734,4487.745258303012,1.4337218491790087,8,12.20565600625168,22,1.3278046543976127,11.900514160561414,1,0,1
4629.065146703138,498.0588460960702,11.468550463809066,23,13.073008386218214,19,2.0122425484854762,17.668952821154114,2,1,2
2350.015611646931,2532.7148913926394,3.6128233242475742,11,29.100026990584528,20,1.2447687548716553,25.980225891000025,0,0,0
1469.4559591818656,115.42677399054614,2.4362605413285237,17,5.530246437408068,23,1.324391886888473,16.014324161063463,0,0,0
1578.189708104257,1188.6785230533528,3.0150186026332153,8,25.861899038842232,22,1.0495330195479824,10.306898229766635,0,0,0
1010.8430956209571,139.74350126218076,3.2421591228376188,7,12.518371556230221,31,0.7963041483978555,13.423060934266232,0,0,1
3547.0106366110417,4107.900791318886,12.384512211358304,13,5.3614759473730595,21,1.5261820225839322,7.965658005707788,1,0,0
842.831049585267,2210.9047357736645,5.104691040439498,8,5.246044169672729,20,0.6523078360777524,3.088135201703479,1,0,0
594.645398818605,1639.1971412661326,1.8844152258107387,19,6.720990817546774,17,0.8415574334387729,25.665914413546773,2,0,1
233.56811352818207,2635.02407462233,6.6860914522670045,1,14.620451135087436,25,1.3112837878980708,9.127419379202037,1,0,2
1871.2888614597439,1594.1412239288495,3.2632861748456334,0,3.936292751427073,27,0.8697092321050796,10.826237333843624,0,0,0
1611.115138366643,5237.964062412769,0.3581298397258566,12,37.948603228528995,20,1.2301246382268758,55.39345567842833,0,0,0
602.1018114189011,1907.4246652996098,6.580603563056878,9,12.831906703808098,25,1.295568697900777,50.409010112128826,1,0,0
50.61944114526929,3908.588432473372,6.690316446029637,7,37.888888143109085,37,0.9761750574912381,10.591689107099157,1,0,1
2211.60117933277,1122.0175964467796,3.3895594521050025,6,0.7127333000875178,22,1.2486535457867771,0.4145664423639985,2,0,0
33.78040292511626,216.75454338499878,2.698504733670868,23,6.292198710145654,21,1.241992006438103,6.053104550062123,0,0,2
1479.6584967922854,1156.7293391097132,7.113265223700534,11,0.34607668583742746,28,0.7739611711077647,33.23143993037232,0,0,0
4238.198189527774,233.51109214491825,2.5967042716528144,16,4.767002857236826,21,1.5198696797284057,4.08129681093325,0,0,0
710.7811899643507,1376.547516612238,8.110322081888457,11,29.708227431327163,23,0.5420791483325937,86.64799851506565,0,0,0
341.41361725844826,1018.0985164862101,2.6438875393926793,15,0.5594500468243955,22,2.58926041133688,1.0570274333182956,0,0,1
1484.4113169437578,1491.5766893999764,3.9027373525517253,9,8.594428154336878,31,1.5123007462572755,10.075128402670666,2,0,0
2058.7635212111904,45.146688885743366,5.4462107633368815,11,1.8760874039866167,21,1.8376070737111243,8.694400000198236,2,0,2
968.7276358266806,355.0723112701949,4.738346109709244,10,8.089422273640565,32,1.591504658453897,3.5381385846794977,1,0,0
4114.7806836837,1043.9349777728726,2.483038032027581,13,27.38144252641676,30,1.200668418103128,35.61907013578316,0,0,0
83.66166565107397,4538.781844937647,5.249912461201734,21,14.635477902003739,26,0.8969300649242807,11.58486449908926,0,0,1
863.3416027142885,755.8107630320071,6.485370309942276,19,20.02012848122436,23,1.209456176065885,3.139935361163926,0,0,0
1540.9510968197337,858.4405582814989,1.959883072819017,12,6.441083716952416,24,1.7065040476712048,5.815038741045982,0,0,0
2402.1841909168147,1911.3004687540586,5.542564471095758,1,43.34295932899158,25,0.8789178866196952,15.328393848286295,0,0,0
257.05227219194586,1418.7267966537026,3.8192097135037413,19,18.529996253442356,27,1.3005794902732815,4.240679220715936,1,0,1
1951.3463856848512,562.7130722039452,2.0620531202742924,6,8.217501110223631,17,0.5921017036510821,25.403847114843217,0,0,0
985.4499048797958,823.5261324141953,5.106199023388299,0,8.339039507783724,32,0.8839524046455173,2.1735713208552374,0,0,0
626.1178322033352,398.27508476093726,6.947513686350723,2,37.641220021792506,20,0.8663494608236199,3.6865399109172756,0,1,1
189.48237213739128,5103.039156771046,2.822333351954766,19,12.884651177881121,26,2.392024268060821,1.8784228346060217,2,0,1
2425.608452725106,239.98726127127404,5.276766890425952,11,18.381992606877173,28,0.7153551597233253,1.320173793109224,1,0,1
225.33495665157318,727.4328736411974,3.244553776321008,4,8.094427707930992,23,1.4325002449430106,4.285507805281404,3,0,2
464.9075338669189,69.2679941124904,6.114923278884264,11,3.7981037319041286,27,2.3112512531041682,85.25614231202944,1,0,2
431.065328633265,406.11804835640845,7.749750272059963,2,19.286383779114143,34,1.8260685455281083,1.1889555582103313,0,0,2
2481.389124440372,2304.4073506397776,4.933641066201147,19,14.040659690251157,23,2.2447183637241697,2.874357787620626,2,0,1
1360.2646948713552,366.9205076595521,6.445287325858459,4,10.437548318039305,33,2.3820953825690916,3.8031359325511866,0,0,1
1931.5772699727688,155.17579065931096,7.161221244153876,0,14.673327429265623,27,1.2491616005388564,11.583556091876616,0,0,1
365.9673586318715,994.9739943587424,2.8078378660428216,15,3.5033181099045874,20,1.477043170119072,16.414179909195113,0,0,1
1196.5922899718794,45.02889046591835,3.2045711227604365,8,23.693724200131864,20,1.3204473180562228,16.728709541618766,1,0,1
1037.6465145470431,162.86351613873472,5.363105634441517,9,44.39471006385106,20,1.4803927318501728,0.1040818574654826,2,0,1
2166.495529031501,2502.4698104680942,8.81462600321453,9,33.260311822851214,36,1.4458809882474457,12.661478104988294,0,0,0
2858.4645214520892,2244.153634137128,1.7079702292799175,12,5.816641546440621,21,2.4277328067556825,11.954949900062338,0,0,0
34.6775232907655,3730.1078082302924,5.736597889632026,15,7.813285184952287,26,1.3726073254768676,8.749139925947159,1,0,1
1365.1028010674431,2921.527930098107,8.374194471940442,19,24.785361249543154,25,0.8340109619664628,5.721121213550729,0,0,0
83.8731008554673,1754.1112286681475,3.7390001535543598,3,13.562361984270456,24,1.5501239843205612,19.16087834765717,1,0,2
975.1695288438675,110.62793051787177,4.170852745846788,13,11.908257497409371,21,1.6361107494143465,5.056953507211935,0,0,0
426.9940046838632,2320.7408335436717,4.106061542193793,16,39.18604907463457,22,0.8791659172664497,3.136568424746357,0,0,0
459.68355743535426,2831.4467372559425,3.951728118381956,4,11.518867851180856,34,0.8648992882473384,4.454419500726999,0,0,1
542.4138196149405,2437.2887098354836,2.425398339605725,12,10.8521994329421,23,1.7866412127823856,6.950279680695331,0,0,0
1185.1892061659134,1095.3760286909476,3.839804280766706,2,0.6439036129784816,37,0.9868724137524256,2.8904580233354533,1,0,1
507.84876173940074,427.7107573551794,2.484382217328872,4,1.0791594453575237,20,1.0351714555535496,11.22480332677333,2,0,2
1603.2561247913222,2829.691960125798,6.1798144043904,15,0.11171962976111487,20,1.0155310719862611,25.871642232188584,0,0,0
642.0798545285951,1978.3200515588915,1.095213945844996,18,36.66987451197517,21,1.3472319571837201,10.860059601346341,1,0,1
104.96180769630655,5956.23731179369,6.990586802750411,18,7.873529991150435,22,1.8989345285811237,7.101571819495476,0,0,1
1857.6387783000002,283.85794504515087,7.655862855027904,16,9.482513476067608,17,1.5959263224363545,19.1268364441767,0,0,0
423.8406715420566,413.62521605064865,4.709896493344997,17,28.002445791534935,17,1.0152089839072174,16.541753623105986,0,1,1
700.3818951931314,387.0016004304437,10.94607887676175,17,14.095168009630427,26,2.0859541381525375,5.488520162608984,0,0,1
1407.911344438191,2389.223413298977,5.49971118134718,22,14.10497096668233,22,1.7293931234413242,11.120744340368045,0,2,1
504.98025042859734,340.365224142352,5.095013726401796,7,5.276045155761409,22,1.8166346173599335,15.705017885485661,0,0,1
89.8996445886777,133.4783194866984,1.0445335088820942,17,26.928235178876054,13,1.793145155348897,3.3798156580228316,3,1,2
581.9345514225769,9845.508676850694,7.952544227380079,8,2.7197704761163606,28,0.9941814015741358,5.473660845779088,0,0,0
3488.5354990016385,67.69552517211235,2.2282033065925777,18,0.8192124383025857,24,0.8454033573376056,1.341588657653192,0,0,0
1251.7767928053345,2734.935078878245,2.032391587930096,9,3.1905367012489614,19,1.0667651198597208,52.75864693166746,0,0,0
1355.7859624340497,712.0622253804391,4.834048441321862,1,4.674237580461831,26,1.8152838595701573,1.0774902576623009,0,2,1
1220.5272280833663,2794.0941057691616,2.4940861518446216,16,4.975785480203514,23,0.7618924030780181,2.2158194331723435,0,0,0
286.2614215145271,1243.2427972930486,3.704976878985424,23,16.653302945368406,24,0.7217745446161483,7.843240150718824,0,0,1
670.2303746130707,3508.54784718931,8.331077505343213,12,3.6851437606833866,29,0.5912523705439644,24.053953348037346,0,0,0
1688.0727657184088,3939.452275288641,10.185185670052576,10,16.935684511508974,26,0.73901546700617,5.278480505707212,0,0,0
148.26454646523638,43.70973374611136,2.8225326126195314,15,1.4333340071204066,28,0.8907998872195335,17.563089790035352,0,0,2
410.631499571954,147.61085466726354,3.806956106853294,19,2.3884966721628382,21,1.2837661187527394,13.52540319931526,0,0,1
408.0856895697224,462.24073945665464,14.382939978652292,6,10.664213528958996,32,0.7705968986413474,12.215366629728967,0,0,1
698.8006208551772,1689.8854161730846,10.127745892733072,2,38.24567219045312,39,1.5916628208873447,22.37329757780485,0,0,0
4736.758559935587,3317.5345375777306,7.25010220878236,15,29.44543447662374,24,1.2436214979742066,0.17125976195121947,0,0,0
103.86663019534758,954.1179713962465,2.489364165194605,18,51.98769100555926,26,0.5394806495154862,31.766798411966334,0,0,1
897.5198824471368,1430.8158945385248,2.8582749952014583,19,15.767877300616824,31,1.2123863213894464,21.208983480405625,0,0,0
257.2117528106136,343.30606594433186,7.204026459773775,15,16.896607896393984,23,1.292544407832119,33.34177878496944,0,0,2
4255.241102270928,2481.8784783341725,0.9121892542534735,1,14.713358780647441,34,2.6289940504209093,18.93456653823487,0,0,1
164.303030186651,5161.860367843397,8.025804470641685,13,14.625448441881543,29,1.345563421176533,25.30312348879584,1,0,2
640.2144521356865,499.189971457659,9.255488984820648,19,2.3870523889652095,19,0.6018734733521597,2.723982389574236,0,0,1
1626.7662588412497,1054.2783881836497,3.4400124601629116,9,11.7703525306543,20,1.3388852271835265,4.614352773746928,0,1,0
1483.1247784437871,165.0776267439724,10.28480910533485,18,7.318064966354936,32,1.3096546800185993,4.543909682211726,0,0,1
679.3313876238916,1258.5304952376316,5.650992502074429,23,8.765392989503074,22,1.5557621137486648,1.3871761640322655,3,0,2
530.5396747181845,1078.0944256466626,1.809713068590403,10,11.122479665952602,24,3.507062297055552,15.693314629607706,3,0,2
628.2249817209511,263.99241642831066,4.5524793709948295,17,2.061304256573063,20,0.9854781990412306,1.75656386644176,0,0,1
388.2807059240472,905.2724777153785,2.6762414383052375,10,6.682305104014466,18,0.940776665121061,0.6472561924130159,0,0,1
295.798451445605,639.9341340808458,4.933017279447371,8,0.9832784905039669,29,1.4734850787567517,17.923715289619953,0,0,1
811.7470302420562,1136.68618757418,1.709787760421938,18,58.433485410825526,29,2.535080708130679,28.20406891643426,0,0,0
395.24504714472215,1351.5820724195407,10.751996554072873,19,1.892431115740857,20,1.5974656722803582,17.33335525752647,0,0,0
426.7058775604566,42.79780760312342,6.125192361459572,9,4.486702211992214,27,1.0649664744045673,20.93980773484682,0,0,1
1303.176679259821,2176.975140938552,3.186733817868461,2,33.28647622869254,16,1.8111171329059181,10.864852778344723,0,0,0
4170.744283167579,1902.4842928351761,5.016529978000037,2,9.887275840338944,39,2.5031330202547775,26.24392954229377,0,0,1
1130.5103923312008,714.237209786367,4.208480440973282,23,2.1864403899955134,22,0.8980624112495841,8.238909411284878,0,0,0
116.12455863193411,111.58280731451467,10.982288437920419,7,7.273239533422925,24,0.8185059088247479,53.40121814743232,2,0,2
114.3112093862613,2139.332637783813,4.154001854175405,5,1.847233494824798,24,1.2490025264972027,1.3099466996610167,0,0,1
3649.531588918916,4687.489259401041,4.832477236403122,19,3.351203761881226,24,1.3777606360472705,19.87714088595297,0,0,0
443.37453766203134,441.9545010723842,1.5119625137008843,0,0.8014839202058969,22,2.124682864344794,12.306218441980798,0,0,1
135.90161158496812,616.2888239634185,4.90450912269609,19,8.649874584168556,18,1.012570190030686,10.428480116487115,0,0,1
1116.686057310589,334.6674722971812,5.51940084157223,23,24.64772228269222,29,1.4344071022219738,15.527231020293005,1,0,1
1192.6789655607006,1320.3481540432128,2.0210600092787434,5,13.227222905146697,26,2.2767739891684236,22.01286231870273,0,0,1
1274.671136987758,282.34645589412634,6.653604781612019,1,13.984217457229212,17,1.335881750191138,23.84314180273264,0,0,1
393.38983600347916,690.5366290155373,0.8256419536986624,18,3.358107832882129,28,1.0428035941513703,2.3140052707560015,0,0,1
38.27121666186933,1821.0981370098798,3.790149684054178,6,6.3214901822965865,33,1.5343070136699504,2.6333437252337824,0,0,1
4043.415729449556,1261.8662768495135,1.4651520968598495,10,27.988400151869897,18,1.0702096016667377,0.19558335880867145,0,1,0
366.648211423119,762.7709952786589,4.430802273754416,10,1.379364130733172,19,1.3980084848890257,1.6965849666197461,0,0,0
1372.5114829353931,847.7364240179423,3.3013214066784653,3,29.27159979210233,30,1.1336433608592775,3.676386198517071,0,0,0
1491.5842693400914,1268.6843359939362,5.763772171616894,19,9.915719543551992,23,1.1528815562093235,15.320062819702166,0,0,0
1149.9530698301837,38.82298941011347,4.116191272053292,15,27.22364961191118,23,1.039625557092785,7.749840095406182,0,0,1
470.34343818090707,152.64481657363785,5.667739881813362,4,5.741025506771007,21,0.9709476994978153,17.02102822753725,0,0,2
399.45630923907913,3226.204166148433,4.496102563452082,23,6.206458127882685,25,1.8177393910419022,7.998900753599419,1,0,2
1112.5740358644307,151.61822364563443,8.266513870269257,6,20.891017917589174,25,1.317835445359557,9.732293876488361,0,0,0
2432.7553009927883,1870.3688616428637,7.557676266252463,15,23.056491792557097,29,2.033019532072559,1.4127953619435605,0,0,0
3538.942353131076,3819.308714244924,2.579390986052709,14,3.9135512012604585,20,0.4965079431667428,17.98325616583414,2,0,0
154.33297418891257,503.4714417397295,7.889045337557271,4,54.10745978794276,26,0.9921085708539784,17.032086598719808,0,0,2
221.8590162357164,724.2237342380728,5.490654289480462,0,1.3241115869946365,17,0.9082140547098316,4.41043183117416,0,0,1
3494.765911638703,1292.197278711272,8.736332348819873,19,1.0644340491934585,22,1.1034273412153837,4.780290521943817,0,0,0
1620.6027365704672,3231.910997989668,2.0782101696775848,21,13.57670945275695,29,0.8083185266669464,2.976636551623509,0,0,0
2594.6342796133363,4298.528679031254,1.7019384916893,21,19.242035310228818,25,0.6421660536171009,20.173764236945818,0,0,0
291.7277246599905,2048.0928634815878,1.7282087664107342,8,48.619171854311,28,1.5982381393293323,16.49271211008551,0,0,0
1082.8727207176507,165.9045192876079,10.264812371905737,20,7.786541293204734,25,0.9634043684684551,11.273107649009901,0,0,0
1469.3344226852976,1689.1541081712387,8.842539511789722,4,0.38425100509695637,22,1.5254105039326564,3.274658174386614,0,0,0
1387.7407836190132,822.2214861953495,7.552308008225037,21,13.853368840070548,26,0.7623698724960254,2.2627800691065767,0,1,0
649.405893804732,984.3026826692782,1.5557522581917052,5,5.130933908562378,26,0.6348265724394611,0.6189160281167047,0,2,2
38.61754815729797,105.59589708967525,7.606174567898476,2,8.50954078386883,19,1.345129252199251,0.5602132636064618,1,0,2
1069.3901013088055,348.0497624150307,1.6368699275672998,5,10.055220481871297,23,1.5731395733089608,2.486299645140372,0,0,1
370.19123885421743,2374.6447412360367,0.36650771373867075,7,1.0003142035580896,25,0.9548300299236678,1.2714287203708956,0,0,0
737.9592480172404,937.5913630968406,3.2523173837469503,5,9.982448633454965,10,0.8131587041639771,9.746079030497604,0,0,1
3812.191111400652,568.578598121566,3.8537131943295555,15,8.335244229058578,28,2.0131668826357867,5.319688453438975,0,1,0
631.0629331636546,756.8089202352706,9.521530049517471,15,18.700295952194754,27,1.1937608593265954,7.064273762638983,0,0,0
2217.6107282173302,2920.333201022599,2.0548855162332766,20,15.562725858995833,24,0.8193446987840887,10.8188113186673,1,0,0
270.7051174055558,2103.4476377050923,15.033132215608083,2,3.0724782843570755,18,0.6711000552753219,12.914054636298662,0,1,2
1359.3759373555672,506.83134381930165,4.91213901352355,16,3.462701895074965,29,0.927402778966601,12.536368025980948,0,0,0
4547.076170822797,217.49786310501696,4.023148255889722,20,4.335368172958922,25,1.0431776592518898,3.627159756239786,0,0,0
148.95941170475317,465.52488529394765,4.009163160423218,5,2.957577094583038,30,1.6572244646802656,19.905240960184646,0,0,2
30.02569535029383,3832.843906289363,1.6959153727981255,5,16.05969897675706,30,1.2132742590342995,29.970020090198737,0,1,2
702.1092281900826,1336.9360326118788,3.4459004480794766,21,77.85588596941416,23,1.156969889753584,4.556486757395469,0,0,0
136.63999488633198,1173.6822519153966,5.151362924270822,18,15.83796256500728,21,0.8469240102239359,0.20655250715288836,0,1,1
1675.8230634749132,1390.9726988729885,7.70303497636004,19,13.997035203089629,30,2.1219050945838096,27.529950348755,0,1,0
2971.769879475579,713.6263631027515,3.353311829333716,14,7.9126590401865515,24,1.8050613950987737,30.853221278548464,0,0,0
703.0379068654853,2498.4296299529833,4.880891862773541,18,5.6221529462358815,24,1.7483627799251218,0.6274805285260154,0,0,0
379.23869899438307,1141.2586073740576,6.993667235009841,1,36.29921973183352,22,1.1920309426475741,0.05962699803592729,0,0,1
703.8488390400146,216.2169274465378,3.2826541652787338,7,52.10742798784536,28,1.4339165116364856,20.34026222752573,0,0,1
1562.4269023472714,237.28211266152715,8.009157904240357,6,10.300803433579983,31,0.43604251115060827,4.305211662021465,0,0,0
30.914479528674335,1184.5860779165685,6.15680937576503,7,5.141591052947857,19,1.3244254260226775,29.522404633462685,0,1,2
1088.3207267473736,4166.73267197787,7.245794298505398,12,22.053111734452184,30,2.6357102173711633,2.931541727686258,0,0,0
1160.1014934225748,583.0174488353935,0.9791866146672652,21,2.131349394038287,19,0.9683685311812417,23.692731734425372,0,0,0
1238.3002896238015,3085.0463582642346,3.558721435134443,14,21.76014062755907,23,0.823458740351206,0.8533677584081274,0,0,0
352.52122763168194,2196.4928758186193,2.761026217279109,11,25.634595953789066,38,1.1537849534750473,3.6235928135388207,0,0,0
1522.337399158804,457.15436265301145,0.7891650915940874,14,2.001324316210311,29,0.8653897229898637,43.40043771906357,0,0,0
135.0091467270032,85.52628032268271,7.588740745959828,13,56.49384050378574,30,0.8439579695242744,3.155040834350147,0,0,1
286.6782651072781,191.12271267314514,1.3104632953919255,6,63.51681902971705,32,1.3579867352245687,1.7127753381460074,0,0,2
2539.279714136625,1985.6561951315991,9.724749659667122,16,41.40266591220896,16,1.6985914617996023,23.34351488279303,0,0,0
1630.6096503743952,364.0962135822368,4.197887334199972,4,10.278721193673366,31,1.3629102490475118,1.5040486655632899,0,0,1
36.60907863071178,726.082246937047,5.797878609167777,19,4.236918716118233,30,0.7721914038820981,1.2304554816569975,0,0,1
362.62331178041694,1074.8269500277866,2.819082095020672,9,13.084440746559748,25,0.9345554773439922,4.688546053294459,0,0,1
309.57892911016717,1969.0320942381397,7.974451258513817,18,8.169196655195542,24,1.38878749285214,12.10510018479543,0,0,0
398.97909712313333,210.256516150916,4.097929585427126,17,3.459107109436885,17,1.5887719904697934,14.885416516238536,0,1,1
361.32045734854694,812.2394907711205,6.002316791357209,23,8.266289807589391,21,1.1238867199798943,25.567684662574422,0,0,2
97.47988438797763,1025.5949392371108,8.500316770053713,9,16.354744541240805,24,0.8544260749613877,9.342148003134104,0,0,1
757.0712664105625,1197.4925594008478,6.5109551331365525,1,1.1032984496249378,18,1.6649058269496302,5.998980074598398,0,0,1
1603.4106760391246,2588.5981558392364,3.3005442006291443,5,6.083881775139713,23,2.5218403078431773,5.33359816527428,1,2,2
1139.9159188339008,312.5303201603569,4.112633104911827,2,0.2693268419578512,16,1.9146267678113338,22.520181576184136,0,1,2
1360.8832811637762,2504.0736554611344,7.391577548051495,18,20.764176245241273,31,2.701388897675182,15.440225622208281,2,0,1
121.55779619383395,1800.7674131918009,0.22546571524339584,4,15.353599219202742,23,0.9526054106850722,28.300854587559655,1,0,2
3651.1999479608166,1247.4596997883857,3.6094666716445296,6,0.970832225171677,24,1.8451473167242687,39.90266048728978,1,0,0
2207.8394877899473,1833.6004141081323,4.3611430671124545,6,50.174053393380646,25,2.0449190355395057,4.280970834633314,1,0,0
1982.262799385837,826.5877497355679,5.287852529956745,9,0.3432202495889014,16,1.0051638345810652,9.051953520933845,0,0,0
2097.816864385677,253.44202701409193,2.8200074423551187,0,13.37253209527966,26,0.8778731466340424,11.990226273836523,0,0,1
3258.5014318356607,1673.867489172472,4.0616847025238805,10,22.466265429089034,30,0.8315675343277369,2.147351958540384,0,0,0
962.9834814200423,1145.6262482158832,4.889793009183625,22,23.260200516955244,30,1.1777396408476624,0.6578725086683019,0,0,0
288.1953629592165,1559.8741329484526,4.832540320261902,6,0.523299896442201,27,0.6687950966065404,24.277997093766793,0,0,1
1170.986548157094,648.7318225501984,4.723832149177861,5,35.53329873117192,30,2.4007595325894466,9.202132046380965,1,0,1
1649.8618234818025,3590.583242549075,3.3733626142043724,5,37.59839177985998,22,0.7308772291600946,10.14926635573791,0,0,0
1626.9146388480808,1357.805479256735,5.037605237451565,12,12.362182413101817,40,1.445896167528213,9.713862397846134,0,0,0
904.3910494360582,163.90677603195053,9.384333612837118,15,9.869109978524609,26,0.4939910811864535,16.876040314323145,0,0,1
105.09772830444449,926.2210255600172,4.103831517850723,12,0.6885774899602924,20,2.767940245817921,1.886892626902653,0,1,2
576.5643089075534,2148.071040255327,4.995855489780768,1,12.381475149300522,25,2.013299487511051,11.424520939429609,0,0,1
3062.42895044392,2400.7988038818617,4.05573291878564,18,7.898713375376017,19,0.645636804090753,7.606760408496541,0,0,0
1073.779653647698,1053.598878829022,9.092112630834903,18,22.229291912331306,23,1.379909992955775,27.271441858382858,1,0,0
947.4909656418635,3407.0905900475204,3.618032602382954,18,7.759789101343726,27,1.1089108970381194,8.798157288278743,0,0,0
395.7697383030366,497.28286938182765,2.2636515327309894,17,17.260312013517606,19,1.2995379092507595,34.362766267866746,0,0,1
571.4917442637766,822.971997543704,6.656831974079877,5,1.603895217960845,30,1.5747973989700368,5.229601050062799,0,0,1
2728.515752070807,3462.977580791326,3.4968740277230093,1,2.1399187904580153,19,0.8867153877967848,40.8967449790963,2,0,1
1337.6019412952783,3428.753788563485,6.428742003004511,18,2.2572893832735006,20,1.1954877173631708,24.968471104923665,0,0,0
1877.9381516899525,1766.171943353649,3.1162309738538485,5,0.6989152728191584,23,0.5922639450703417,10.532437525312577,0,0,0
746.9229757055582,2968.2861516718253,1.8963733945832215,19,11.691326920583375,16,1.2627275972735157,5.238082276184275,2,0,1
1213.904788826026,169.4452934942954,4.193596508876142,22,23.69583679159324,30,0.5360020408840116,5.65778512271731,0,0,1
362.6350438356058,3033.66493194056,1.4257777898873272,21,14.139951968117584,14,2.0592007191435413,17.78056472761577,0,0,0
1486.8119367247812,609.8617858148874,5.214094041493373,14,12.83339946076603,26,0.6798184210700259,10.428058988858247,0,0,0
689.5034735868347,324.62739759631137,7.177883569141724,5,17.120789441025575,20,1.3740020689899783,6.161701275952602,0,0,1
721.2493038847703,440.4120398391349,12.499633369615422,2,6.224672985281278,23,1.7014000117313193,12.129028987638383,1,1,2
1277.4653372638445,841.8460841592218,3.0235971750892854,10,6.740175153242691,18,2.5745121099119856,15.856573827780633,0,0,0
3323.919856531686,463.90901439630676,2.5436551911535434,7,5.65907186959436,41,2.482679918684255,0.27800163123746746,2,0,1
99.3758997107589,609.7462720111786,7.073206851103349,21,18.67759664207322,17,2.133067340095524,1.1299190739942993,0,0,1
2109.803798248582,247.50135114911,6.7707196668872704,17,2.6446211530055432,24,1.213591585395406,1.191023072681016,0,0,0
435.0229377753627,556.8420626903747,7.041460420301332,16,0.19666279743478413,30,1.9083938053568528,3.1665523018240194,0,0,1
724.2105550734756,1303.9431321737593,12.614182568425619,18,13.602401603167863,25,1.363944519054079,6.6822345232731895,0,0,0
46.588390387363276,904.7012686230812,4.366891695711673,18,42.80863852026663,23,1.4112513330268799,19.534271820727692,0,0,1
449.8045502835666,668.6213327855891,14.149238415625724,23,14.101372943290759,29,0.9530508813108775,5.18970204268042,0,0,1
858.1082737611551,2088.303949468109,3.4161620104366626,20,22.912454163718603,20,2.451249976837267,0.21158793897668265,0,0,0
89.37878341754599,3389.5558894834694,2.6985747238565265,16,16.7573292090626,22,0.8859028267934134,7.924950702262807,2,0,2
830.5944242767696,2150.7402242223793,2.521116332994883,3,10.320503765300542,30,0.7959953004475211,68.30911000204576,0,0,1
3162.574941349494,635.2022347806206,2.408196593535439,6,19.008610091408734,26,1.4377196215430934,5.151334664204397,0,0,0
153.6452085089895,2076.459818968574,12.97577715791746,4,26.067946077444894,25,0.5964121584407305,39.00889371999247,0,0,2
1754.9512540865614,277.27691060895825,8.80492015827548,15,3.8181906596996464,32,1.2802096809783015,1.282274685880659,0,0,1
652.4904329567901,239.44145654912998,12.286080568732316,5,6.145044833511148,17,2.3486782754803843,2.28085315855975,0,0,1
1297.6574109441478,666.1167154671315,0.930636632825455,13,3.798740756212032,23,1.4420052262198146,15.453561530851754,0,0,0
381.70984509747825,2503.0664189777494,1.627445291305309,19,9.02693481362265,18,1.2369487950877767,8.346900279935243,2,0,1
228.49894447421994,454.2373260546094,3.5073424949471037,1,32.45076930798707,24,0.8728457967851754,17.384258541950267,1,0,2
229.88512415386273,128.01372057721375,3.1461657282796565,17,6.351544167377412,27,0.6697108246092348,23.902298302116716,0,0,1
107.71976792080602,241.84347516176211,5.01155636838224,17,7.037265231496515,25,1.7253385606859857,3.4695554527155736,2,0,2
266.4331804132269,2965.782432840719,4.438072872695311,12,29.531091113097723,24,1.2351545677517068,13.779777068934042,0,0,0
1329.5567165435984,1536.7950039551397,2.0183447152378,17,10.865677530245199,30,1.5680166869004093,11.225720433096797,1,0,0
2581.342582709834,467.93913768359,2.9091894124952478,16,11.500258957760675,20,0.5082074393380253,23.725654844384664,0,0,0
2039.221475193689,1245.5189908437533,3.645890931651797,12,29.577782636207235,22,1.6368881545761587,6.747614598487278,0,0,0
1406.7309339637484,1154.8290889766802,1.7859006618874127,11,10.115668570267411,17,2.7028636437250873,0.6391693152113265,3,0,2
160.42300857275777,1628.2130500877497,3.9733846309949676,2,17.164701941493224,18,2.0886592437152243,10.245035360034384,0,0,1
429.6158257813156,428.26955610293237,1.8797371062239436,21,1.343040223326808,31,1.3752887796165683,38.294637374415316,0,0,1
464.9405956591563,3027.1018997635556,3.896965817827403,6,2.951755302492356,21,0.8042951176890637,0.17687125012286165,0,0,0
365.14960315544226,585.22345866656,2.25033412017424,0,7.772190307029968,30,1.2823811922727273,3.297316341377045,0,0,1
888.3416691407922,1806.9007670440542,7.588527403384367,4,10.243173343339308,31,1.2990525787564227,4.558757692869608,0,0,1
940.2914995278128,54.38409464414782,5.641297884270743,20,50.60389426728989,25,1.00175690225656,17.42095064705446,0,0,1
549.7198855007093,729.3930683083187,5.552857954107464,0,52.927775620888,20,1.0328259587963364,4.685917599342619,3,0,2
543.9553385417986,680.1253066135146,6.701328967245811,3,28.576988750689242,32,2.827594532866233,3.2787855420273404,0,0,2
2136.195501172505,1206.1987036295945,5.8321999728562846,0,5.688165527428288,34,0.830033650482928,12.548527555485231,1,0,0
1888.743219522894,143.27586994287026,7.61774728737125,12,49.875337588946095,28,1.028858221638226,0.5701983479544677,0,0,0
461.44919114804446,2371.9102997987516,4.738552325953218,13,17.53588493667762,28,1.5287388271324307,2.244587343095774,0,0,1
2961.1412582034,398.4304096046704,6.642306489629346,14,7.486917848575718,20,2.922278229777506,6.2915964881215745,0,0,1
3684.415512615206,1725.3300548269217,5.44534758275516,16,18.143572566829956,44,1.082834566846355,5.273226830848874,1,1,1
494.75296374534827,2468.4433471672846,5.420483087118263,11,0.24991128810144048,24,0.5947918565831554,5.117185396600687,0,0,0
545.1365685490238,1267.883229350713,1.3464179508909646,6,2.370078425756965,23,0.519632652785559,1.3789386248869993,0,0,0
865.3753469250322,2055.714569441723,2.0510970067274266,22,26.55164689839407,23,3.346928847886325,5.37120594169436,0,0,1
3418.7211253776236,1656.444287106499,5.04492149923237,18,15.558820124437187,19,0.5690783363643456,19.193421600003866,2,0,0
2528.0637330713444,688.9900359691236,2.5315396198632616,22,6.792943449260431,29,1.2590920721355816,6.410035890019394,0,0,1
149.8614629768651,2512.112237605362,4.106799852935585,2,10.417220259218643,27,0.666952408882539,10.5876345667236,0,0,1
618.5396002808571,553.7009655651451,2.9860794019090693,17,35.330637300527556,24,0.8909291425429033,2.1434843220783355,1,0,1
987.2329177618084,1300.192192549011,3.0679067099645914,3,14.977898337639937,33,0.9424219389532574,0.8671245495044289,0,0,0
859.3181993408818,2082.079069285758,4.422672055273519,2,7.616187665741833,26,0.5587159280670503,25.4387674324905,2,0,1
278.60199200981293,744.5298013159978,3.5779107107182164,11,1.9230696301553472,27,1.9889615507359018,4.8303398270049955,2,0,2
2369.2360843470237,570.9547586108778,9.617782562080725,22,5.216722017899531,34,1.4510728828832193,5.175622449971922,0,0,1
1375.903565825668,952.4636698978936,1.462664845132548,11,57.4844817784762,20,1.0296110482515555,25.214146693103096,0,0,0
2203.512219559329,2585.3220472796465,6.1198258828589065,16,8.626810960682068,23,0.970504055091191,14.762624777477832,0,0,0
2368.790008166514,4017.2144875687727,6.874946956977915,5,9.575324936100714,25,1.8877717802229521,16.939971817264855,3,0,1
1675.6871686037016,1211.461802706081,10.014520475140163,14,10.355207535712282,13,1.2661674423177436,13.748578233168804,0,0,0
714.0918166856926,1654.6970325762256,4.492399952696564,1,32.32593359624603,30,2.813047404237239,1.3418057091631381,1,1,2
1151.6137513124597,3533.8037015875498,6.457897196309453,7,13.892399761307885,27,1.0211716185956623,38.03983400384625,0,1,0
229.7461868879641,185.6208122958855,9.544085450823934,13,17.74672945769355,30,1.448070015776848,28.780734669919248,0,0,2
1363.7249746994682,426.10179899834515,2.81942599618244,4,7.400030670179946,25,0.7463478406387992,3.233707865475447,0,0,1
257.0488272726826,1881.1326745594215,2.259865775654097,2,0.4427857526746758,23,1.0270604193228399,19.555331798034835,0,0,1
1440.8065444429715,2633.7306240138396,4.626715687875674,9,40.0988445630933,27,1.8496632971308162,6.319323210306192,0,0,0
333.01163733207756,2947.670496970942,3.699722362817905,6,44.676544991301746,22,1.9572248738996911,13.81531072447472,0,0,0
170.06554681539538,834.4899852510017,6.539066767919266,10,44.684028066996625,23,2.551101460204078,2.17255164571314,0,0,1
236.79718273165818,170.37834050524063,1.537525274205288,14,43.15247104940467,28,1.459398076546686,9.280689418009171,0,0,2
22.392946591652752,893.7970113535263,9.171300791218295,1,25.33062149058134,24,2.0023156839955436,1.6245636035812256,0,0,2
1542.1692942155169,423.47884912590587,5.072019249025193,4,17.308516216816674,23,1.5676143360166284,9.21877274204548,0,0,1
1601.9190451805616,546.2653174322625,3.626173946183324,10,27.91759998699653,17,1.035401354537333,3.3501234218900295,0,0,0
888.1627695524614,2249.3757510199853,4.308766414486154,7,13.764858939821499,22,0.6665548736501256,7.227980213895566,0,0,0
231.1725042089059,147.79728991660855,7.887720730789579,12,2.1644590111078617,29,1.1133956245972774,13.230336561301698,1,0,2
124.7030018288251,2666.743469038739,5.9014111303580306,10,7.444429654992953,35,0.7725053010107256,25.15412954977941,0,0,2
43.177150780579595,867.0569003922715,4.2537098219485925,16,53.26021333134685,27,1.8623471964196252,2.168036706252705,3,0,2
237.46397133808148,1389.747988262397,3.7623176533209897,14,6.48802398648014,18,1.9051118995929073,26.849336520630633,0,1,2
2678.0994885795617,170.8928834997415,3.8773805231752205,0,30.35475782400666,26,0.8136620152788818,5.932296499595991,1,0,2
351.75326379420255,647.2830477422865,6.370071902455595,18,1.4676901523767043,28,1.9057169208281546,22.27915288638884,0,1,1
544.8510495213126,170.97310956750155,3.559467584489586,15,6.101125292257484,25,0.7617613946932156,8.622759450788507,0,0,1
153.58118169316006,4917.350013431412,6.070547472356213,18,6.483759691621698,20,2.176790139478151,23.784169520553863,0,1,1
321.79191759401965,2499.6325587830875,2.3119605298107575,12,0.7947240940120206,29,1.144919840424323,13.045805160201478,0,0,0
898.8260012229973,953.2594290771415,2.600687500517634,22,1.902070957502585,24,1.467420662854651,8.528798318648857,0,0,0
1143.0352731940877,409.6360648845805,4.222034908572647,21,3.219545313755369,26,2.180912983006888,4.496995733704149,0,0,1
357.80513590854434,4094.8176751187007,3.7426156091775655,22,27.285318942323308,27,1.5507791489921514,41.65007650662223,0,0,1
91.35885534521785,663.756522809304,2.7112842132257082,3,0.9825166031560396,28,1.1578491850568489,19.367235640470465,0,0,1
615.1891820280509,293.2890253370224,1.8676577729670607,10,5.322312130320721,26,1.7330225086575588,5.7594294160609945,0,0,1
340.206370142067,1272.297494414902,2.4375672042039644,17,0.15340682657100624,22,0.8294566354632896,2.1886784495778997,0,1,1
317.4675553664276,4347.567203986967,10.528490327699833,17,17.8425570748584,25,0.5646226646034902,18.144218706460762,0,0,0
3878.5421138072084,35.75646727277132,2.7045230296754683,9,14.525729248431446,31,1.931720556282535,55.195373147030395,0,0,1
1169.4746577811961,437.9588595141885,4.435376594687826,16,15.533812870612422,24,0.7224842185177737,3.9249768497835893,0,0,0
996.6933823171343,4211.800636415454,2.704296631088169,12,7.035248581355365,21,1.7660406996869031,29.703716592545433,0,0,0
664.9631282935702,311.4582430347302,3.502792910105982,13,3.5029815378329885,27,1.2923898547258494,1.6074617510918778,0,0,1
692.3223013561665,210.27720102164486,7.31326261745966,6,19.11164923683963,27,1.2143404708880632,36.490325881611575,0,0,1
954.1977524237797,1296.6083260249368,3.685945606099345,9,24.999481856659134,30,0.8369399406364523,16.41386023467167,0,0,0
1450.570900308566,2999.055777715554,3.402432111588127,2,2.2379706826069286,29,1.020084290023175,5.106720106626522,0,1,1
1473.3826020020551,1002.5757201533726,2.817661181078006,1,10.00720484894448,23,1.2280672957568375,4.359765859136377,3,0,1
246.04701947147322,7852.138504775286,3.5895162436311314,18,4.2895666942490305,14,1.3223747915208497,12.374876642322832,3,0,2
852.0472521717006,1735.2737827245205,5.439555999839068,6,2.7607692803939496,24,0.8511053600785922,10.80226698432715,0,0,0
657.1484800088867,145.44291138572504,1.0310940472972485,4,19.882240525776375,26,1.6445204676772023,30.1502995974246,0,0,1
2473.1391839199423,7437.220461434324,1.660739132226386,2,11.586003404337685,24,1.686861788674305,17.441684866532427,0,0,0
1217.713481268452,816.1050089510343,5.52057348480741,1,3.6537401987576468,19,1.4822400924579795,9.327867665966693,0,0,0
932.4375542086748,538.2578723880426,4.387225820125226,22,5.565955464591723,22,1.0248312414575673,31.500927516686698,0,0,1
167.13638815232824,1254.258140900359,2.921067376067424,21,51.01211396205234,26,1.7225155752511903,10.779365675790956,0,0,1
1136.582874959283,574.2714879065124,5.717189465074653,5,28.325334038892336,26,1.5658421027848792,22.74025312205733,0,0,1
169.5932345664173,165.63808152514963,3.287273672261856,13,31.797297378956287,22,0.5589736024686843,22.061885557931667,1,1,2
513.5502972424765,32.14404620031862,7.246385213972899,6,9.24312812514085,32,1.3291329492294568,30.18857626340418,1,0,1
204.95956672091032,925.6196210990275,2.8367975102174747,21,14.664805064543266,28,2.646565065761679,0.839946604463115,3,0,2
1433.4735659795463,2749.751292851454,2.2711680247695676,1,7.092540315148653,29,1.8017709412187413,10.51963946565826,0,0,0
297.1872702553357,1304.0531545659326,16.22551621012167,10,1.2134657012464072,22,1.9374677875989295,7.582200184693458,1,0,1
616.8189555940218,10740.096577891129,6.3867450431264094,20,7.689140972610028,17,0.9227020665790349,8.092903394010126,0,0,0
2732.2905450645558,537.0881976767507,2.4957487021098936,2,13.52032071915444,28,1.2843548043335942,7.3922472512884765,0,0,1
294.26436647618425,523.7044517684028,3.3037953867430745,8,5.077143335029787,33,1.1351281592448474,21.802467720592073,1,0,1
870.6565153939628,291.0827549845159,2.8462159963848093,7,28.25324467085928,26,1.220311238770396,4.600326835457561,2,0,1
672.1666479610885,298.8040969630185,1.2348279881236375,10,2.4572110911768323,37,0.9942966033362141,7.4555250807890445,0,0,1
41.94835197987818,533.6006156823748,3.4433818963845013,17,6.862332155922311,29,0.745190141738673,2.6879651292551654,0,0,1
1908.642361347109,2391.3960839553583,4.675617353034166,0,2.001323642519178,30,1.2532417776604758,3.4796822044772444,0,0,0
105.8543738352464,3572.8147566641483,9.333422725826065,14,7.783676782067024,16,0.8938162615052715,12.96055157431832,0,0,1
791.5268174810291,5568.55850315254,3.9769168595594135,3,0.6070387413548156,26,1.5440510238971255,1.4922903707677027,1,0,1
1007.0279851191833,426.5141561193886,3.1049106030443,3,4.773137688503207,33,1.2065016241472477,2.496426219684779,0,0,1
1208.0101652769101,3226.702950541764,10.022117710715445,9,7.680777006043032,16,0.5650290264523371,9.010194186096061,0,0,0
1420.1343152686275,626.8149114946705,8.77619122489019,10,9.75606793760644,24,2.1227910274645763,0.5371197079356592,0,0,0
370.46575630639336,209.5958151009065,4.6576486743898355,17,11.768952157962882,21,1.4537234362912093,1.6288332752690295,0,1,2
32.03467803745765,3090.6188725207808,4.3780076593682455,22,4.823570841446713,38,1.0169568715619393,23.884246489163136,2,0,2
1562.4088711872782,1546.3374877918816,5.400764537308377,14,11.104881708385212,18,1.0676344615000786,22.461073867536705,0,0,0
940.5570954472331,300.00198886489574,2.81197041661362,2,10.669808456729022,27,0.7473302154565502,5.128408546027099,0,0,1
2190.328173575462,872.7343837705507,4.264827586430244,6,5.700865553163341,30,1.191285362007232,5.1323687648319005,1,0,0
2087.0497463977354,537.9530209305191,2.737066802405357,6,26.597039286538035,34,1.6039543570599737,33.083504378169145,0,0,0
2244.3069637615054,2032.2306662164958,8.948769401753179,16,11.833018847092148,16,2.45460778091911,0.3141706448454248,1,0,0
816.5266411979233,936.1015495748644,2.351935811516827,21,6.058064363421608,20,1.1788395077355356,10.418453015198018,1,0,1
507.08935980438605,6833.458504019319,4.8866254397460205,19,44.158063051585636,28,1.2455650835082805,10.91746038904767,0,0,0
1901.714510998315,114.45079177696451,5.035056633399205,23,27.975835062016703,27,1.967980700678095,18.607637330065877,0,0,1
740.2312472387247,687.7929463421334,9.387384069148968,15,60.758772486876666,30,0.7683377913580465,36.37644170253764,0,0,0
263.18908965851483,1016.3809915579699,3.078858198699212,15,17.676226765686636,24,1.2946578548653132,5.277466400718398,0,0,1
2337.0108526081476,1079.1510162379402,2.658123194318834,7,7.127604291798739,20,0.9025768929581348,6.9114859488389335,0,0,0
2590.1919978016376,599.5553082592098,6.176043148055374,2,4.945502285769072,25,1.287194289720114,13.351262107532648,0,0,1
773.527611205409,1989.785069004189,5.692202113086255,19,16.329239249784568,19,1.7765955059588399,41.034153110334614,0,0,0
114.46194762554943,3146.1302608989627,12.456317274843835,14,59.30563567137043,22,0.6307366472217022,26.57405036875857,0,0,2
608.8866440421795,4218.435544371009,4.710790563605866,0,14.781199359295957,29,1.9049675793018312,13.197263647794388,0,0,1
1972.741420699326,2482.852035732643,8.84180045973587,9,32.007191329312676,28,1.4103990487281453,23.315753393411107,0,0,0
2804.58154819972,2881.493200377827,8.269725171167737,1,5.9871044778526175,24,1.291705595624425,1.0686559248989433,0,0,1
292.9927143441021,1229.5803152570202,2.6485175029099155,6,7.837244167942164,20,2.0925844184010463,5.680950498642828,0,0,0
103.18615472436167,2652.086713718877,1.3879510650691873,13,35.51089308997316,27,0.8902376760842743,0.15814749504815792,0,0,1
2538.1090433649715,572.5396475068517,3.483680281067842,15,21.21218151640668,27,0.7146781480185496,2.344476528456013,1,1,1
611.9855449335512,792.4401539649245,7.079987649169679,14,59.77723066115213,20,0.8107704982752799,11.947013205548618,0,0,0
956.4371827245626,601.6996028153578,9.47850685991744,6,22.359112031332053,25,1.511469810361468,26.01262559299169,2,0,1
4152.893744635054,974.94124073118,0.17230578410633202,12,8.92712882396371,27,1.0020168677398489,12.021539995760524,0,0,0
102.66038883095281,534.4255756893308,2.3403949854718067,9,11.359463289872153,42,0.8612123984353067,13.092662835355743,0,0,1
1274.0335303816996,4919.993758752238,5.400559912403278,8,34.61630025131528,20,0.8261812541368596,1.3153894145840983,1,0,0
112.39387770814996,592.792278332898,6.335683448757787,8,12.032607327037493,21,1.3098373698487351,13.118500665738603,0,0,1
584.905035676642,184.78520580259035,2.09494004936101,5,4.423568865672453,12,1.208022011550813,7.269258221284616,0,0,2
1974.4338429465774,1152.410136087515,2.730178190721447,23,8.580407456217461,22,0.692451694827435,12.647346738828457,0,0,0
701.8750211354239,118.19110372316624,1.1593181338855376,11,10.894851825008821,20,0.7017571931846546,4.737384481483885,0,0,1
7066.22415195312,205.7164526811795,10.72399834927511,22,1.5258376775739841,30,0.9893065633042446,10.452537568969351,0,0,1
1002.6138146692487,401.51824678456876,4.907512866516962,19,20.424768153777205,19,1.7633883686807037,6.621215190263504,0,0,0
484.84758907357696,966.4121741644854,2.706052793121002,19,1.737122430419932,20,1.0300864215652419,9.81465286162074,0,0,0
318.324914004404,881.7579519077464,8.494433187920555,21,7.785833792092293,25,0.6766555516525932,1.9092081874150435,1,0,1
537.9008706804581,2441.847612139832,4.904587738108649,13,24.492320928053207,35,1.1798086410746709,6.046693747533985,1,0,0
579.2775623525074,2047.5826868582897,9.379205646204197,19,9.454567869212275,27,1.2401344516482524,5.626201756487194,0,0,0
105.42620751517406,863.520833419105,10.167113170377283,6,27.678877152692586,23,0.6743390387616288,15.99962027966375,1,0,1
573.6317767648657,639.0323614052838,2.0996108831863403,7,6.2755500345476145,24,0.7504240920811186,14.70683264748238,0,0,1
768.8794597597775,600.7244297084811,8.79926444958189,7,47.42194910763685,38,1.6447285467207315,28.744128743408346,0,0,0
1559.3497734235052,2260.7978134634727,8.606002887812927,7,3.525745329971096,26,0.7466407618910794,11.997881018541257,1,0,0
1303.0837620503696,110.21573627188654,5.726993671551155,1,0.5852316751665199,22,1.6726899680795353,4.532106417327309,0,0,1
1500.352432888,49.356834433309224,6.009444321917622,13,30.885944203144632,22,0.6579061446406151,18.34672531438092,0,0,1
30.078624454540147,2411.106603749243,4.691106138422453,9,20.92716405148512,19,0.6678012772367613,8.245925088834806,0,0,1
314.57037035641156,1002.680597547579,1.8081708102411278,17,3.959167508560895,24,1.232763774659765,2.580515557649563,0,0,0
1320.5309137654845,240.41307525016398,1.697275018380423,17,62.73938363434731,35,0.9031602561990134,16.51192165479712,0,0,1
813.9534912920294,432.92925407147624,10.983380148589916,17,10.465768031941883,34,0.9861823349822703,1.7061115061621457,1,0,0
26.393170862567843,4073.5293708364234,4.900354582775484,15,45.25907079915281,25,1.2977890797801328,2.354417228260113,0,0,0
1978.600994589686,2973.8534538862614,3.6436964157963394,19,10.548834631752792,25,0.9746685606931179,17.063353354673133,0,1,0
1798.360074780653,1885.7001366524748,6.236823497946267,4,9.576322476391681,26,0.8358911557582372,17.643663272233013,0,0,1
974.0010573946819,1017.3224083198585,2.632233387820516,19,8.944078950255488,25,1.4861687375515318,18.772500162418147,1,0,0
102.53003597171347,1131.9654355524028,3.211127288772111,4,6.116710518377572,29,1.3129604360427851,4.166215003929412,0,0,1
1765.565187091975,5578.0635265975325,4.3975695475757846,19,11.443939288968343,16,1.2427194661120595,24.171709526618564,0,0,0
1071.6581175100619,5091.998691332511,2.9360778186212535,22,9.037389921768147,27,1.2125705259360997,15.390485097398862,1,0,1
1847.691970430337,393.6215301471181,5.864148030840519,9,0.5615857941201633,19,0.8862342529184966,21.5468541826973,0,1,1
1691.9682330884518,2529.8425168536983,3.9601841934599946,16,4.5254012863336674,21,0.8153239544723373,14.796926489440633,0,0,0
1969.4744814223172,359.5542152514404,5.838279111040332,12,3.5952461767776676,28,1.0640768440376303,10.398482597770801,0,0,0
895.7934804210533,390.31531363909136,6.182650116200316,16,30.31030097110599,36,0.8921309105336033,1.3902481852031359,0,0,0
201.44036922130888,1720.9484203595484,8.36864283429629,17,13.70204486872411,35,1.2153226289274102,14.893294744023684,0,0,1
1354.6115423529232,808.793579705759,3.489454938285993,12,21.638723699918103,20,1.0442966157582663,14.072045516352736,0,0,0
1182.5979283223412,4052.355034297356,2.0631003530458965,16,47.137765366830045,17,1.2302329357163364,4.496166629847394,0,0,0
1646.9330259540754,169.83460158659818,15.469224851442231,14,15.494023054511924,27,1.1768509614012852,15.973484589104674,3,0,1
243.4234667162146,1104.702446609579,9.377585854689984,11,60.777891845276976,20,2.4746720142840477,9.594219905613611,0,0,1
280.25863335300426,3791.124706278719,1.0801216120673807,9,5.60435327493052,27,0.7015391513051079,9.83558404696678,0,0,1
2673.2056930177505,3546.88762842115,16.81544982910381,12,3.091848009895873,27,1.1332176800145297,5.498886865602839,1,0,0
1683.446670645452,285.3450167478202,2.8176774303720302,10,7.745360635812014,25,0.7842069242131419,1.4902400005716159,0,0,1
2886.1440367346727,715.0690002776997,3.9881902582522946,2,9.54581611767706,34,1.0067946179938319,2.9343746148104293,0,0,1
1726.133363147337,1477.9118848854198,1.8241964990372075,21,33.858662036524095,27,0.8809077201364456,17.575308725397335,0,0,0
1111.0449991725384,290.44990682754076,4.639541919600685,9,12.31267793107832,24,1.5771032160250842,3.800249086694557,0,0,0
1294.0402526707105,5194.068739142331,2.920408765710529,10,5.183503003015064,25,0.6773515947710606,0.027067155376121033,0,0,0
2659.2538522395844,3723.238933030755,1.8718991810202694,5,20.35885772646106,25,1.6691642032205833,69.77960352724077,0,0,0
1057.5962422448426,303.9927442822745,1.5496337106176548,0,10.573194171471075,34,1.5096466899144017,2.839035525355739,1,0,1
1220.883545517687,223.7208876624413,2.481574634598706,5,2.6534196523902556,24,2.7792088371845587,12.783864666404156,0,0,2
224.20132802065143,163.91661402673992,6.593929134978101,4,12.899357348990542,33,2.51231585085422,31.394735732637898,0,0,2
790.7651669800275,3632.6746876713537,5.89685938853926,6,36.353426429321175,26,0.8876580974889606,10.986873914579318,0,0,0
1532.2163610457142,352.80736220545884,2.155063412383674,21,27.736629713690565,23,2.0031956344616977,19.255232356524193,1,0,1
399.20353631598266,837.5134598320362,3.383905663128569,11,13.257715157354683,30,1.0727825496042578,44.94372776377452,0,0,0
291.15830507815116,923.6261285979333,7.572601646158151,11,7.10013411811043,27,1.3795849107748537,23.62454557272927,1,0,1
471.9502603703591,1400.7320906018497,3.471987892257455,6,1.3649418735864756,24,2.4303529945923237,9.794741118046328,0,0,0
351.6959697612148,141.6575953912648,9.52399601538611,1,9.513241243853852,30,0.9018687358059498,5.425076811093707,0,0,2
310.35233239106,415.7460178054257,14.423115830684964,0,20.91970345121205,23,1.249041037887352,7.904124707213414,0,0,2
683.7510417397234,4051.1718099154223,2.5020805158752615,22,6.700723217931815,16,0.5604784726217091,22.12872779288923,0,0,1
2881.055548122666,3615.651532125056,2.737116634771359,17,4.026955522328215,20,1.7422423978530974,23.036855045644877,0,0,0
868.8405194703585,2310.0173815833195,10.38700695658754,11,40.18750725739168,32,2.8322174260531887,22.438332689075608,0,0,0
269.7882685331102,59.38788004064296,3.4309713658208354,6,25.85218160764605,18,1.5361857349883699,10.91250843322081,1,0,2
116.11442106613568,624.030009883094,7.893982915102198,18,15.253091051500364,18,2.1111781724432883,7.777074374386175,0,2,2
1449.4896138246158,1513.1257565449796,4.884161163601864,21,2.2063435423227125,28,1.9285727934122179,4.476057309949411,0,0,0
599.0721879317923,512.7690294255165,3.7450055354423055,2,2.3482079448125575,19,0.9206819194708135,0.040398186500371074,1,0,2
2090.026929345927,3635.045765707586,6.3828635716252755,9,1.6341638013229811,24,1.3905238659870558,17.35178188039955,0,2,1
1312.846135828117,1537.2299614911417,10.469457377209649,10,14.36828392520429,30,1.4881914064918138,3.8921241344298556,0,0,0
1928.9834806499875,141.934546671909,8.662847321357365,4,1.8420564672117126,19,0.766006624736347,4.79996314758824,0,0,1
400.8561342252463,3625.435785192404,4.145148779532693,1,27.737066382552193,20,2.176819269485135,22.25495168602997,0,0,1
1434.5858098428985,4776.817918929917,4.974706275272206,7,74.35286770538892,28,0.9981238528795174,0.6439889460226944,0,0,0
387.931258560417,151.3472901322677,7.932181308871684,13,6.843834939616501,30,1.1199352858678058,31.509958083161678,0,1,1
3377.6055912212646,1170.0855181055845,5.167763740718042,7,9.06797715143392,23,1.0991556433564214,0.016354208373333727,2,0,0
1233.9562235885094,572.238971863563,11.391336359392218,22,18.654597459186913,26,1.2398536794076078,33.59589166971367,0,0,1
490.7835086430314,778.4421152671915,0.6058019388772351,5,41.505782676531744,28,3.9427209227935247,7.2783173621727535,1,0,2
396.85074381961783,327.0385278000546,2.6028702299013355,0,33.6780184890241,15,0.9582810233249187,1.2926612835049436,0,0,2
274.23874195123483,1324.3812560899637,6.0605125538690965,23,0.8897519316150732,13,0.6581360619761029,13.456236140418806,0,0,1
1443.5204129089766,4784.391288265623,3.142316373546518,0,2.778178392929101,28,1.3040076940695198,27.143817719684378,1,0,0
316.1792762450245,1078.9670108415642,10.674775746713895,7,21.072814964258527,22,0.8648472830330188,6.916596057930468,0,0,1
1105.5407565549756,159.83199150498854,2.7340514887091403,10,17.51428082669829,25,1.0372282776008228,14.10687526636408,1,0,1
388.86600921091883,1481.381303128406,4.638824703013609,17,2.144526913672321,17,1.5650747955773086,46.56787367005288,0,0,0
1321.5410100940187,653.780057150123,2.471648305562281,23,10.459273396516329,23,0.7905543204162913,3.3043128911475153,2,0,1
2044.4884583475614,2936.1338963716985,4.052327634029786,9,22.767562106818442,29,1.0558628674103456,20.607582403881572,0,0,0
1826.2299337206612,885.5400915400465,1.0267149406793936,11,3.7034902799848464,30,1.3732623038811254,4.198726296660667,0,0,0
1736.803848951824,351.3493210477922,1.4857664582641181,19,30.752626478352173,24,0.8946354484462623,6.668570507826349,0,0,0
269.49575879832014,348.1303950241052,13.954240453900628,22,0.8163957210641614,37,1.202222665097365,3.9715160957432136,1,0,2
131.04496280609575,2226.4758397609885,4.382685535716757,15,22.862332537134062,19,1.3729578388217565,7.087341588234039,0,0,0
1460.5700283886172,493.0268294730807,3.3448426863278455,4,14.349618336589895,23,1.1658752746674326,0.061224307854269744,3,0,2
571.2985096637348,2216.578528672954,1.8278346463298634,15,5.679412501308428,20,1.3005283441796824,4.3391962759191545,0,0,0
699.4923195695427,375.794852728336,2.0807853704862076,23,19.14452646247762,19,1.4087932107759813,7.071805807030991,0,0,1
57.973449753564566,612.218272445811,12.993925510120281,11,22.87409377429054,26,0.9330504942828828,12.003902724136989,0,0,1
380.63946881389694,969.598763182832,4.566847826920958,5,40.74856454282974,32,0.6789057307818501,12.172182103223548,0,0,2
61.10781827309574,4332.2188307207225,8.509126563717897,4,6.87764125464023,22,0.8071664771355554,10.518657734974536,0,0,1
2556.201468724147,4056.458575752085,0.21233746550220917,0,17.376233906903423,27,0.7563371894821217,4.161235616865176,0,0,0
354.6994195939347,377.655751415036,2.858704931046441,18,13.842793624059915,33,1.9996687926899628,35.34145457538352,1,0,1
997.9362846266046,695.2623288692178,11.868298503948173,9,11.173115992726814,39,0.609933691348498,5.970369194913918,0,0,0
67.71122201665514,272.7188658063185,3.0144318079699937,13,33.16602341099557,28,1.5702570081460054,2.9338456843455765,0,0,1
1338.9855315374098,1099.979156940675,1.9818841559836589,20,0.0475851104163018,17,0.9288348163562288,9.703044933162591,0,0,0
488.14927931879646,955.8982789912307,5.722273257365298,2,4.971617434075627,22,1.8480887271760211,16.584218357778283,2,0,2
2758.3885935931607,3495.3236356620105,1.3048849376268312,5,11.591859804280386,30,1.0316641926585555,0.14770822707111037,0,0,0
2648.3746678444895,4019.0052982061493,1.0519177164039224,4,2.945575703449316,24,1.2366303372434202,3.8812697742186377,0,0,0
492.16787185056313,755.7094119167095,10.684499935464691,16,35.767755493725936,26,1.502229520626188,20.914113077939668,0,0,0
2794.6886165734154,1045.1371563224202,2.461624128242826,17,15.644617955136974,29,2.017184472968618,8.487466699521464,1,0,0
6694.012683378047,3428.457885454854,6.435937104322192,11,9.747953520035662,28,0.9723484548650108,6.300885879387229,3,1,1
2114.416824730714,2495.328428153979,13.30237860921181,4,25.286829582151665,27,0.9544903840158185,32.06662879456459,2,0,1
2256.2005902224364,35.494517983582284,4.464354873107394,8,8.991743361537592,21,1.4986237284161956,1.1255991317348395,2,0,2
363.6335119051218,608.6251185543276,6.295720831035548,11,12.268858378444333,27,0.6473933582349368,11.471929002012681,0,1,1
1051.6157582127985,851.6863525238765,1.0403578562477702,19,0.04132179744544899,23,0.6144577699237112,5.02604629913642,0,0,0
103.54928870876131,421.4945538766296,2.288683906818299,8,6.828511293254143,26,1.4145165463092908,0.8814775142263973,0,0,2
139.6755942176656,363.91232175368634,11.762749599675956,2,2.241261754927809,27,1.5962976749669804,2.885681840557328,0,0,2
8186.901463867138,87.77527167621935,3.359731190944542,0,17.552688442537242,27,1.3958843565556471,11.864182871084143,0,0,1
494.56887129150715,1576.5835174588149,1.521683245426264,21,9.780854748640271,18,1.174604652484339,0.34421311787586606,0,0,0
1674.8675211549344,486.75471609453257,6.085784779233885,14,5.387833460175055,21,0.9847386154029953,10.765177586971088,0,0,0
1991.9973412779134,110.65059866507728,9.677122677157433,9,9.461950316001573,25,2.30486834274509,37.716991478390064,0,0,0
2362.5105381719904,423.9561081803653,3.021395984995366,13,3.52880920450592,26,2.4280176081984974,19.02256807917268,0,0,0
7272.9766232518805,2458.58064158269,6.095841639191401,6,38.871343993545054,27,1.275127260714162,5.088384366994895,0,0,0
351.6894156759165,2890.6462087918085,7.715817121321833,3,0.8322567104777304,20,0.9291431343908765,1.7848911166495347,1,1,2
69.42500714833153,1019.7608197795869,3.7906872547345465,4,30.083616482392678,27,0.815753112061594,7.507307718717548,0,0,1
655.5851673096593,836.9629716751595,3.407530015111702,19,10.741901671531608,23,1.4513209881557365,5.989738050165524,2,0,1
187.22575468874766,5745.126818867017,13.00014286354527,15,14.472232254494589,25,0.7472204862685178,42.79270581883498,0,1,2
47.217407939057495,365.77443751600833,1.634118022837307,2,5.406063068685987,25,0.7541721983095848,55.10474312022768,0,0,2
556.3450910303994,393.7940267019886,4.742415529720363,16,51.03189475227733,29,1.006319798007662,6.343490115751058,0,0,1
1857.518965229673,547.6853997416061,4.021375125870374,12,4.966172292175792,23,1.4961187209846194,1.9330721307608725,0,0,0
1022.1526049638951,314.48576810463624,4.000533048893374,5,13.33297896891724,26,2.1978782854866568,28.976897061361484,1,0,2
470.1174549852997,745.5196430725983,7.445222862813942,4,75.3482987306657,25,1.3502912720583977,18.931915347835876,0,0,1
1294.7665375395998,3655.8870355191075,6.384741877822196,15,31.94138021365707,23,1.4898110871741825,8.591444359120674,1,0,0
336.7870620701059,1463.1237528487375,5.277179470804587,10,11.528727148103318,22,1.8095172533450021,5.456267148503375,0,1,1
37.38303364644722,826.4061472415443,1.0583059126626817,16,69.65012757282511,23,1.743274818908177,7.1340922818745,0,0,0
1754.5063956018923,4116.516221943943,2.138516240108829,4,18.12824200595219,23,0.9794378380324695,27.85891245486771,0,0,0
1192.9797007867592,104.5170034210298,3.607455068774672,5,3.511179633952688,29,1.730607687767475,2.449557288051441,0,0,1
1744.108335091306,384.10798038530095,4.619151236155236,9,7.802946152316594,33,1.845441722071476,19.727328797389283,0,0,0
67.65964799319767,1281.6811613151997,11.672618552036404,20,6.108099370283504,14,1.383046077696003,0.22029739905609658,0,0,1
2197.68711283148,1463.9225411452244,4.537246076018307,0,6.324230805168746,18,1.2899334696963471,30.39485090059293,1,0,1
1179.605553096752,90.54175507832639,7.215054317378577,20,21.435299956236307,27,1.5523622607114607,8.324903000073878,0,0,1
1014.4726232891026,803.8546332217144,4.130375894024506,9,13.16553382880585,27,1.4888474517239159,3.0858006762271994,0,0,0
1195.760692702623,1601.111696987219,6.838940596997438,16,0.5825581013155757,29,0.5797249111857313,0.034327084888228464,2,0,0
2417.949340319864,1826.3428293864567,4.355009175967342,2,31.488356936632727,27,1.4499626817323987,9.839403960936078,0,0,1
1080.9847528303337,1554.7464193424441,1.8633383404140116,1,5.281626661751933,35,1.9574479295693468,3.364313310562971,0,0,0
1063.7191291805827,609.7366427055592,6.271357103866547,16,87.51628077310761,15,1.8138831243657858,11.972102992816694,0,0,0
5630.602652944463,177.27967238869633,5.858989453013208,3,46.24903220855994,29,1.4202883799272392,3.9615526693138747,1,0,2
1716.3008337436395,865.5987346422185,1.3381388327884516,1,42.3344301973126,26,1.2959199836771282,1.1056996446145964,0,0,1
720.707586001507,236.74711503861818,4.130423416024966,4,25.00025468578624,38,1.0421123039913693,8.439621894811372,0,0,1
1494.7262451874615,4453.950432145928,4.102488761762602,9,3.7387198692530594,15,1.1667199462663407,9.974732768763367,3,0,1
611.6427140577302,997.0237926818066,2.7706775686642753,0,11.409598725297673,24,1.6338526972831655,7.230687132250022,1,0,1
331.8864694450093,602.4599341164298,1.774987007724157,0,3.8098922682592153,21,1.4245050792217433,7.350658537063083,0,0,2
1110.1414801025976,2210.6016868001498,5.051686218932847,3,4.509999231011016,13,1.7532941234549821,10.688941639099792,1,0,1
3180.3458049394812,1063.5791389782753,10.977533960035045,6,14.160779355364932,22,0.9923116972576514,8.967528431735115,0,0,0
3196.450887038674,586.6694891543838,6.656864123022162,13,0.6253597214999841,27,1.88408429869344,1.7066114974640798,0,0,0
522.0876845243156,2536.7126217648324,1.1832534440764104,13,52.33006578528864,31,0.9537264629754955,2.634086746344372,0,0,1
920.1118309844871,3057.826197163371,10.446533038887967,17,37.63919004403725,35,1.324602940990876,1.8348920122511752,0,0,0
305.354285825076,1706.7301226348877,9.511191947835101,1,7.189118812973862,25,0.97554486119075,14.182449644714076,0,0,1
6539.89543041778,102.15456572812346,2.9036933796690407,0,10.867166916409703,28,1.1742415816523564,9.024539041811513,0,0,1
4783.449574789174,1283.1824779159174,1.2590962477617165,20,9.413746449281671,34,2.755282614743741,6.742377374461029,0,0,0
1278.1040598633153,2191.410400676604,2.991813506569499,21,32.08147692687016,22,1.4974181207450488,19.21400622896008,1,0,0
1978.1064844478917,250.14730444198045,3.1543915314413202,15,17.50024567532144,30,1.3365279363903646,4.730646664324738,0,0,0
1526.7411243017455,419.459933353747,1.3503553800372243,21,4.888263513996173,24,2.148531965936522,10.074919518327718,0,1,1
1099.1970964268219,3241.9129309065775,4.9976964132300905,17,8.881653843069142,16,0.4378481483161011,0.9278557876392886,0,0,0
85.78847167036095,60.49038150636683,2.359933276960597,15,8.404597257941752,25,1.1462277694577732,16.369890408155264,0,0,2
747.8446145485423,2125.894270400848,1.5949544089825367,22,48.035874685060655,25,1.0001172674808783,14.25689601751704,3,0,1
1367.927337126958,993.0347344127607,3.5493936832095794,21,2.891232373610427,24,0.8667385232450214,19.4568889005482,0,0,0
1378.1002101171593,917.9780294710619,10.781358962506854,23,1.4076783659931977,23,0.6626823020442627,25.89931937977016,0,0,0
580.4051853756174,40.68274897236106,7.516357547809748,5,31.881507206407512,29,1.118921416939822,17.02721239984539,3,0,2
3430.4188939418577,2597.1912641015097,5.6938150338721165,9,34.04973424312418,26,1.611882062159123,22.332534410612254,0,0,0
239.78040658767014,699.0203209390913,2.916130111364947,1,30.805330710678014,30,1.1517106185722716,5.089439169547142,0,0,1
852.6395978217678,1197.2918880730867,1.3606592480318869,6,10.730183749676915,22,1.6812929987692646,5.047018571821963,0,0,0
1428.8463105697685,1726.5514601701366,1.8046096011537944,20,16.170873932739156,33,1.2568368612575822,34.65347822498552,0,0,0
1453.3649338516623,1849.1650498922713,7.231316847270368,16,12.429798024299863,26,1.9473472113174939,29.521332637787026,0,0,0
1275.1291651784863,4714.668808850207,2.343740738745727,2,1.0796570040090088,32,0.9988819085949505,9.542088205409513,0,0,0
406.37748675372035,1166.8164305262337,4.705673252773829,19,13.588977201996537,24,0.57748744423401,5.479056935502861,0,0,0
223.81707676514873,795.5374768916297,5.737782260736231,11,0.2056150431958836,35,0.6491181177817706,24.119122787258714,1,0,1
1232.5249849908676,4639.037470368602,1.1191442587738383,1,5.895359036633138,34,1.0008975773746505,4.688297715060296,0,0,0
1117.4570509527691,1571.2953885959216,4.267989994915392,6,40.38839164405539,18,0.858937077407758,2.001656019379609,0,0,0
257.1990723758885,561.0541209402882,5.42545771897316,16,5.437059950148916,22,0.9644470062808078,12.242916041728503,0,1,1
1485.5020565821862,232.8093265195628,12.530002333352884,18,42.15788390206774,24,1.92606226810929,0.5226813894159551,0,0,0
748.7421383453351,2803.0138824768583,4.648353897619956,11,4.3179104690503305,27,0.6700259285518444,5.719059727459441,0,0,0
1342.279352373458,704.5525200511282,7.010022968797705,8,5.6654636972301535,35,2.232795302794111,19.782125738085433,2,0,1
2199.5115691073484,1650.288224990833,2.9610654952767943,13,14.849361684814774,26,0.8848724382060442,4.198370205084535,0,0,0
243.20292466676145,984.6298109867874,8.141151828446548,1,21.50877736629824,21,0.7425953447329509,32.13877702999298,0,0,2
43.19660494476924,362.71000512311855,1.5077669306166304,20,10.438898632677901,26,1.1556371812301114,37.43506456711492,0,0,2
1832.0682524850872,1410.774252030289,5.864175599054598,3,32.070773030599796,32,2.224666595601449,20.30185984801774,0,0,0
1148.9996092630877,123.90350544978156,4.797237214127125,18,0.616086975946668,23,0.9185883046176463,52.72270067853961,1,0,1
1463.3265090536013,829.9710545065162,9.067212131833104,20,38.30321262806634,18,0.9604164764414562,9.079796117377514,2,0,0
2205.3392448201303,1216.520237619601,5.752663943765526,15,3.278083781914025,19,0.9864321415573962,10.105323529167766,0,1,0
1968.3107465354424,889.1764775954387,3.6715772040378605,21,32.34338034079473,22,1.9348164409347803,21.70687842127238,1,0,0
3910.5778538098293,2101.495675990113,8.118692685744263,16,7.683979381028415,27,1.021764325535615,8.146322859252395,0,0,0
941.2769843315158,2669.736879812234,5.695912015221773,1,26.824616526501774,19,1.4600771269912745,6.265065930745752,0,0,0
824.4789863931221,2242.6429467514067,1.9789383142063564,16,16.70583787306248,30,1.2817615004068597,11.446465517980798,1,0,0
636.7710966493287,89.3793685146434,3.844234518910694,18,2.902708758153897,23,1.168827554794828,12.863393458436434,0,0,1
220.24494615276538,353.7469710908592,1.786884008993307,7,37.524244808375386,28,1.0005343493688676,16.67860899905258,0,0,1
1040.062231065382,1183.7713077414944,5.402743251545667,23,4.225845750955045,28,2.6847636132298085,13.238700032098954,0,0,1
409.23605563113017,4125.950866223604,5.805816729997856,19,4.198488932546136,20,3.731550943996341,16.431915805462,0,0,1
3070.649098281202,2732.3218050126497,11.374871621389758,5,25.24456316974866,28,0.8577996816415958,13.47091385809895,0,0,0
1070.1520713337368,2802.823418053293,3.7869500462213677,11,1.6786161235067905,31,0.7956731826677089,7.857396744769131,1,0,0
1098.259392479219,571.9029189599344,3.366455154812851,22,3.7661236202386474,24,1.2414890007906842,1.7394017983817311,0,0,1
546.0657969988088,871.7261779936274,1.2155616577517667,17,10.50794264795932,29,0.49203591521138873,18.47017090396436,0,0,0
84.06745363900262,984.316704558599,3.7848116107447574,1,26.621502560571873,22,1.2452292849440596,0.3751533493825048,0,2,2
58.71022584872577,286.84380757098944,3.4952378209680357,18,2.3934490805849262,24,2.7261067345851204,58.71437392031994,0,0,2
680.592824376087,77.34146911953644,4.58335550301637,23,11.900090609255615,22,0.9612115352978249,21.155160005943994,1,0,2
126.02759584010818,4433.449434001945,3.4241192503809765,9,18.632421527644343,19,1.8817203986042075,13.337110282311116,2,0,2
1140.2675801756309,443.0623473759797,3.4288535520405796,2,29.55560287888955,29,2.1984177463177748,40.79282579627282,3,0,2
2574.08596187774,441.5544240287035,4.574245134742355,11,41.13160514020154,23,0.8653383790902571,11.375552881359123,0,0,0
2593.824254182177,160.59188260825113,3.9877846542629727,15,23.03165753057904,27,1.3116870985475304,0.6970533374161765,3,0,2
1311.20717373129,3987.249380931035,3.3827564298416823,11,15.869041374827402,37,1.4072405378946709,9.834928643994495,0,0,0
304.7393969712215,1330.3122700483236,3.3577949424416724,7,8.527352978830203,29,1.634854439108718,3.8955421340773775,0,0,1
2405.3014695849447,1679.585215778286,13.485004703596625,4,1.7836138679096578,22,1.6832275529770429,5.534477791599635,1,0,1
2626.852129592629,3668.432830817956,3.289768066360079,10,18.554528005678687,26,1.9136260901420767,7.385018453448178,0,0,0
282.7631084086531,666.1009719239644,3.6456490965353128,9,73.87506352029335,27,0.8932849718537413,17.878583865341987,0,0,1
1624.6671902835685,1487.337783563937,0.99680836285403,2,20.02037062010784,29,1.309452497025965,8.388274046569633,2,2,2
