hour,is_weekend,season_code,is_festival,temp_c,base_popularity,crowd_label
6,0,0,0,14.821111622645393,2,0
19,1,3,0,38.261301695219764,2,1
14,1,1,0,15.345285235840588,2,0
10,0,1,1,17.129118854718726,8,2
7,0,1,1,14.097764431900174,7,1
20,0,3,1,24.091494655002098,1,1
6,0,1,1,38.406695416073916,4,1
18,1,1,0,18.078320627515506,4,2
22,1,0,0,21.960109453534503,7,1
10,0,0,0,37.074125442413504,2,1
10,1,2,0,29.770088952284453,4,1
23,0,2,0,34.051724596680856,1,0
20,1,2,0,16.848001581955675,4,1
3,0,2,0,32.92767562664241,1,0
7,1,0,0,17.28353851653672,2,0
23,0,0,0,41.594047430741156,2,0
2,1,0,0,27.916356996055594,10,0
21,1,1,0,32.26045625738038,3,0
20,0,1,0,13.78885069252809,8,1
1,0,2,0,18.020991361330225,6,0
23,1,1,0,14.471701106059339,6,0
11,0,3,1,22.48546288869514,9,2
5,0,0,0,19.09234765457275,8,0
1,0,2,0,33.45351230817822,2,0
20,0,2,0,13.478687348100838,6,0
0,1,3,0,34.065899790411784,1,0
11,0,1,0,11.4625543884348,9,1
21,0,2,0,16.464570794316558,4,0
11,0,1,0,35.3428797428673,4,1
16,0,1,1,33.768852515452636,9,2
9,0,3,0,25.242435645403628,3,0
15,0,2,0,11.599446882481658,5,0
14,0,1,0,29.51659973341758,1,0
14,0,1,0,23.01517132717115,6,0
18,1,3,0,20.128900806335032,3,2
11,0,3,0,30.493140378449095,1,0
22,0,1,0,23.971665990455243,10,1
19,0,3,0,12.957475214501716,6,1
2,0,1,0,39.310415056395016,10,0
4,0,2,0,34.91177918250813,2,0
18,0,0,0,11.804102121297678,8,2
6,1,3,0,26.802043846102258,2,0
20,0,0,1,12.668082012756106,4,1
8,0,1,0,36.79327548987152,3,0
6,1,1,0,29.616446753663098,9,1
17,0,1,0,15.51837227433819,2,1
3,0,0,0,10.663722969798425,3,0
13,0,1,1,11.01059238868546,7,1
17,0,3,0,26.23569510607455,4,1
8,1,2,0,33.499951317656766,6,1
20,1,2,0,13.866894442686693,3,1
1,1,3,0,17.08109010927864,1,0
19,0,2,0,20.472318245425033,6,1
14,0,0,0,16.978457025956896,4,0
6,0,1,0,22.522770005989077,2,0
11,0,1,0,27.907680184482437,7,1
7,0,1,0,31.917975943721896,10,0
14,1,0,1,40.84080583063131,5,2
2,0,0,0,39.786997429862225,6,0
13,0,0,0,28.244063194525264,6,1
16,0,3,0,33.49280180660335,9,2
3,0,0,0,40.42791054801369,2,0
17,0,2,0,12.671102225324955,6,2
7,1,3,0,10.180312315565732,9,1
3,0,3,0,10.953592439346664,4,0
1,1,3,0,28.027179595934843,6,0
5,0,0,0,34.410669609681094,7,0
21,1,3,0,21.746398423841107,1,0
9,1,0,0,27.447653591283796,5,1
3,0,0,0,26.52372219355318,4,0
21,0,3,0,13.032668530944626,10,1
17,1,1,0,20.290824455169567,2,1
11,0,1,1,10.621924965833664,2,1
1,1,3,0,13.542582041808348,2,0
9,0,1,0,35.97946313311289,7,0
3,0,2,0,36.541231911946205,4,0
13,1,2,0,35.66228224144223,6,1
15,1,0,0,33.25819651047157,7,1
14,0,1,0,35.386011084796856,9,0
7,1,2,0,31.47143492062459,2,0
13,0,3,0,31.434666842121235,10,1
22,0,1,0,31.355577519737857,9,1
7,0,2,0,26.449369269702533,5,0
20,0,2,0,21.627111470875022,6,0
15,1,3,0,33.36624851716976,6,1
12,0,0,0,19.55667243477573,3,1
17,0,3,0,27.372868207283815,10,1
14,0,0,0,23.867379846972202,7,1
20,0,2,0,18.851912866998436,7,0
23,0,0,0,41.190077454478825,8,0
12,1,2,0,18.280052646458223,5,1
8,0,2,0,19.89737803913696,2,0
14,1,1,0,15.170800056258184,3,0
12,1,0,1,36.33538001005729,9,2
0,0,0,0,28.77086081774366,6,0
6,1,0,0,29.61725620711634,8,2
8,1,3,0,36.25796517757113,8,1
23,0,1,0,20.97342907615614,5,0
0,0,1,0,16.19626961216684,1,0
11,0,1,0,16.348971647804927,6,1
7,0,3,0,33.443834286792296,7,0
23,1,0,0,29.65168494279832,9,1
10,0,0,0,16.602844114626844,2,1
18,1,0,0,14.642092628493554,2,1
16,0,1,0,13.86199376518313,10,2
7,0,1,0,30.089556726497207,1,0
2,1,2,0,10.0037966371472,5,0
2,0,3,0,10.5862189633134,2,0
0,0,3,0,22.46570034003505,3,0
4,0,1,0,32.1231956568372,2,0
9,0,2,0,32.241260047916924,4,0
6,0,0,0,23.7637847554461,3,0
8,0,1,0,32.114355411346224,9,0
6,0,3,0,26.675077746564014,10,1
8,1,3,1,41.26180533751409,2,2
7,0,3,0,15.198726842778658,7,0
11,0,0,0,29.22135256657938,3,1
1,0,3,0,25.719640830432116,10,0
0,1,0,0,16.22292302904622,8,0
15,0,0,0,33.99969382853451,4,0
22,0,0,0,18.816256637823848,4,0
22,0,1,0,22.214714210993332,9,1
23,0,0,0,21.99457822680096,3,0
4,1,2,0,17.81454314201436,7,0
2,1,3,0,23.782570614348966,1,0
11,0,1,0,25.147068189683786,7,1
7,0,3,0,33.81509352989784,10,1
21,0,0,0,34.48219438006519,2,0
2,1,1,0,15.073790985333186,6,0
0,1,2,0,28.968713578481026,9,1
2,0,0,0,38.67832954494065,6,0
4,1,3,0,13.481171484305946,3,0
14,1,2,0,25.133249425092433,1,0
13,0,0,0,34.011299917066964,4,1
2,0,2,0,29.567722700234985,4,0
0,0,0,0,13.218741011091964,8,0
4,1,1,0,22.691396011231117,10,1
22,1,0,0,26.231663942939647,10,1
13,1,1,0,41.86705925492073,7,1
6,1,0,0,15.715453098356889,10,2
8,0,0,0,41.4375605491236,7,0
14,1,3,0,22.036793095342205,7,1
14,1,2,0,16.410255554362283,2,0
9,0,2,0,23.251490627967872,9,1
12,0,2,0,29.64784396911415,6,1
18,1,0,0,16.831916605151868,2,2
6,0,0,1,19.326050665668088,1,1
16,1,0,0,37.34548805552927,1,2
19,0,1,0,41.96830277340377,1,0
3,0,1,0,20.181526127949645,4,0
4,1,3,0,14.763417726398089,4,0
22,0,0,0,35.38146623980933,9,1
6,0,2,0,29.214581992804646,1,0
12,0,2,0,13.212836588019236,3,1
14,1,3,0,40.29668740595267,3,0
10,0,2,0,12.497584908796544,8,1
3,1,3,0,30.011404852276517,2,0
12,0,0,0,23.565992188594606,6,1
6,1,2,0,27.811965383677947,4,0
18,1,0,0,16.822854261124622,10,2
21,0,1,0,32.01953277602085,6,0
1,0,2,0,40.71103005226687,5,0
9,0,1,0,24.6696279694373,9,1
12,0,2,0,26.73466488218327,9,1
20,0,0,0,17.673973458204202,1,0
5,0,3,0,38.53977548003459,3,0
11,0,0,0,41.07758096447866,1,0
11,0,0,0,35.16150032275374,6,1
19,0,0,0,27.36875206911373,3,1
10,0,2,0,40.61749838427618,1,1
22,1,3,0,14.923201771752858,6,1
6,0,1,1,25.31170751664699,5,1
0,0,0,0,27.203382615245218,8,0
0,0,2,0,25.741325432076057,2,0
19,1,1,0,35.67738518971851,8,2
12,1,0,0,31.45289251252365,5,2
8,1,1,0,14.053070909384374,8,1
2,1,0,1,21.086441834977933,10,2
6,0,1,0,20.850459148380363,4,0
5,1,1,1,28.100230169373717,4,0
7,1,3,0,19.3266693650527,10,1
8,0,3,0,13.75269662572514,4,0
4,1,0,0,30.917845301028333,6,1
0,0,2,0,37.23318203312072,4,0
18,0,3,0,39.81145905490956,9,1
9,0,1,0,41.12250936510323,9,0
11,0,3,0,34.995739078688445,3,1
23,1,3,0,14.470477705340869,7,0
14,0,0,0,37.29957837557518,5,1
21,0,3,0,22.798722348239167,9,1
23,0,3,0,33.357162041355636,2,0
8,1,1,0,27.000576158746746,3,0
19,0,3,0,36.51539627676108,10,2
16,0,1,0,23.616183450870036,5,1
16,1,3,0,11.977401943680665,5,2
19,1,3,0,27.818358748239067,10,2
11,0,2,0,15.481297749365542,7,1
6,1,3,1,40.896564235293525,8,2
1,1,1,0,26.86281810641573,8,0
2,1,1,0,27.713881402792335,1,0
16,0,0,0,39.03250281007416,1,1
4,0,0,1,29.986727844837596,3,0
16,0,2,0,19.68734007007063,1,0
23,0,1,0,19.475027741227876,1,0
16,0,1,1,26.050516797006598,10,2
16,0,1,1,37.73146332573309,8,2
1,0,2,1,35.43133890356091,1,0
1,0,1,0,40.80769875381903,9,0
21,0,0,0,12.300355931270516,2,0
22,1,2,0,18.586434206858836,9,2
4,0,0,0,12.566646650039232,7,0
0,0,0,0,34.03453420487796,9,0
0,1,2,0,14.506678052812276,3,0
18,0,3,0,13.196362175923415,1,0
1,1,3,0,27.973510627185842,1,0
20,1,0,0,23.16751078781307,10,2
11,0,3,0,32.88324284039895,6,1
5,1,1,0,25.584492534408735,7,0
22,0,2,0,23.610707070094488,9,0
3,0,0,0,23.61601435990307,6,0
22,0,1,0,37.900044172763344,5,0
10,0,3,1,22.647220823118925,2,2
23,1,1,0,20.66870808862827,2,0
16,0,3,0,20.83312246472734,8,2
5,0,0,0,16.29122549807649,1,0
23,0,1,0,37.54204321836767,8,0
4,0,2,0,14.69218608088261,10,0
19,0,0,0,39.07554360958737,7,2
1,0,1,0,19.0709671011522,7,0
5,1,1,0,38.7816583095631,5,0
21,0,3,0,35.306261018066465,3,0
10,0,0,0,28.623600670411477,7,1
15,0,0,0,31.423040125395172,7,1
15,0,0,0,20.427010906397687,7,1
0,1,0,0,28.375315658485196,2,0
8,0,3,0,19.356892823254306,3,0
5,0,2,0,22.872730044494773,3,0
15,0,0,0,34.46920176733583,4,0
2,1,3,0,17.80584204192692,9,0
19,0,2,0,36.84307250680121,10,2
3,0,2,1,22.02825131727989,1,0
18,1,3,0,27.02943874739779,7,2
2,0,0,0,40.142735602011946,7,0
18,1,2,0,31.800180165979995,4,2
19,1,0,0,30.659331611028076,1,2
6,0,0,0,32.77144728336093,3,0
19,0,1,0,39.37956284033797,5,1
8,0,0,0,17.952438695088347,2,0
0,0,1,0,29.62371858557883,7,0
7,1,2,0,22.812603340276873,10,2
6,0,3,0,10.379369382727806,10,1
17,0,1,0,14.009628684995494,7,2
7,1,3,0,20.39974064843483,10,1
0,0,2,0,28.079999077821302,5,0
10,0,0,0,38.20719285428069,10,2
17,0,2,0,35.31565178244607,6,1
22,0,3,0,27.706677517528654,1,0
9,1,2,0,12.363853373038964,4,0
2,0,0,0,19.149001292639316,4,0
6,0,2,0,21.734676732551804,8,1
15,0,0,0,29.894949926522962,2,0
15,0,1,0,12.077555935354916,1,0
19,0,3,0,26.966193744015147,7,1
16,0,0,0,38.846866436630634,6,2
1,0,0,1,32.57384626231689,5,0
0,1,2,0,35.5064578100082,8,0
15,0,1,0,31.81362074749035,2,0
11,0,0,0,16.61085158952295,2,1
4,0,1,0,13.535482242112597,9,0
4,1,1,0,36.54370153615709,1,0
22,0,2,0,32.256141952496904,6,0
8,0,0,1,28.401969882123783,3,1
8,1,2,0,16.05705167898387,5,0
2,0,3,0,29.30703888997611,8,0
18,0,3,0,11.002297127109113,7,1
15,0,0,0,13.802852300606702,4,0
15,0,1,0,19.980484793741585,8,0
2,1,0,0,24.19962487715726,10,1
19,0,0,0,13.858063866304011,2,1
23,0,3,0,13.838085883441146,7,0
21,1,3,0,33.228597138676335,5,1
23,0,1,0,28.23102100907154,6,0
0,0,1,0,27.07974338488528,3,0
23,0,0,0,24.4779038437616,10,0
19,0,2,0,41.24937940302604,7,1
10,0,0,0,11.593609052620057,7,2
16,0,1,0,15.780069637170477,2,1
7,0,2,1,30.720248236839595,1,1
3,0,3,0,14.363700923239723,10,0
5,1,1,0,28.86019001629356,2,0
7,0,1,0,28.16835921539456,8,1
19,0,2,0,41.072165876468546,10,2
2,0,1,0,38.26836758556871,3,0
15,0,1,0,40.25770700055848,4,0
2,0,1,0,13.635275823167348,8,0
17,0,1,0,37.78074999213404,3,1
13,0,1,0,14.130901175305791,6,1
17,1,1,0,30.253829713407647,2,1
1,0,1,0,33.04250114169607,3,0
21,1,1,0,15.147311940777147,1,0
2,0,3,0,30.24510002974527,9,0
15,1,1,0,11.67873577318381,4,1
8,0,3,0,19.384514743770566,6,0
3,1,3,0,39.47707180589173,7,0
0,0,0,0,15.495397212859814,2,0
3,0,0,0,12.08863975841048,8,0
0,0,3,0,24.1977023889747,9,0
13,0,3,0,37.21978267287269,10,1
20,0,1,0,12.453516222985279,2,0
15,0,0,0,21.377131687373073,5,0
19,0,2,0,38.79279470589844,2,0
23,0,0,0,13.780977598222538,5,0
7,0,3,0,19.94139218918229,7,0
6,0,3,0,34.90945956914253,6,0
2,1,1,0,27.38275158844174,4,0
16,1,1,0,36.63466050027466,2,2
0,1,0,0,13.571052577561549,7,0
15,0,1,0,39.45773348415113,10,0
11,1,2,0,39.91717742448668,9,2
18,1,2,1,14.970016644694603,1,2
21,0,1,0,11.084014861016001,3,0
22,0,2,0,41.6749242225782,7,1
21,0,2,0,25.43205095367758,9,1
13,1,0,0,28.306412929133803,5,1
5,0,2,0,29.70895147733044,7,0
5,0,3,0,35.269390808976084,10,0
12,0,3,0,35.983615009469375,7,1
18,1,0,0,16.205607178232764,4,2
21,1,1,0,17.57237570027285,5,0
7,1,0,0,38.0586569262839,2,1
1,0,1,0,36.22456335201876,8,0
20,0,1,0,29.76382020972657,1,0
0,0,1,0,41.83037309199519,2,0
14,0,1,0,33.52588619364236,3,0
0,0,1,1,16.906776580167964,7,0
4,0,0,0,37.092610058645704,6,0
15,0,1,0,23.27144436384448,7,1
18,0,2,1,11.156885137321254,5,2
3,1,2,0,20.28548088997346,4,0
2,0,1,0,34.43363948990033,7,0
16,1,2,0,40.72659862996714,3,2
16,0,3,0,18.836365321702203,10,2
11,0,0,0,17.88852238111088,7,2
13,0,0,0,28.035730739145603,2,0
20,0,1,0,35.973884789198294,8,0
5,0,1,0,33.88882182915029,6,0
2,0,3,0,27.91868488201013,3,0
8,0,1,0,30.204469811663312,3,0
4,0,2,0,17.74716663444301,5,0
23,0,3,0,23.84237648010722,3,0
16,1,2,0,18.171700048649598,6,2
13,1,0,0,38.301375195028406,2,1
20,1,2,0,13.601744235696504,8,1
2,0,0,0,31.751697851403865,9,0
0,1,2,0,18.32906230928075,7,0
19,1,0,0,25.218477110990925,3,2
20,0,1,0,19.58120896789225,10,0
22,1,2,0,20.343850145903094,4,0
0,0,0,0,18.332576435552703,10,0
2,1,2,0,34.08937347825403,2,0
17,1,3,0,21.702907429729507,9,2
9,0,1,0,33.24342456685065,5,0
21,0,0,0,24.594237763328408,2,0
2,1,3,1,27.511873347209193,10,1
7,0,2,0,27.385199222831595,6,0
13,0,3,0,41.22726653899484,7,0
23,1,2,0,21.74599858275044,2,0
17,0,1,0,16.645891052723123,1,0
14,0,3,0,39.17734209173127,7,0
21,0,1,0,15.594857258098344,1,0
22,0,0,0,36.70153106701903,3,0
1,0,2,0,14.806876654941625,4,0
9,0,2,1,31.079178695277,2,1
1,0,1,1,14.817306024465154,7,0
16,0,1,0,39.538746215661746,5,1
7,1,0,0,28.0802650448906,1,0
0,0,3,0,20.536762852482802,8,0
8,0,2,1,14.490328798835037,10,2
10,0,2,0,21.878151556671806,7,1
21,0,0,0,32.56064111580197,4,1
15,0,0,1,22.31842828571351,2,1
6,0,1,0,17.87501235505421,7,0
9,1,1,0,28.47710234540215,2,0
22,0,3,0,23.370299290787827,6,1
2,0,0,1,15.305799552969354,1,0
17,0,3,0,14.927615688878618,7,1
23,0,0,0,32.63878368709935,7,0
12,0,2,0,41.18950065652021,4,1
6,0,0,0,17.459010267585803,4,1
3,0,0,0,34.740755226607675,10,0
12,0,2,0,12.803414478414886,5,1
19,0,0,1,22.210429409669814,2,2
0,0,3,0,26.214020889864223,9,0
7,0,1,0,18.599902249272585,10,1
13,0,1,0,26.946509328456013,4,0
15,0,3,0,38.24366168524334,9,1
13,0,2,0,40.22201479535979,3,0
11,0,0,0,13.217822539937583,9,2
18,0,3,0,18.699069887494474,1,1
22,0,1,0,41.3322853605672,7,0
14,0,1,0,18.653389132871798,4,0
1,0,3,0,32.16663523659011,7,0
1,0,1,1,18.11051820385167,10,1
22,0,3,0,21.403698986273223,6,0
21,1,1,0,16.12092761270072,4,0
18,0,3,0,37.40160619830864,4,1
21,1,0,0,38.24476044222413,8,2
21,0,0,0,19.50120025329381,7,0
16,0,0,0,36.35487437346016,4,1
19,0,0,0,21.46373280118349,6,1
9,0,1,0,13.168621532645066,6,0
5,0,2,0,34.25844471334635,1,0
14,1,3,0,29.08627996476303,2,1
21,0,2,0,18.780238197464012,4,0
10,1,1,0,18.095991696379105,6,2
4,0,1,0,41.219947855434285,6,0
0,1,2,0,37.60003330857892,1,0
7,0,2,0,35.91354653996047,8,0
20,1,1,0,14.0965666765333,2,0
11,0,1,0,34.16599277594433,5,0
11,0,3,1,16.86528707850517,4,2
4,0,0,0,41.276446182663705,5,0
6,1,0,0,11.666854014792246,5,1
3,0,3,0,21.268431473927794,10,0
5,1,2,0,23.716730904918887,8,0
12,0,1,0,36.37449316999214,10,1
19,1,2,0,34.51913017612948,7,2
14,1,0,0,21.999748638290868,9,2
2,1,0,0,28.097929390657306,1,0
22,0,2,1,36.73904523544737,6,1
7,0,0,0,10.582386948833687,6,1
19,1,1,0,35.66969918478311,2,1
15,0,3,0,40.30067281094534,8,1
12,0,2,0,11.026064687493477,6,1
17,0,1,0,11.458591586501843,10,2
9,0,1,0,21.024448178112642,9,0
18,0,0,0,12.808626040565585,10,2
16,0,1,0,25.336834569404424,5,1
23,1,2,0,33.31874192287292,7,0
18,0,1,0,28.140775521018167,6,1
22,1,3,0,16.28582109032769,5,1
4,0,1,0,30.953961600971446,6,0
20,0,1,0,31.915343333725307,4,0
22,0,3,0,39.83827058192047,3,0
8,0,1,0,14.69750071606557,1,0
11,1,1,0,32.154757277111145,1,1
20,0,0,1,39.165671003300716,6,2
0,0,2,1,26.050052906260294,9,1
0,0,0,1,21.577589755617804,8,0
14,0,2,0,15.463983815077064,2,0
1,0,3,0,37.737180367672245,9,0
21,0,3,0,22.615883994899022,8,0
15,0,3,1,39.596238184566154,9,2
7,1,2,0,37.12826554018484,4,0
12,0,2,0,22.052475257510263,9,2
20,0,2,0,28.3652578862804,2,0
0,0,3,0,10.869569161405487,1,0
15,1,2,0,18.42308489174831,9,1
6,0,1,0,32.72873115421599,10,1
4,0,0,0,31.693150267080537,8,0
21,0,3,0,21.307822705336033,7,0
22,1,0,0,35.875457021102605,8,1
2,0,1,0,17.546753660795876,1,0
11,1,2,1,24.760657060872692,9,2
15,0,0,0,25.120980329948825,10,1
18,0,1,0,20.906136603840547,9,2
4,1,1,0,40.549315236005356,9,0
21,0,0,0,32.29388907248324,6,1
13,1,3,0,27.25437873047365,4,1
4,1,0,0,26.336482988436753,2,0
14,1,3,0,15.09747495907509,4,1
16,0,2,0,21.909980706179145,7,1
13,1,3,0,31.528746071331437,1,0
19,0,2,0,39.58624702997548,9,2
4,1,0,0,36.12684990053883,3,0
11,0,2,0,19.612473726719077,4,1
15,1,1,0,23.886612022077866,5,1
15,0,2,0,12.653360662809426,3,0
20,0,3,0,13.269514337138585,4,0
6,0,3,0,25.047372383958884,5,0
3,1,3,0,26.967021018147204,1,0
0,0,2,0,18.448867062301247,9,0
4,0,3,0,30.56904605395012,10,0
22,1,3,0,32.508181938564405,10,1
9,0,1,0,19.571716211582647,4,0
21,0,2,1,34.26959122264134,9,2
4,0,1,0,16.579357409252268,4,0
3,0,3,0,27.416044072818362,1,0
1,0,3,0,35.73699499398954,5,0
19,0,3,0,27.18429074184177,9,2
9,0,2,0,39.05480699267362,3,0
18,0,0,0,11.872039451988346,5,1
0,1,3,0,28.826043055727098,3,0
23,0,3,0,27.976174481420482,3,0
4,0,3,0,31.13130651336591,1,0
12,1,3,0,36.66901883776984,2,1
3,0,2,0,33.22729869882864,2,0
15,0,0,0,35.28904753193093,9,1
23,1,0,0,19.24213522296389,7,1
15,1,0,0,22.399916114206867,8,2
22,1,3,0,30.05686316947937,2,0
1,1,3,1,27.710767101597927,9,2
16,1,0,0,40.75532399905717,3,1
19,0,0,0,15.97870399790142,10,2
23,1,3,0,21.240907918436534,2,0
11,0,3,0,28.328167465115353,1,0
17,1,1,0,37.77484063795686,9,2
2,0,1,0,39.73915279011173,8,0
0,0,1,0,20.753162586483153,4,0
0,0,0,1,12.147470768843252,7,1
18,1,2,0,23.491830333509924,3,2
10,0,3,0,22.619012583472227,3,1
4,1,1,1,41.567586173750065,4,1
11,1,2,0,23.79395981730526,2,1
2,0,3,0,19.783135977703342,10,0
0,1,2,0,21.69207598511789,4,0
0,1,0,0,22.701640979962043,10,0
7,0,0,0,36.28929223029171,3,0
9,0,0,0,12.592476570600454,8,1
10,0,1,0,20.128225564000854,2,0
11,0,3,0,40.92219174102719,9,1
12,0,0,0,14.899280153561598,3,1
11,1,1,0,33.76324228904288,4,1
13,0,1,0,21.404592038345292,10,1
1,1,1,0,28.617136838224813,10,1
18,0,1,0,13.185537232284226,3,1
17,0,0,0,19.80517335532629,3,2
2,1,1,0,26.027678133148424,8,0
22,1,0,0,17.41442106162747,8,2
16,0,0,0,27.33983817770087,6,1
7,0,1,0,17.032298050006922,4,0
9,0,0,1,30.803217684817724,1,1
1,0,3,0,38.939338888010056,4,0
18,0,3,0,12.735636395250285,8,1
8,0,2,0,16.931713144834763,6,0
6,0,3,0,37.02153687233056,2,0
3,1,0,0,30.20971153414264,3,0
20,0,0,0,12.518685348562087,7,0
17,0,3,0,25.56320368350385,4,1
12,0,1,0,16.71227248036272,4,1
10,1,1,0,16.37108461024223,5,1
23,1,0,0,40.10065098753676,8,0
3,0,1,0,34.36932953843549,7,0
20,1,2,0,32.2793789927726,9,1
3,0,2,0,17.645722146491476,5,0
9,0,3,0,13.794349857310415,1,0
4,0,3,0,37.8666438811312,4,0
8,0,1,0,10.18814621895843,6,0
23,1,0,0,22.419085558432627,6,0
2,1,3,0,18.883600094762674,9,0
16,0,2,0,28.252038411162356,10,2
2,0,3,0,18.01626994834671,5,0
15,0,3,0,19.958571498505854,5,0
3,0,2,0,37.201275359782194,6,0
17,0,0,0,29.3020423489446,6,1
16,0,3,0,14.661840874539788,3,0
6,0,3,0,33.24708939186661,6,0
23,0,3,0,16.63869444735611,8,0
22,0,1,0,23.856157763599363,6,0
4,0,3,0,30.691431578857387,5,0
11,1,2,0,18.701745198639593,3,1
16,0,0,0,22.29141806962535,1,1
22,1,0,0,33.49278711373283,5,1
12,0,2,0,40.01315050957899,6,1
22,1,1,0,26.935841822703136,6,1
2,1,2,0,10.319071089811928,6,0
8,0,0,0,20.830840039738575,3,0
16,0,2,0,22.756298715057103,4,1
16,1,1,0,20.85355584007181,3,2
19,0,0,0,23.960603555698007,2,1
15,0,1,0,30.24532012218879,8,0
21,0,2,0,13.876096863928101,7,0
12,0,3,0,18.724176283760176,8,1
18,0,2,0,26.244738752563986,6,1
16,1,1,0,20.098345861759203,7,2
3,0,2,0,41.714730820331496,1,0
11,0,3,0,23.805806945199624,10,1
8,1,1,0,37.83357291495092,5,0
18,0,2,0,38.68831473964366,4,1
11,1,1,0,36.7522239911152,10,2
8,0,1,0,11.50074371024537,3,0
6,0,0,1,40.327895411627246,2,1
13,1,0,0,14.119761988261661,9,2
19,0,1,0,11.100916086857424,8,1
18,1,2,0,23.25982745300984,10,2
14,1,2,0,16.228289048251394,2,0
15,1,2,0,15.894288949223558,6,1
20,0,3,0,19.21022762803682,3,0
4,1,1,0,17.948979367899355,3,0
2,0,1,0,31.9134528688049,5,0
11,0,3,0,15.976873812354242,7,1
19,1,1,1,27.379785766312274,7,2
20,0,1,0,41.56564947659295,10,1
3,1,3,0,23.836237470601244,1,0
20,1,0,0,30.539939481453967,7,2
22,1,1,0,41.01989368735596,7,1
15,0,3,0,14.404447937323656,6,0
6,1,2,0,23.39542429737758,6,0
12,0,0,0,37.20615680624813,2,0
20,1,2,1,39.83378184783615,3,2
9,0,1,0,29.239553854684964,3,0
6,0,0,0,14.589459281287148,3,0
13,0,3,1,38.84709068632496,2,1
4,0,1,1,15.582290118110162,9,1
2,0,3,0,21.292091146627794,6,0
22,1,0,0,22.016255288392376,2,1
10,0,2,0,24.313329275924097,3,1
10,0,1,1,35.28530610979038,10,2
17,0,1,0,35.66862009927951,6,1
14,0,3,0,33.028962344899654,4,0
11,0,0,0,10.708117581490612,7,1
8,0,3,0,28.07504327094885,6,0
9,0,0,0,33.9197745882048,6,1
11,0,1,0,24.22800768196937,3,0
16,0,0,1,40.23795345169269,8,2
5,0,1,0,36.36193670017123,9,0
6,0,0,0,30.420962095578584,6,1
13,1,2,0,11.997605877840428,2,0
12,1,0,0,30.875079922660422,1,1
7,0,2,0,39.170547240071,3,0
9,1,0,0,22.142252380190445,3,1
8,0,0,0,36.82024081937155,8,0
17,0,3,0,20.021156571589728,5,1
1,1,3,0,28.24330532951369,1,0
4,0,1,0,30.749581387865035,4,0
4,1,3,0,31.695841201884637,7,0
5,0,0,0,38.24157806285914,5,0
18,0,3,0,17.507912544201027,10,2
7,0,0,0,18.39582672924719,6,0
15,1,2,0,32.52931178594358,10,2
12,0,0,0,15.670201999489219,4,1
0,0,1,1,24.85665295884673,2,0
21,0,2,0,10.641100290470884,9,1
19,0,1,0,14.511338783683652,2,1
16,0,1,0,31.723084320923565,2,1
6,0,1,0,33.91877131141612,2,0
12,1,3,0,13.690209063612059,1,0
3,0,1,1,17.286705613158304,3,0
3,1,2,0,13.164942289185635,6,0
5,1,0,0,23.869211005603738,7,0
18,0,1,0,14.035714263828265,1,0
11,0,2,1,23.99347254934048,5,2
21,0,1,0,33.42714418563621,5,0
6,0,0,0,31.86843626058936,1,0
9,0,2,0,18.974735579259047,4,0
18,0,2,0,31.56040157590184,10,2
6,0,0,1,39.686788188786466,1,1
2,0,2,0,21.120780386717296,1,0
12,0,0,0,20.53181291832341,7,1
12,0,2,1,28.28603684742456,7,2
17,0,2,0,17.856057952879098,3,1
19,1,0,0,30.850525695368063,7,2
7,0,0,1,36.63237666151939,3,2
8,0,2,0,24.698192163156225,2,0
6,1,2,0,31.744234397708237,10,1
0,0,0,1,30.86033356425585,4,0
2,0,3,0,11.237297979122864,10,0
12,0,0,0,15.869321445624845,3,1
16,0,2,0,38.592960058180154,7,1
23,0,2,0,40.04454871568062,1,0
0,0,2,0,34.97406847715767,6,0
5,0,0,0,39.47994074648623,2,0
20,0,2,0,19.796756829394393,8,1
5,1,3,0,17.926751096929504,5,0
11,1,1,0,22.29760600193664,3,1
12,0,3,1,11.770943953614491,10,2
12,1,0,0,35.91589180932249,7,2
14,0,2,0,41.49361552368247,2,0
20,0,0,0,36.36893735797152,5,0
15,1,1,0,27.75921071528154,8,1
21,0,0,0,19.449023055454393,1,0
20,0,2,0,16.32633243339458,1,0
10,0,1,0,21.65001189749312,3,1
4,0,1,0,31.343024945542602,3,0
3,1,2,0,24.305969777306355,7,0
2,1,2,0,39.889914242703554,6,0
18,1,2,0,37.33505097490344,7,2
19,1,0,0,13.276819710812767,4,2
17,0,3,0,14.20880716434272,2,1
14,0,0,0,31.639653929603547,2,0
8,0,0,0,17.384588479371338,10,1
16,0,3,0,35.31295606437604,1,0
13,0,2,0,28.9234605544433,9,0
14,1,2,0,17.3545768874672,7,1
0,0,3,0,25.317977519378918,10,0
20,0,3,0,22.994441355745067,3,0
21,0,0,0,37.94109949406095,2,0
21,0,1,0,11.029199199265609,3,0
2,1,3,0,38.667004494937274,7,0
15,0,0,0,30.866645852151787,5,1
22,0,1,0,33.60122200154812,3,0
10,1,2,0,10.08343882856428,9,2
11,0,2,0,30.103661889191436,2,0
9,0,0,0,28.831557238752833,7,1
15,0,0,0,27.190577804361595,10,1
7,1,3,0,35.147739414588315,6,1
5,0,2,0,27.787875084688167,6,0
11,1,0,0,37.42711006591544,7,2
23,1,2,0,17.444207565108428,6,0
20,0,2,0,35.791442847094395,2,0
7,1,3,0,15.738008730393783,5,1
3,1,1,1,36.019769343007354,3,0
7,1,3,0,40.09483260251417,9,1
17,1,0,0,20.74221255393229,8,2
4,0,3,0,26.956362047366042,10,0
8,0,3,1,31.066528733540725,2,1
3,0,2,0,12.543093307343828,1,0
21,0,3,0,25.810582982531848,4,0
16,0,0,0,21.538719250823895,4,1
8,1,1,0,37.91858020004186,10,2
0,1,3,0,38.05374459866644,2,0
20,0,3,0,32.42494526551158,7,1
19,1,1,0,30.983183186959945,3,1
12,1,0,0,33.47803069682742,7,2
15,0,0,0,21.711580832089826,7,0
12,0,3,0,22.944615896020014,1,0
13,0,2,0,27.71855113243857,6,0
2,1,3,0,40.01690007566296,4,0
5,0,1,0,33.167995971826,8,0
17,0,1,0,27.631655823879147,8,2
18,0,1,0,34.653216476694865,3,0
4,1,3,0,21.868489991629602,4,0
14,1,3,0,33.37493443661986,1,0
1,0,0,0,23.14163994504641,10,0
9,1,2,0,18.949165024479555,2,0
23,1,3,0,29.51116952071336,7,0
17,1,0,0,31.980081908805904,7,2
12,1,3,0,24.697393957746055,9,2
4,1,0,0,28.096023403376048,10,1
22,0,0,0,32.21011439539062,9,1
23,0,2,0,34.566721649840304,9,0
0,0,3,0,38.65828733065844,6,0
21,0,0,0,21.3454146004585,8,1
0,0,1,0,40.447272091283,9,0
17,0,1,0,30.3929539239388,7,1
14,1,1,0,35.20646024636633,4,1
16,1,2,0,32.392609391406026,4,2
10,1,0,0,16.578295211149012,6,2
20,0,2,1,12.286028256282506,4,1
21,0,3,0,33.24116684857985,7,0
16,0,3,0,26.353685369426447,8,1
12,0,0,0,32.47082778906639,8,2
0,0,1,0,25.258969725294712,8,0
1,0,0,0,19.99150465332813,2,0
8,1,0,0,19.120573096306185,10,2
2,0,0,0,33.37702818783981,2,0
0,0,2,0,18.85696260690479,2,0
20,0,3,1,32.86965986961347,2,1
15,0,0,0,22.286724042156113,4,0
22,0,0,1,34.66874893820168,5,2
5,1,0,0,14.569917625045427,4,0
16,0,2,0,16.559358182539057,5,1
4,0,2,0,31.949171383045233,4,0
4,0,2,0,27.927395846344403,7,0
5,0,0,1,16.524106963891175,10,1
2,0,1,0,38.89046437525829,1,0
20,1,1,0,18.83021271720468,1,1
22,0,1,1,23.474284742196282,2,1
4,0,3,0,16.473214139921215,1,0
20,0,0,0,22.416883786928455,10,1
4,0,1,0,25.732696003567174,10,0
9,1,1,0,19.44790574441341,3,0
9,0,1,0,34.610997542287464,6,1
18,0,0,0,22.605855316679907,10,2
16,0,1,0,33.34431999868055,6,1
20,0,1,0,16.626309612487788,1,0
13,0,0,0,22.06513589738172,6,0
8,0,3,1,10.257865244657125,5,1
13,0,2,0,34.27640268523878,7,0
0,1,1,0,30.028372618575492,6,0
18,0,2,0,36.170346397454594,7,1
12,1,3,0,24.579545219286825,2,1
12,0,3,0,35.59170059881085,1,0
3,1,1,0,30.72264141667131,7,0
0,1,0,1,10.115613841095637,9,2
16,0,3,0,18.118217442832382,2,1
7,1,2,0,25.804523270599937,7,1
1,0,2,0,29.79799519078308,3,0
7,1,2,0,12.098907669268389,6,1
6,0,2,0,32.56255770188133,3,0
1,0,3,0,27.393155124712315,10,0
21,0,1,0,26.82493781818514,5,0
21,1,1,1,19.345457859133283,2,2
2,0,2,0,29.03433918369846,8,0
17,0,1,0,10.879772468216789,8,2
11,1,2,0,12.070410576127632,7,2
0,1,2,0,33.483842790810925,6,0
21,0,0,0,20.300522961086845,1,0
11,0,3,0,21.102946419983482,8,1
4,0,3,0,16.66832650420646,1,0
16,0,2,0,24.25986214719783,8,2
15,0,3,0,11.66378980516161,2,0
14,1,1,0,19.611623154275637,8,1
22,0,2,0,26.86796549688632,10,1
14,0,0,0,24.900221489892385,4,0
4,0,1,0,41.98942857993708,7,0
20,0,0,0,22.44046886774112,5,0
13,0,0,0,22.383969896137884,8,1
1,0,3,0,26.11461687726273,6,0
10,0,3,0,16.089699528679354,5,1
18,1,2,0,38.04174153469305,1,1
6,0,3,0,28.312569243662352,3,0
5,1,0,0,16.147444454381517,10,1
1,1,0,0,35.39013092390823,9,1
5,0,1,0,11.098629476571304,9,0
17,1,0,0,41.442054418733676,5,2
1,0,2,0,37.68477871268388,3,0
17,0,2,0,28.548462577088635,6,2
14,1,3,0,13.561461208226127,5,1
18,0,3,0,16.888728745269486,1,0
1,0,3,0,18.94192545003402,2,0
19,0,2,0,17.71301561291555,5,1
5,0,0,0,25.920640334510264,9,0
0,0,3,0,40.225931848548726,4,0
23,1,1,0,24.213522712569937,9,0
14,0,3,0,31.170066181548975,3,0
22,0,2,0,32.034662591322345,1,0
9,0,3,0,37.89058320814345,6,0
18,0,0,0,11.082281202288616,10,2
16,0,3,0,22.93856189912135,7,2
4,1,2,0,35.111523650755174,4,0
3,0,2,0,36.07574447889428,10,0
9,0,1,0,39.674643685568356,5,0
23,1,2,0,32.48941951417608,4,0
16,1,1,0,17.844926275351792,3,1
9,0,0,1,26.1813037787001,1,1
16,0,2,1,11.035049213404722,6,2
19,0,3,0,30.701706915143898,10,2
23,0,0,1,27.737446768280215,5,0
4,0,3,0,31.33876098436138,1,0
1,0,3,0,39.764497708403056,5,0
5,1,3,0,31.99285157505381,6,0
20,1,0,0,20.25439777199236,10,2
1,0,0,0,16.359573243845016,5,0
12,0,2,1,37.348358618196954,1,2
10,0,3,0,16.21862858476034,5,1
10,0,1,0,15.171506579051645,10,2
15,0,2,0,16.611586581791226,1,0
10,1,0,0,26.282907140176217,3,1
18,0,1,0,13.973998181102619,2,1
14,0,0,0,40.01978657909447,1,0
22,1,1,0,40.92011863168287,4,1
22,0,2,0,41.16165930505596,2,0
15,0,1,0,11.251993754231034,5,0
10,0,2,0,40.278320847361016,10,2
21,0,0,1,41.9172778437576,1,1
15,1,1,0,40.157731499055586,10,2
7,0,3,0,31.470044984406595,1,0
3,0,3,0,32.43936487707202,10,0
7,0,0,0,13.912094075950325,4,0
3,1,1,1,37.9775064663988,7,1
23,0,3,0,11.908466708120688,2,0
2,0,2,0,20.167377491764473,2,0
2,0,1,0,41.716852644741984,1,0
17,0,1,1,23.51449213129585,5,2
18,0,3,0,14.19699916688828,6,2
18,0,2,0,41.01742918557056,6,1
20,0,2,0,41.492468705335554,2,0
4,0,2,0,15.98536592763886,7,0
17,1,1,0,37.673721879685466,6,2
9,0,0,0,22.493546438204536,8,0
21,0,1,0,22.203790863574863,6,0
20,0,1,0,18.406324220700853,9,0
5,1,3,0,11.430728785756688,10,1
0,0,0,0,18.576287477927153,2,0
4,1,2,0,11.720860970657665,7,0
8,1,3,0,39.57990548351883,5,1
11,0,1,0,31.17506151656731,1,0
13,1,0,0,38.371924800524525,3,1
1,0,2,0,32.95330180705826,4,0
16,0,2,0,14.201179874644456,2,0
13,1,1,0,40.09860917552953,7,0
12,0,2,0,38.79657771624855,1,0
8,0,2,0,21.13843449283314,3,0
14,0,0,0,13.569066891253648,9,1
21,0,3,0,32.53295202524396,2,0
14,1,0,0,33.30756168757512,5,1
23,0,3,1,38.698529434902625,4,0
10,0,3,0,11.684984302434557,3,1
15,0,3,0,14.5345228168759,5,0
16,0,2,0,29.143961372133834,6,1
3,1,0,0,29.81220962784264,1,0
0,0,2,0,11.075509194080201,2,0
7,1,1,1,22.70182563397307,1,1
16,0,0,0,28.69317540083357,3,1
2,1,3,0,33.61316266085548,8,0
19,0,2,0,20.116822136906514,8,2
14,0,2,0,25.484911776698926,4,0
14,0,0,0,36.0497559139843,6,0
23,0,0,0,40.5246420447277,9,0
21,0,3,0,17.370069612475056,7,1
13,1,3,0,18.09735058623668,2,0
22,0,1,0,40.07418199788401,2,0
13,0,3,0,22.669156824405874,3,0
23,0,2,0,32.98714638466377,8,0
1,0,1,0,29.59248731935604,10,0
12,0,1,0,19.1388057534098,9,2
13,1,1,0,30.913991102656798,3,0
23,1,0,0,30.978108830623146,9,0
18,0,3,0,28.95818193309044,10,2
6,0,1,0,13.189146395184412,8,1
2,0,0,0,41.84549831596921,5,0
14,0,0,0,22.813326757466477,10,1
22,0,1,1,30.424031532703644,3,1
13,0,1,0,38.34437421160382,7,0
10,0,2,0,23.545231629434763,9,1
14,0,1,0,34.76560181777755,6,0
12,1,2,0,41.098381589740995,3,1
17,0,1,0,21.485912328097545,5,1
5,0,1,0,22.968626247447574,7,0
2,0,3,0,38.9784338878902,8,0
18,0,1,0,15.108571770085856,4,0
14,1,1,0,10.915034827502154,2,0
22,1,2,0,39.08444815517158,10,1
4,1,2,0,36.29093037176257,2,0
9,0,3,0,41.122657041642626,3,0
6,1,1,0,11.863609046741704,8,1
16,0,1,0,14.997674574111592,1,0
6,1,2,0,13.370001890873883,7,1
21,0,0,1,31.869316233398695,6,2
11,1,0,0,29.392322359908583,2,2
16,1,0,0,21.49872638039231,9,2
12,1,2,0,11.83755134087184,5,2
19,0,2,1,30.46918348948931,2,1
3,0,0,0,28.243855523681813,3,0
9,1,0,0,13.612902753939704,7,2
2,0,1,0,39.08511054315885,7,0
8,1,2,0,16.366390709503698,10,2
12,0,2,0,33.792292868603404,1,0
17,0,0,0,38.32242760137434,10,2
14,1,0,0,28.54319970219867,4,1
3,0,3,0,17.899164969544042,6,0
14,0,2,0,19.895952564004524,8,1
21,0,3,0,38.343921079002634,3,0
1,0,1,0,19.54422900404751,3,0
14,1,3,0,33.87809546615374,8,1
7,0,0,0,41.685286792172974,8,1
7,1,2,1,41.99413501960569,8,2
16,1,2,0,27.071351944618606,1,1
11,0,3,0,36.44978549715513,8,1
18,1,3,0,41.687995773478384,8,2
9,0,1,0,21.98953247494343,2,0
8,0,1,1,18.077106722249788,9,2
4,1,0,0,13.655467386949862,7,0
5,0,0,0,14.508788418340036,8,0
19,0,0,0,37.31380363586123,2,1
1,0,3,1,28.83913888982637,4,0
23,0,3,0,37.95869361255954,7,0
12,0,2,0,35.26256284902939,6,1
5,1,0,0,31.55982816153657,7,1
4,0,3,0,29.497990141019542,1,0
0,0,2,0,11.546844933698974,8,0
20,0,0,1,37.91280627210215,7,2
21,0,1,1,23.370945973750857,4,1
20,0,1,0,27.913179426284543,1,0
5,0,3,0,10.702512060064663,8,0
5,0,2,0,39.954352059609185,10,0
22,0,1,1,38.88769475494405,7,1
15,0,2,0,27.38489695737938,8,0
3,0,2,0,28.473972261387438,10,0
10,1,1,1,32.56055079691164,1,2
23,1,2,0,18.470236685956802,5,0
22,0,1,0,17.101299926825682,9,0
8,1,3,0,31.568734291252248,5,1
22,1,0,0,13.341518277085061,10,2
2,0,0,0,24.529984151148184,3,0
18,0,3,0,25.76833356797088,9,2
7,1,1,0,22.202783261285376,9,1
4,0,1,0,15.92858162232751,4,0
3,0,1,0,21.37012045841135,4,0
23,1,1,0,20.8018321139344,8,1
5,0,3,1,25.976501588760012,7,0
1,0,0,0,31.58978693051262,5,0
19,1,2,0,40.98352395283746,6,2
10,0,2,0,14.613224325578503,3,1
3,0,0,1,37.93654751811462,6,1
14,0,3,0,19.093696012488397,8,0
5,0,2,0,28.92392864004498,10,0
21,1,0,1,27.49558233548378,9,2
16,0,3,0,27.822349396104414,3,1
23,0,2,1,33.14747557500201,8,0
5,0,1,1,22.21402578396787,3,0
18,0,1,1,20.21119882357938,2,2
1,0,3,0,37.29070634193528,5,0
14,1,1,0,17.04304128877665,4,1
10,0,3,0,15.767873193956579,5,1
7,0,0,0,10.499437972968348,6,1
18,0,0,0,16.738489024933976,3,1
12,1,2,0,26.593005866134668,1,1
11,1,3,0,27.232283936451633,4,2
4,1,2,0,18.1414557182571,6,0
5,1,2,0,12.312773441318395,2,0
21,1,0,0,33.8285054830466,2,1
3,0,2,0,34.25521115399359,1,0
18,0,1,0,41.93076468132997,9,2
19,0,2,0,38.800946257110965,3,1
0,1,3,0,39.63398606456456,2,0
19,1,1,0,35.54252242380614,4,2
16,0,0,0,29.69609130823997,6,2
11,1,3,0,14.113470643344336,1,1
14,0,1,0,29.914025518588087,9,0
0,0,3,0,11.790587533268052,9,0
13,0,1,0,38.329571560678154,8,1
5,0,3,0,25.41828273325432,6,0
4,0,3,0,32.319130623225604,4,0
10,0,1,0,11.671797238270848,2,1
3,0,0,1,27.095949533530412,8,1
12,0,0,0,19.6404287313076,7,1
10,1,3,1,19.11898450359186,4,2
2,1,3,0,22.46898927050184,3,0
0,1,0,0,10.020462747537117,6,0
5,0,0,0,24.933148215045552,1,0
17,0,2,0,25.570133875454026,2,0
23,1,0,0,37.62018930685005,7,0
9,0,3,0,24.352819452239437,3,0
4,0,1,0,21.63380140376553,1,0
22,0,0,0,41.83190564359883,2,0
9,0,2,0,28.27882638727988,10,1
11,0,2,0,25.123622676292463,10,1
1,0,2,1,25.86994670554814,9,0
12,0,1,0,35.89380152028176,7,1
7,0,0,0,20.901643807045147,7,1
1,0,0,0,22.45313480595026,10,0
19,0,0,0,34.18794749879889,8,2
0,0,1,0,12.335479667640623,8,0
4,0,1,0,37.68541306058428,9,0
8,0,3,0,23.766486286975038,2,0
16,0,2,1,28.60137521618075,8,2
8,0,2,0,34.239237096314724,8,0
10,0,0,1,18.513661518059035,5,2
14,0,1,1,38.49005466626083,5,1
23,1,1,0,41.33519911221154,4,0
5,0,0,0,25.816779564995986,5,0
22,0,0,0,39.98199568104555,2,0
2,0,3,0,10.036115920863448,2,0
16,0,2,0,38.6156105483369,5,1
4,0,2,0,19.953450232041778,3,0
11,0,2,0,19.967853591283262,1,1
17,1,3,0,17.29884367263806,9,2
13,0,0,0,20.14444483682886,2,0
20,0,0,0,16.831506678356323,10,1
23,0,2,0,38.987811401919096,2,0
10,1,2,0,38.76875927082773,4,2
8,0,3,0,13.27076207745992,2,0
1,1,1,0,14.571469723727759,7,0
11,0,1,0,37.58459644834133,10,1
2,1,2,0,22.76600866792787,1,0
2,1,3,0,15.416693674856905,2,0
0,0,2,0,26.34142087797015,5,0
7,0,1,0,23.33337759744304,2,0
21,0,2,0,17.013169719614886,9,1
7,0,1,0,33.064070984884296,4,0
10,1,1,0,30.20125799464739,9,2
8,0,1,0,13.189171633774098,1,0
4,0,0,0,39.61237485841096,1,0
13,0,0,0,27.871038903362212,1,0
2,1,2,0,18.006543586033338,4,0
20,0,1,0,16.601338082315632,9,0
4,0,0,0,14.35033540391045,8,0
4,0,2,0,23.588397004491224,7,0
18,1,2,0,14.337312418906777,1,1
13,0,2,0,23.306125203047237,3,0
3,0,2,0,14.760653703491766,9,0
12,0,2,0,31.01784068876446,9,2
9,0,3,0,35.127744693963464,5,0
17,0,1,0,27.584727920728277,6,1
7,1,2,0,31.761819995356714,6,1
7,1,3,0,40.028119586689954,10,2
6,0,1,0,30.42788894625945,4,0
7,1,0,0,21.653062341884244,1,1
13,0,2,0,24.383365077597297,5,0
18,1,3,0,37.536807234305186,1,1
5,1,0,1,14.183050206403085,1,0
0,0,3,0,20.423584718413846,5,0
22,1,1,0,28.47296220705549,5,1
14,0,1,0,31.6444662210699,7,0
0,0,0,0,34.43197041381457,2,0
16,0,3,0,20.18261747187479,6,1
0,0,2,1,14.66749228829281,2,0
14,1,2,0,40.554854709649916,10,2
22,1,0,0,12.444550948225263,5,1
1,0,0,0,13.065771385180334,4,0
13,1,0,0,25.838161340863003,10,1
20,1,3,1,36.21667290059514,5,2
7,0,2,0,34.78413140337045,2,0
7,0,2,0,40.00637651821094,8,0
18,0,2,0,14.531282419615628,8,2
6,0,0,0,22.023272225997953,6,1
18,1,2,0,19.028548119094722,3,1
5,0,1,0,37.547843953749506,4,0
5,1,0,0,25.62734784899841,1,0
2,0,2,0,10.859133901301323,9,0
6,0,3,0,32.65486101882869,10,1
18,0,0,0,22.438339130451283,5,2
7,0,1,0,26.996696427872394,8,1
9,0,1,0,38.60119766431994,3,0
19,0,3,0,18.215608788249973,4,1
14,0,3,0,17.688469619589668,4,0
14,0,0,0,18.42216013376286,8,1
0,0,0,0,20.819455720310486,9,0
19,1,1,0,13.435327188675188,3,1
6,0,3,0,32.31102914587486,7,0
3,0,0,0,16.63675897053237,9,0
5,0,1,0,39.63666391265875,2,0
0,0,3,1,16.901962045115862,4,0
4,1,1,0,18.180544937880804,3,0
22,0,2,0,19.504647321946123,8,0
0,0,3,0,34.59321910436531,4,0
3,1,0,0,23.683407598144953,9,0
21,0,0,0,36.2187079689798,1,0
1,0,2,0,35.115318795385235,1,0
9,0,3,0,39.74369352855893,4,0
4,0,1,0,34.21133296332975,3,0
9,0,0,0,11.66115742941001,3,0
0,0,2,0,36.79300075836987,10,0
21,1,2,0,40.01832309457316,2,0
5,1,3,0,41.798054161589405,10,1
12,0,3,0,14.008563012238884,10,2
14,0,0,0,29.624744618449107,2,0
3,1,2,0,16.3826773082931,8,0
12,0,1,1,18.400308509203168,1,2
23,1,2,0,33.858698823131455,8,0
19,1,1,0,41.285366966369935,10,2
23,1,1,0,29.035376046816733,3,0
14,0,0,0,37.218703034311915,2,0
7,0,2,1,10.284281722522493,9,2
4,0,1,0,11.172212475187816,5,0
14,1,3,0,29.09517879442763,5,1
3,0,1,0,22.447459251214053,6,0
11,1,3,0,38.47225007914092,4,1
12,0,3,0,19.66342121874348,7,1
1,0,2,0,23.82563288012952,7,0
18,0,3,0,26.893094330610182,9,2
18,0,1,0,18.73724265235992,6,1
3,0,3,0,39.071835758505415,1,0
3,0,2,0,24.865074709059108,9,0
10,1,0,0,23.572979491808542,10,2
4,0,1,0,37.19209756589864,9,0
19,0,1,0,19.98330885273275,5,1
10,0,2,0,36.15889102435075,7,1
9,1,2,0,13.912731287083183,1,0
7,1,2,0,15.849233067676789,4,1
5,0,2,0,40.42693331749551,10,0
5,1,1,0,36.958319705846655,4,0
7,1,0,0,22.412764846605,5,1
22,0,3,0,30.430606358944942,6,0
14,0,3,0,40.17504606179058,4,0
13,0,0,1,16.779484891650696,6,2
10,0,0,1,11.888335047136021,10,2
11,1,0,1,27.19897806416977,7,2
12,0,2,0,14.563100117234985,3,0
7,1,1,0,15.994210966764005,9,1
17,0,1,0,38.52925407141054,8,2
0,0,1,0,10.236910676636523,1,0
14,0,2,0,36.13824084684379,2,0
7,0,1,0,26.542424842739443,2,0
10,1,2,0,27.897420404649612,10,2
11,1,1,1,31.4965747346036,9,2
11,0,0,0,23.80623975385633,9,1
3,0,3,0,13.699580422157272,9,0
15,0,3,0,13.290247161754362,1,0
3,0,2,0,34.139590373886165,7,0
4,0,1,0,17.073124584553117,3,0
23,0,3,1,10.899253875764614,9,0
4,0,0,0,41.34764445116612,8,0
7,1,0,0,41.37252861954219,3,1
9,0,0,0,22.100522795000956,1,0
16,0,2,0,10.816763025827623,9,1
8,0,2,0,33.27246907496799,10,1
21,0,1,0,36.592385935541415,1,0
18,0,0,0,14.000438083705912,3,1
13,1,1,0,14.33467567709556,6,1
7,1,1,0,36.3111679902973,6,0
8,0,0,0,39.50103643888751,10,1
21,0,1,1,35.30415477357279,4,1
10,0,3,0,16.423838373424946,2,1
22,1,2,0,23.16867902189507,10,2
0,0,1,0,29.22695762770925,6,0
13,0,0,1,15.129391162266518,10,2
4,0,2,0,16.739279764240266,5,0
20,0,2,0,19.05235430619376,6,0
13,0,1,0,26.304424649306767,7,0
3,1,3,0,26.345756389681522,9,0
21,0,1,0,36.05742461912168,7,1
22,0,3,0,34.09632642200402,4,0
0,0,2,0,39.23954160351815,10,0
21,1,1,0,36.65285513038708,5,1
22,1,0,1,18.12408154578095,6,2
18,0,1,0,20.601496617727996,9,2
7,1,3,0,26.01354379624108,5,1
14,0,3,0,10.456676306036627,5,0
20,0,1,0,38.92486420107909,7,1
14,0,3,0,11.419014801994855,2,0
8,0,2,0,20.318120666132362,3,0
20,0,1,0,28.213593318285014,2,0
8,0,3,0,26.570924435419705,10,2
9,0,1,0,30.94271657042799,10,0
19,1,1,0,26.88064560941469,2,1
20,0,0,0,17.3280456224971,3,0
8,0,1,0,16.4345020094039,6,0
2,0,0,0,39.031906210415954,5,0
19,1,3,0,18.446935575538962,5,2
10,0,0,0,18.99127148414443,2,1
5,0,0,0,23.214492675211027,2,0
1,1,0,0,14.462026468799166,1,0
6,0,2,0,26.232731021543692,3,0
17,0,0,1,31.281016374468205,7,2
1,1,1,0,35.15201574647574,5,0
16,0,0,0,32.76653573965533,7,2
10,0,1,0,14.724350850568438,9,2
11,0,0,0,24.594148639069566,6,1
18,0,2,0,11.23475842586171,2,0
21,0,3,0,10.569535895070377,1,0
23,0,0,0,24.08417338476162,1,0
6,0,0,0,18.09473582264413,10,1
19,0,2,1,31.86754543594761,9,2
5,1,0,0,33.175705178029204,6,0
20,0,1,0,38.65291918586418,6,0
23,0,0,0,34.34184043324924,4,0
0,1,0,1,11.543811940369334,2,1
16,0,3,0,21.891936331448566,10,2
10,0,3,0,18.736747256067908,3,0
21,1,0,0,22.35623839446916,3,1
17,0,2,0,15.12242108699845,8,2
20,0,3,0,13.12653131809899,6,0
16,1,0,0,26.67150536026882,7,2
6,0,3,0,33.05220194772462,9,1
16,0,0,1,32.46114886182217,1,2
19,0,3,0,24.43021830963927,2,0
8,0,3,1,26.712927561246275,9,2
16,0,1,1,26.522519120276524,5,2
19,1,0,0,32.1302520885778,4,2
21,0,0,0,11.53360563059277,1,0
21,1,0,0,32.716675483879165,9,2
7,0,0,0,28.6304288242332,9,1
16,1,3,0,16.339478869490375,4,2
6,1,1,0,11.569883319880464,9,2
0,0,1,0,13.47288929785243,10,0
12,0,2,0,26.79012292541663,1,0
22,0,0,0,34.26907296292105,5,1
18,0,2,1,20.709033187984037,1,2
23,1,3,0,22.131965142567093,4,0
18,1,2,1,39.89268528147559,5,2
16,0,0,0,16.816418689042433,3,1
12,0,1,0,13.319981586411252,2,0
15,0,1,0,20.989123641600575,6,0
7,0,0,0,33.869507823752755,3,0
18,0,3,0,30.03447331379622,10,2
17,1,0,0,23.305454059826214,1,1
0,1,3,0,40.872081050618576,5,0
13,0,1,0,33.519886025426345,2,0
18,0,3,0,11.979565580265401,2,0
14,0,0,0,33.82820620332954,4,0
17,0,0,0,10.769233788987467,4,2
1,0,0,0,30.810346339756975,4,0
21,0,3,1,16.73545076136508,7,2
16,1,3,1,32.28615068920185,1,2
17,0,3,1,19.912946132729477,8,2
5,0,1,0,37.93620185457807,10,0
18,1,2,0,20.781242770926735,9,2
3,1,2,0,29.830267372937502,10,0
0,0,0,0,19.149681908927626,6,0
7,0,1,0,39.3510894445497,4,0
22,0,3,0,34.991871392901515,6,0
6,1,0,0,17.7856920430273,10,2
2,1,1,0,40.36149480187711,7,0
9,0,0,0,21.429042866439303,6,1
9,0,1,0,30.85967832535,1,0
18,1,1,0,33.77130339566068,5,1
13,0,2,0,10.732869166877194,8,0
1,0,0,0,40.68695507703188,8,0
0,0,3,1,21.022121794795677,10,1
22,0,2,0,16.072924589799175,9,1
22,0,2,0,37.22264933531194,4,0
17,1,3,1,32.49277705034926,10,2
6,1,1,0,12.775784723947282,6,1
7,0,3,0,13.745426604056625,7,1
0,0,0,0,32.88613986091677,5,0
22,0,3,0,12.393064190690687,8,0
2,0,1,0,39.34961392397008,3,0
23,0,3,0,33.729284382324266,8,0
22,1,1,0,20.735750590943642,5,1
7,0,1,0,21.614040935210824,1,0
21,0,0,1,26.207875078531245,6,2
14,0,3,0,21.551021236753286,2,0
4,1,3,0,35.0709936460261,7,0
2,1,0,0,41.1915822112517,9,0
18,1,1,0,28.70468849402218,3,1
0,1,3,0,24.273194485360925,10,1
14,0,0,0,17.12877248858295,4,0
7,0,1,0,30.909869415929606,4,0
1,0,0,0,31.938459578092708,4,0
2,0,3,0,31.92609942445964,3,0
23,0,0,0,10.863521147791754,5,0
13,0,2,0,38.771907221135066,9,0
23,0,1,0,20.819410029733653,8,0
13,0,2,1,33.81330439941149,10,2
10,0,2,0,34.31382102721024,2,0
15,1,1,0,30.817759321991666,9,1
3,0,1,0,22.63572874061735,10,0
19,0,0,0,29.468294938128818,2,1
4,0,1,0,11.28635812025205,7,0
21,0,2,0,34.380665350013004,5,0
20,0,2,0,13.186836746506845,7,0
13,0,3,0,22.696029625587254,5,0
22,0,1,0,13.31580120527893,6,0
15,0,2,0,36.78638226621102,8,1
17,0,3,1,27.609676589950695,1,2
6,0,3,0,32.11056384541672,1,0
9,0,0,0,31.842629434963616,5,1
6,0,2,0,36.93139941307214,1,0
0,0,0,0,14.24222090704431,3,0
22,0,2,0,31.111300492956293,10,1
20,0,0,0,28.404289740917037,9,1
18,0,0,0,10.988707922282092,7,2
15,0,1,1,16.445533082329682,6,1
18,0,0,0,18.562289324103066,8,2
3,1,1,1,12.321804013733317,8,1
17,1,3,0,21.351033788761647,6,2
1,1,2,0,10.870480278895222,4,0
0,0,3,0,27.701871752247346,4,0
14,0,2,0,16.768030738553193,4,0
4,0,3,0,19.184099376294355,6,0
19,0,2,0,39.13509203748109,1,0
10,0,0,0,26.090139171952814,2,0
9,0,2,0,18.608445799821308,6,0
1,1,2,1,29.15077626393812,1,0
2,0,3,0,16.45348591575986,9,0
22,1,3,1,12.380661944453916,6,2
22,0,3,0,10.669003340808597,7,0
11,0,1,1,40.448929452040204,1,1
19,0,1,0,33.18754637257972,8,1
4,0,2,0,35.59834074535624,5,0
4,1,2,0,41.38936730172262,5,0
5,0,0,0,39.81211850923006,6,0
8,0,0,0,33.58122235640051,7,1
1,1,2,0,32.20758623421822,7,0
20,0,1,0,20.779199901932053,5,0
11,1,2,0,13.328552057443268,1,2
2,0,0,0,28.35912154776243,9,0
19,0,1,0,28.440105442834952,6,1
21,0,1,0,40.47159313330381,9,1
11,0,0,1,24.1622658131747,4,2
23,0,2,0,32.10584397779419,2,0
16,0,3,0,28.399060076695097,3,1
9,1,2,1,15.656327331233577,4,2
23,1,2,0,28.946057848157334,10,1
13,0,0,0,27.283734699610243,8,1
22,0,1,0,25.804991805099377,3,0
16,0,0,0,26.429533876751194,8,2
17,0,2,0,15.247615102683856,6,1
18,0,3,0,24.83128739938137,4,1
16,0,3,0,29.380904698291097,7,1
13,0,3,0,25.66237435793726,5,0
8,0,0,0,25.637958244036714,5,0
7,1,1,1,12.480566713375545,9,2
1,0,0,0,16.10477286453503,3,0
12,0,3,1,20.27112616881602,10,2
6,0,2,1,23.41910380562901,4,1
8,0,1,0,29.005998203475336,5,0
21,0,0,0,37.62704334473794,1,0
21,0,0,0,15.093271618836926,7,1
10,1,1,0,10.482816966742238,8,2
13,0,1,0,24.375588184829304,6,0
3,0,2,1,23.8272927171721,9,1
12,1,1,0,27.660838991845516,3,1
1,1,2,0,36.663096683888014,2,0
22,0,3,0,35.6755376314393,5,0
4,0,3,0,13.201385101760359,9,0
10,0,0,0,39.88785173365356,1,1
5,0,3,0,13.53326062958223,1,0
17,0,3,0,30.306256273095556,10,2
20,0,2,0,31.517001395058422,3,0
9,0,0,1,31.75607959113882,10,2
3,0,1,1,18.49123749361251,3,0
8,0,0,0,20.571042936479742,5,0
5,0,3,0,27.5576600047807,4,0
1,0,1,0,16.386799865603148,6,0
16,0,0,0,10.649934970667239,8,2
4,0,0,0,27.98862254427442,8,0
5,0,0,0,24.888914304384233,4,0
11,0,0,0,31.015398599150785,1,0
22,0,2,1,14.694418426677117,7,2
20,0,0,0,36.90959662687524,6,1
9,0,3,0,14.679087630736873,5,0
21,1,3,0,38.52299535616075,4,1
20,1,2,0,24.384677523062496,6,1
5,0,1,0,27.593768299926232,8,0
7,0,1,0,38.69060275084764,6,0
1,0,3,0,19.597217551266144,3,0
11,0,3,0,15.818463879716848,9,2
12,0,2,0,24.264051866222516,3,0
20,1,1,1,17.819751312886616,4,2
6,0,1,0,26.891005169290146,5,0
9,0,0,1,18.808251662218126,2,1
12,1,0,0,37.66366513905462,10,2
16,1,0,0,29.43438695224723,10,2
20,1,2,0,10.007701431772873,2,0
13,0,3,0,35.77515950975439,6,0
1,0,2,0,20.56679477523667,2,0
21,0,1,0,20.246655492958627,10,1
10,0,3,0,22.258009988302955,1,0
0,0,0,0,30.16840089869058,8,0
18,0,2,1,24.145942732615136,10,2
20,1,2,0,30.116337490230478,10,2
3,0,0,0,14.696983092345356,1,0
18,0,2,0,41.04526286477075,10,2
20,0,0,0,33.34740118668364,6,0
10,0,1,0,18.006627429708256,1,0
7,0,3,0,33.17343705839283,8,1
10,0,1,0,28.40081460037246,5,0
3,0,1,0,13.494047884912469,3,0
16,0,0,0,15.702285657220035,5,1
6,0,2,0,11.321860541486874,1,0
7,1,1,0,35.89561829358979,1,0
2,0,1,0,27.65455208304752,4,0
21,0,1,0,20.13595675680678,9,0
1,0,2,1,14.043036864902401,9,1
22,0,2,1,25.489468030732134,1,1
14,0,0,0,26.80836309497404,3,0
23,0,1,0,32.46235203137617,4,0
21,1,3,0,41.03799073430693,2,0
21,1,2,0,23.91825697303599,7,1
4,0,0,0,22.993094611019817,3,0
23,1,1,0,21.83776014688392,1,0
0,0,3,0,36.46156508693956,1,0
3,1,2,0,15.002151084775612,3,0
14,0,3,0,21.00201291632286,6,1
19,0,2,0,33.19906575601251,4,1
18,1,0,0,10.502237930958287,1,2
2,0,3,0,19.26018315538223,7,0
19,1,1,0,30.526309208150714,2,1
10,0,1,0,15.95046713602575,5,1
16,0,2,0,19.686738211976678,8,1
12,0,1,0,25.553442383463334,7,1
10,0,3,0,23.50475411102999,8,2
1,0,0,0,13.392870078572123,10,0
8,1,2,0,40.02353031218024,6,1
1,0,3,0,11.417367058626969,7,0
20,1,2,0,33.99176820553018,9,2
8,1,0,0,12.285528674917039,6,2
8,0,2,1,24.95346569680254,9,2
7,1,1,1,15.613161332973153,2,1
16,1,1,0,14.515129485725609,2,1
0,1,2,1,14.028735249335202,2,0
10,1,0,0,24.489172374250955,6,2
7,1,0,0,26.495517100393354,2,1
9,0,1,0,14.268303793370876,3,0
6,0,0,0,41.340663368519664,8,1
2,1,2,0,18.24850837959114,8,0
2,0,3,0,24.68292286728906,4,0
17,0,2,0,16.920625843261057,9,2
4,0,1,0,25.805524654385458,8,0
11,1,1,0,34.19253063888583,1,1
11,0,1,0,26.675264457423847,8,2
18,1,0,0,19.140763862977767,1,2
5,0,2,0,17.94869147948602,4,0
1,0,3,0,34.285900999265706,10,0
11,0,2,0,13.783621623240425,6,1
18,0,3,0,21.838927820987823,7,1
4,0,2,0,14.847446932924331,10,0
11,1,1,0,18.25522653742342,4,2
16,1,3,0,14.88586343951847,8,2
16,0,2,0,38.376720273357655,8,1
9,0,0,0,33.42093436841702,9,1
22,1,0,1,27.949671873416364,6,2
16,1,2,0,17.18160711985706,4,1
14,0,1,0,26.327258470374236,2,0
11,0,3,0,26.666662606322316,7,1
15,0,2,1,28.892919220925,10,2
23,1,0,1,11.922725031127406,3,1
18,0,3,0,41.132863078294605,3,0
7,0,0,0,24.89404705921034,3,0
20,0,0,0,39.649016771171304,4,0
16,1,2,0,10.313859670847243,2,1
22,0,0,0,17.921868660329885,5,1
4,0,3,0,13.32785825002674,3,0
21,0,1,0,34.62771767535269,10,1
15,0,2,0,20.24400158703076,5,0
5,0,3,0,36.895760269303906,7,0
7,1,2,0,36.63633170290743,9,1
17,1,0,0,31.369433369810235,2,2
11,1,0,0,31.305017713407267,9,2
14,1,3,0,32.40511014634032,10,2
8,0,3,0,31.560442708152785,6,0
12,1,1,0,22.38106744589917,6,2
14,0,3,0,31.85048462619347,3,0
9,0,3,0,38.71702301415547,10,1
15,1,2,0,20.642351740051957,9,1
6,0,0,0,40.236448838878516,4,0
16,0,3,0,10.434610812760631,5,1
22,0,1,0,21.17064122448759,3,0
20,0,3,0,14.227148855319687,5,0
21,0,0,0,14.051834529440757,8,1
6,1,3,0,36.093743808370185,8,1
13,1,2,0,39.387786072003934,8,1
14,0,0,0,34.88826413545554,6,0
20,0,3,0,41.25170300776192,1,0
6,0,2,0,16.922527045320663,10,1
8,1,0,0,14.505597190710095,6,1
18,0,3,0,26.662521025267633,10,2
15,0,2,0,36.529203671763774,7,1
7,0,1,0,11.27485090681791,9,1
17,0,2,0,41.85810115199622,8,2
22,0,1,0,29.27186973457033,8,0
17,1,3,0,41.32613798980408,7,2
19,0,2,0,21.682612263480863,2,1
6,0,1,1,24.656762257074856,1,1
2,0,0,0,34.07556615671655,2,0
17,1,2,0,35.3664144179622,6,2
9,0,3,0,17.45705770720769,2,0
6,0,0,0,39.753634761847124,10,1
16,0,1,0,37.757539898711315,4,0
13,0,2,0,10.582569699302354,10,1
23,1,2,0,14.114179387365859,3,0
2,0,3,0,25.875107405026156,6,0
11,1,0,0,24.750576451621846,8,2
12,0,2,0,32.668507361114735,6,1
1,1,2,0,12.870764033697089,2,0
2,0,0,0,30.63536981430805,5,0
4,1,2,1,29.723837796306636,6,1
10,0,0,0,17.47582715129742,9,2
7,0,0,0,27.356606856588783,6,0
22,1,0,0,17.110630623871423,10,2
22,0,3,0,14.701536867219403,5,0
11,0,0,0,28.340317908930256,1,1
6,0,0,0,41.27917690561825,10,1
14,0,1,0,17.58186717349584,5,0
23,0,1,1,21.37075677936486,5,0
16,0,3,0,18.210343231681495,6,2
3,0,0,0,18.52671429268783,7,0
21,1,1,0,22.93414829397378,4,0
12,0,1,0,32.459376340819844,7,1
17,1,2,0,11.241744768990245,5,2
0,1,0,0,40.62797426193792,6,0
15,0,1,0,11.48095614365592,4,0
12,0,3,1,38.20010182222591,8,2
9,0,2,1,38.620099160383965,9,2
11,0,2,1,26.783654002928746,2,2
1,1,0,0,14.383898515806958,4,0
22,0,0,0,28.084671057822202,8,1
2,0,2,0,30.11622911689119,8,0
9,0,3,0,37.448286649827565,9,0
1,0,0,0,27.62865202462623,3,0
22,0,0,0,23.142700668906823,1,0
12,0,2,0,36.82531820333165,9,2
12,1,2,0,41.390457515283806,1,1
17,0,0,0,30.643302565053865,3,1
2,0,1,0,37.980385193689905,3,0
6,1,0,0,29.159523610530055,9,2
13,0,1,0,32.073215725129785,1,0
19,1,2,0,32.0213477615654,7,2
16,1,1,0,32.55318357888849,2,2
20,0,3,0,20.272430205716276,7,0
11,1,2,0,28.421164680694794,1,1
15,0,0,0,29.012338687161453,10,1
23,1,0,0,20.082292054823423,10,0
11,0,2,0,21.195275766517238,8,1
14,1,2,1,34.39189648053487,10,2
9,1,3,0,28.647162899751972,10,2
6,1,2,0,14.774756734821395,2,0
19,1,0,0,36.80438363785191,3,2
4,0,3,0,38.259657186378234,8,0
0,1,0,0,24.916516734650052,3,0
16,0,1,0,16.685037824733662,1,1
2,1,2,0,40.32340785295697,9,0
12,0,1,0,38.232626064626444,8,1
13,0,0,0,17.820215882938832,4,0
23,0,1,0,13.058999561686317,8,0
17,0,1,0,24.100915441571416,5,1
3,1,0,0,31.644703567799667,3,0
17,0,0,0,15.61243472703821,1,1
4,0,2,0,26.422805069815936,10,0
15,0,1,1,23.613295816720534,5,1
0,1,3,0,38.497636760622896,6,0
20,0,3,1,23.746132249828115,4,1
13,0,0,0,27.080844599521203,7,1
14,0,0,1,40.56915827205832,3,2
8,0,1,0,19.590136507986067,7,0
14,0,0,0,19.247709822142124,1,0
16,0,3,1,35.58704255814537,7,2
23,0,2,0,18.881247556606997,1,0
3,1,2,0,36.619707842342564,1,0
11,1,1,0,13.057139499572639,2,1
4,0,2,0,13.560359913902989,2,0
4,1,0,0,38.842347973208696,4,0
10,0,0,0,27.30599303943793,1,0
5,0,0,1,33.00205653421564,4,0
6,0,0,0,17.209244539601418,2,0
23,0,1,1,15.320779788227465,4,0
13,0,2,1,36.71853639144449,4,1
23,0,3,0,21.47594902474396,9,0
10,0,2,0,24.561043811903822,9,1
12,1,0,0,10.895100712811487,1,2
1,0,3,0,22.348183494174926,5,0
6,0,1,0,34.654009859999306,7,0
19,0,0,0,36.28080567315742,4,1
3,0,0,0,32.36015324424134,5,0
7,0,3,0,32.149751473399746,2,0
19,0,1,0,26.199656531109053,3,1
21,1,3,0,27.226538536314337,7,1
20,0,1,0,33.764215898020595,10,1
18,0,0,0,17.91365756248713,7,2
12,0,2,0,17.408546183873792,4,1
13,0,0,1,40.397594365249745,1,1
9,0,2,0,10.886076376280812,1,0
10,0,2,0,14.462894837285809,4,1
1,0,1,0,28.250637638439937,4,0
8,0,3,1,33.61071483834715,6,1
16,0,1,0,27.212514655520376,7,2
2,0,0,0,21.362047877276293,9,0
23,0,3,1,41.29523581929496,9,1
5,0,2,0,32.52328592425107,10,0
4,0,2,0,36.604506914146526,5,0
4,0,0,0,11.28789997402253,10,1
21,0,3,1,17.549443535148278,3,1
14,0,0,0,21.973474994930562,3,0
22,0,0,0,15.843244738632897,6,0
16,0,1,0,12.33277672669271,1,0
8,1,0,0,17.202933267029767,7,1
2,0,3,0,27.076340199585363,3,0
19,1,0,0,32.26384794741457,5,2
16,0,3,0,34.76866953488259,7,2
9,0,2,0,11.373956955766946,7,0
2,0,0,0,23.695557510802917,9,0
17,0,3,0,13.910770674731754,1,1
17,0,2,0,23.7984123662295,3,1
16,0,3,0,23.887227171849442,9,2
23,0,2,0,25.9427739747918,8,0
2,0,1,0,38.570580040423664,2,0
2,1,0,0,35.763056083970866,8,0
5,1,0,0,30.37506704436454,8,0
12,0,2,0,38.33303433387299,2,0
23,0,1,0,31.710995728147946,8,0
14,0,3,0,36.20335874441841,3,0
8,0,1,1,28.040905631492052,7,1
3,0,3,0,26.80698405218882,9,0
13,1,3,0,33.171111768716315,4,1
4,0,0,1,10.630057983224035,6,1
1,0,2,0,32.092082292205546,9,0
10,0,0,0,39.904582988939666,5,2
8,1,0,0,32.846146554456126,1,0
23,0,0,0,11.177399177510992,3,0
2,0,3,0,22.092340504727165,9,0
8,1,0,0,35.906601672681155,3,1
2,0,3,0,40.675473601421444,10,0
1,1,2,0,21.845227380364072,2,0
11,0,3,0,36.91820978806106,4,1
9,1,3,1,37.64191600964841,5,2
8,0,1,0,13.9451647784336,7,0
14,0,0,0,37.065230934998,7,1
7,1,0,0,20.375996660435682,9,2
4,0,0,0,28.983607090093354,8,0
10,0,0,0,27.246787819405473,2,1
1,0,1,0,31.21772363955586,8,0
23,0,1,0,33.69486883023137,8,0
14,0,1,0,24.108195123794562,5,0
5,0,1,0,38.42594630877224,3,0
7,0,0,0,35.90394948996996,9,1
4,0,3,1,35.13347496473151,7,1
15,0,2,1,24.663898941897337,1,0
17,0,1,0,11.202332347027525,8,2
5,1,3,0,25.75220500412622,10,0
4,1,1,0,38.75025709261385,5,0
15,1,0,0,16.094404979440604,6,1
12,0,0,1,41.44295910433881,9,2
4,0,3,0,35.84609984042149,10,0
12,0,3,0,32.714553353026076,8,1
16,0,3,1,31.669118653514264,3,2
17,0,0,0,28.784828221880403,5,1
7,0,0,0,33.061450343972226,4,0
12,0,2,0,23.500977799018255,1,0
18,1,3,0,37.04921945664415,5,2
2,0,2,0,32.28307059504898,10,0
23,0,1,0,34.68009959614557,7,0
7,0,2,0,35.35959750931134,1,0
1,0,1,0,12.946241462684881,4,0
7,1,1,0,11.780504726007614,6,1
12,0,2,0,35.63154779151155,9,2
12,0,3,0,18.30028867322388,8,1
0,0,1,0,28.623033840378056,2,0
5,0,3,0,24.19874736700756,3,0
23,0,0,0,10.705254517364295,10,0
18,1,1,0,11.289000261320687,5,2
15,1,0,0,36.468007752921466,7,1
7,1,2,0,29.445681967639164,3,1
0,0,3,0,26.762978519579036,7,0
15,1,2,0,40.21926667109601,5,1
8,0,1,0,15.539680829723036,10,1
12,0,0,0,18.255066869081553,6,1
10,0,1,0,34.215650503540076,6,1
12,0,2,0,34.80752729465374,4,1
20,0,3,0,22.956710286053262,8,0
9,1,3,0,40.43130990860032,9,1
3,0,1,1,40.024146486885456,2,0
5,0,1,0,10.397110881925105,9,0
6,0,0,0,15.514492874903201,4,0
4,1,2,0,36.24702213388388,6,0
10,1,1,0,20.726933914432266,7,1
12,1,0,0,13.054805718394508,4,2
18,0,1,0,35.119973581554675,8,1
22,0,3,0,24.546672178406702,10,1
9,0,0,0,25.7571451748919,8,1
9,0,0,0,15.96382044211748,1,0
10,0,1,0,31.14864172604569,8,1
20,0,2,0,27.639722179923766,10,1
6,0,3,0,16.613534009250426,3,0
17,1,2,0,20.890608270054617,5,2
3,0,0,0,29.100137194757504,10,0
1,0,2,0,39.595912173869124,8,0
13,0,0,0,39.452043210287734,6,1
12,1,2,0,19.212988940719455,4,1
11,1,1,0,33.53987128831632,4,1
6,1,2,0,34.8166105767619,4,1
1,1,0,0,35.88233919944943,6,0
12,0,3,0,28.26439311204736,7,1
13,0,3,0,10.33625593918681,5,0
16,0,3,1,34.37364113427995,10,2
8,0,0,0,13.411118394539201,8,1
16,0,2,0,13.739884359052859,7,1
7,0,3,0,29.379993684676887,8,0
1,1,3,0,41.47265667280965,4,0
23,1,3,0,17.761263144505595,8,1
12,1,1,0,30.665948161638642,6,1
2,1,0,1,19.716916663603232,3,1
15,0,0,0,38.75923563553695,8,0
5,0,0,0,28.99254054764365,7,0
18,0,0,0,16.639274485007068,10,2
6,0,0,0,18.388193614253705,5,0
9,1,1,0,23.83938337337987,4,0
8,0,2,0,13.905393984954006,1,0
1,1,1,0,12.519467784431413,10,1
14,0,3,0,31.761964663934595,3,0
4,0,1,0,23.02928198685185,2,0
21,0,0,0,33.239225339848865,8,1
3,0,1,1,13.521862414003888,8,0
19,0,0,0,29.515697532835063,5,1
3,0,1,0,24.185817387831694,5,0
17,1,0,0,11.855956942624914,4,2
3,0,3,0,27.43366330483126,1,0
16,0,0,0,12.649736790865465,1,1
11,0,1,0,36.48703192931226,6,1
21,0,3,0,30.222638892480923,4,0
16,1,1,0,27.82296108033435,4,1
9,0,3,0,14.27100814302909,3,0
21,1,2,0,19.198627632130655,9,1
0,0,2,0,25.77202870832958,3,0
21,1,2,0,30.265072436470017,8,1
23,0,1,0,15.863382999748978,2,0
17,0,1,0,10.283720900275949,4,1
17,0,3,0,21.03232599261746,1,1
13,0,3,0,25.451886545799795,5,0
14,0,3,0,15.901872179097698,2,0
11,0,3,0,25.749296187366586,1,0
3,0,0,1,20.8315474742166,1,0
2,0,2,1,24.56286931540505,2,0
19,0,0,0,21.118648018515007,5,1
11,1,0,1,30.110971193177605,9,2
6,0,0,0,11.372704351794294,6,0
10,0,0,0,15.468969278216754,4,1
0,0,2,0,23.848027811551987,3,0
5,1,0,0,21.401494897659415,8,1
14,0,3,0,22.532222590522146,3,0
14,0,1,0,35.720342236175355,1,0
18,1,3,1,38.3626130639157,4,2
10,1,1,0,17.95740107192224,5,1
22,0,3,0,36.76451392916178,5,0
1,0,3,0,24.68127568929145,5,0
13,1,1,0,18.762259817159066,8,1
1,0,2,0,41.534594272149704,8,0
3,0,0,0,36.39365732589336,4,0
16,0,3,1,41.81610621076915,9,2
2,1,2,0,15.382105101704148,1,0
12,0,0,0,14.602965566331477,5,1
8,1,2,0,26.108094494215656,5,0
6,0,2,0,30.436600321105725,5,0
14,0,0,1,15.473922961067252,8,2
22,0,3,0,37.53378137883337,9,0
10,0,2,0,27.024431317227627,3,1
19,1,3,0,23.15013866306072,9,2
1,1,3,0,29.265717533665445,8,0
14,0,3,0,30.318518815113254,3,0
13,0,0,0,11.369064991481412,2,0
19,0,1,0,41.99656533456158,4,1
21,0,3,0,21.645426457743216,2,0
10,0,1,0,11.969364701116678,4,1
2,0,1,0,37.274341592816484,5,0
16,0,2,0,41.776597734793995,2,1
11,1,3,0,36.12347229491489,8,2
23,1,3,1,37.260239675515066,1,0
20,0,3,0,30.02992365502243,3,0
14,1,1,0,39.51441850306985,7,1
15,0,0,0,11.143633655278961,10,1
4,0,1,0,34.53516361453443,1,0
19,0,3,0,31.462727306690418,2,1
5,0,3,0,11.586719056768072,3,0
18,0,3,0,27.40715452724734,2,1
4,0,1,0,26.481931064251825,2,0
2,1,3,0,32.129095202463255,6,0
0,0,2,1,12.481005171493521,7,0
5,0,3,0,35.768921130509185,6,0
14,1,0,0,14.46091014436815,6,1
1,0,2,1,23.397267630779925,9,1
2,0,3,0,38.201216240052354,8,0
16,0,2,0,27.937011375855885,8,2
23,0,3,0,22.146909240151498,6,0
11,0,0,0,11.542471745466777,5,1
17,0,3,0,31.512752550455094,9,2
14,0,2,0,41.569496489817084,2,0
11,1,0,0,39.17748476026826,7,2
15,0,1,0,32.95347448234969,6,0
7,0,0,0,13.369371464190241,7,1
13,0,0,0,17.662082988812614,4,0
16,0,0,0,15.979168622505185,9,2
20,0,2,0,21.37477248818065,7,0
7,1,0,0,17.536551289329136,2,1
14,0,3,0,17.822062271094183,4,0
13,0,0,0,29.73535793201298,5,1
17,0,0,0,20.19848499076427,2,1
19,0,3,0,31.66921204711914,10,2
6,0,3,0,40.332469092677776,8,0
2,0,1,0,30.43129333162365,1,0
11,1,0,0,34.05301367073188,3,2
20,0,2,0,34.05057328905082,1,0
23,0,0,0,20.582489228777952,5,0
2,0,0,0,10.478655826989936,8,0
19,0,3,0,11.761534815814862,7,2
13,0,1,0,19.02592802830587,9,0
14,1,0,0,32.06538187704314,2,1
13,0,2,0,39.01386043674536,8,0
6,0,0,1,40.68154439010388,8,2
16,0,2,0,10.82715724288235,6,1
11,0,3,0,41.68279186024868,3,1
19,0,1,0,20.3199109874142,2,1
3,0,0,0,36.97459930352369,8,0
8,0,1,0,15.769454742296972,6,0
5,0,0,0,12.012744243419494,4,0
15,1,2,0,22.107373570006,5,0
21,0,1,0,37.48561243298218,5,0
21,0,0,0,17.066397308090114,9,1
20,0,3,0,14.92663442405895,9,0
20,0,2,0,39.113738526406095,8,1
1,0,1,0,40.026790483886685,8,0
23,0,0,1,10.401542374045086,2,0
7,0,1,0,33.27794359729541,3,0
10,0,0,1,19.894647568938453,8,2
12,0,2,0,21.990539838950067,5,1
16,0,3,0,25.011295198447677,7,2
7,1,2,0,23.657311045584624,8,1
20,0,1,0,26.479161119427367,6,1
17,0,1,0,28.63557490368052,5,1
17,0,0,0,24.899056154813575,8,2
13,0,2,0,32.45003329566456,1,0
14,0,0,0,32.99525321094855,1,0
5,0,2,0,24.091494317638244,1,0
10,1,1,0,14.558820738787475,3,1
12,0,0,0,30.500445482243926,10,2
0,0,0,0,34.73461479522268,6,0
5,0,2,0,30.41950467852639,6,0
8,0,3,0,28.8177525070981,5,0
7,0,2,0,17.341183719507402,7,1
10,1,3,1,30.644385306216265,5,2
21,0,2,0,20.715398866438782,2,0
18,1,1,0,39.425883610025124,4,2
23,1,0,0,30.919042968319385,1,0
8,1,2,0,18.901749654665686,7,1
16,0,1,0,25.133661099645764,4,1
11,0,2,0,37.09060082832142,4,1
13,0,0,0,20.73484643784472,4,0
14,0,2,0,26.814098244876195,3,0
15,0,3,0,31.749439144048722,8,0
21,1,0,0,34.14493884245573,4,1
21,0,3,0,15.564549602071835,8,0
19,0,1,0,28.08487374967325,9,2
0,0,1,0,39.190396815878444,1,0
9,0,2,0,40.9875130083102,4,0
7,0,3,0,30.996641361899464,6,0
17,0,3,0,41.47714573311954,8,1
0,0,0,0,28.263527967236506,6,0
1,1,3,0,24.163360952989866,6,0
0,1,3,0,27.65079868634387,10,0
0,1,0,0,13.702796616432707,4,0
8,0,0,0,22.85490942993241,9,1
12,1,3,0,24.66896169697692,7,2
0,0,2,0,37.156089559071305,6,0
12,0,0,0,34.27675496775831,1,1
19,0,0,1,29.245650727193624,2,2
21,0,3,0,21.112871516040638,6,0
6,0,3,1,15.985106742165026,1,0
1,0,0,0,21.128480669268093,5,0
5,0,3,0,31.75373027069222,1,0
6,1,0,0,18.41720957072106,3,1
13,0,2,0,23.66037426269331,7,0
17,0,2,0,22.376647516213826,5,1
14,0,0,0,34.49888204131393,10,1
1,0,0,0,38.28118599232462,1,0
9,1,1,0,32.37987061795126,1,0
22,0,1,0,20.931272349857093,8,0
11,0,3,0,23.861665567228393,9,2
16,0,3,0,14.587204929719086,7,2
7,1,0,0,15.379118328531515,3,1
10,0,0,0,15.25736216084848,6,1
2,1,1,0,14.178763441961927,3,0
5,0,1,0,15.746599312292165,10,0
8,0,0,0,16.486022482507444,4,0
5,0,2,1,13.579070201524253,4,1
8,1,2,0,30.488343100295264,3,0
6,0,3,0,41.69284910663039,10,1
8,0,0,0,38.133975828872195,6,1
17,0,0,0,11.459287162434759,5,2
11,0,3,0,23.537881894295193,9,1
7,0,1,0,37.49793853544871,9,1
7,1,1,0,14.309594175743886,3,1
17,0,2,0,37.12464469286537,9,2
19,0,0,0,28.966420410812777,3,1
14,1,1,0,39.80155368307558,4,0
6,0,2,0,38.0332516564616,1,0
10,0,2,0,31.66509830587896,5,1
19,0,2,0,31.050325115926256,9,2
15,0,1,0,16.82125447654106,2,0
3,0,1,0,13.736094949056273,4,0
5,0,0,0,23.292589759001547,10,0
21,0,0,0,15.970561263779992,2,0
2,0,2,0,13.277334965688286,8,0
8,1,2,0,19.674455464732592,9,1
9,1,1,1,37.535678169492755,3,1
13,1,1,0,10.54874092858756,9,2
10,1,0,0,19.36440581510962,6,2
17,0,0,1,23.569669926863753,6,2
21,1,3,0,26.33823198768917,7,1
11,0,0,1,15.810480268255656,5,2
22,0,1,0,40.855046394816995,6,0
11,0,2,0,28.523937394310064,1,0
12,0,3,0,26.70753750582541,3,1
12,1,0,1,10.282322845770917,9,2
18,1,0,0,25.542892140672226,5,2
18,0,1,1,36.80546014256589,5,2
22,1,3,0,17.028625377639766,8,1
13,0,0,0,21.238642188365215,2,0
3,0,2,0,10.658286870006258,7,0
12,0,1,0,41.26168045548145,9,2
7,0,3,1,12.132857508097306,7,2
22,1,0,1,38.74307596510622,5,2
20,1,0,0,20.01560685377455,6,2
22,1,3,0,28.801804863548114,4,0
18,0,1,0,31.738097278912107,7,2
11,1,3,0,14.506533357795664,1,1
17,0,3,0,24.200300088970735,4,0
5,1,1,0,20.414915207892555,3,0
17,0,0,0,11.81127889937489,4,1
18,0,2,0,36.66219694058178,1,0
21,0,1,0,11.445368207919287,2,0
4,0,2,0,30.904254703483737,9,0
23,0,0,0,20.050476045435104,7,0
8,0,3,0,16.14813847045973,6,0
2,0,2,0,31.34675364273745,2,0
9,0,0,0,28.385206864838587,1,0
18,0,0,0,20.088200235994556,2,1
2,0,3,0,26.414743944295655,7,0
21,0,3,0,17.879587238598702,2,0
14,0,0,1,37.638286688086154,3,2
0,0,0,0,20.04220097046917,8,0
6,1,2,0,17.844896945649005,7,1
11,1,0,0,34.058678753908836,9,2
16,0,0,0,10.562959615805276,4,1
20,1,2,0,18.57637542675441,7,1
23,1,1,0,22.01264706083754,1,0
19,1,2,0,38.23161477732422,2,1
4,0,2,0,40.41413768154702,7,0
3,0,3,0,32.927294941246394,2,0
11,0,2,0,25.761016992309113,6,1
19,0,0,0,30.499889569846037,10,2
23,0,0,1,23.248033653802658,9,1
17,0,0,0,19.56242661915737,5,1
16,1,1,0,40.422018180468115,10,2
18,1,0,0,13.692487328317561,7,2
8,0,1,1,21.08459417760349,1,1
3,0,0,0,38.77084671873898,8,0
20,0,2,0,33.14052577879734,9,1
1,1,3,0,10.931246442335251,5,0
3,0,0,0,10.739189549575908,6,0
1,0,1,0,26.528398803986388,8,0
14,0,1,0,25.496097799360694,4,0
1,0,3,0,24.175729237002184,2,0
3,0,0,0,19.675000378848285,10,0
5,0,2,0,41.57243903403645,8,0
6,1,0,0,18.703594335468207,2,1
9,1,0,0,25.68128660609798,5,1
18,1,3,0,22.95657909833812,6,2
18,1,0,0,15.447981630775747,5,2
21,0,2,0,16.483802212008914,6,0
11,0,1,0,39.38568774431273,6,1
2,0,3,0,37.46495113139056,3,0
12,1,2,0,16.369417786251276,3,1
17,0,1,0,38.021203965104434,9,2
7,0,3,0,16.69395616258696,3,0
20,0,3,0,30.049482295926307,3,0
14,0,1,0,12.600976746262202,2,0
0,0,1,0,38.171828040291786,7,0
2,0,2,0,11.648009582894943,10,0
7,0,0,0,27.758172456036373,10,1
3,0,0,0,34.95076880577232,4,0
15,1,0,1,13.738711565141799,1,2
22,0,0,0,22.943368560006032,6,0
9,0,0,0,11.342404847681603,5,0
11,0,2,0,31.848082474878694,2,1
13,1,3,0,19.838387038763262,6,1
13,0,2,1,27.90064782843104,1,1
1,1,2,0,39.84743265345158,3,0
22,0,2,0,19.787459455834956,4,0
4,1,3,0,11.556079092328886,3,0
4,1,2,0,31.62008856635841,6,0
5,0,2,0,35.17891630445336,4,0
12,0,3,1,40.65179391608243,1,2
8,0,2,0,15.049628064821306,5,0
21,0,0,0,22.548477603716794,5,0
14,0,1,0,37.0124947208152,9,0
13,0,2,0,35.81988458460414,8,0
23,0,1,0,29.9934626346836,8,0
6,0,2,0,18.619793446486206,5,0
19,0,2,0,19.089129300824883,8,2
1,0,0,0,13.968095827972562,10,0
6,0,3,0,39.49931756114911,7,1
5,0,1,0,15.53380846846225,1,0
16,0,3,0,28.332371237757005,7,1
1,0,0,0,28.699245343427613,8,0
2,1,0,0,21.827374118248603,3,0
4,0,1,0,21.280590752174565,9,0
4,0,3,0,31.39482939386495,8,0
0,0,0,0,22.42552889435325,2,0
7,1,2,0,18.163692586816023,6,1
11,1,2,0,22.77221447680099,4,1
23,1,2,0,35.845186485297475,3,0
3,0,3,0,40.92731056419794,6,0
12,0,2,0,30.350407374523034,10,2
22,0,2,0,35.027239215491406,9,1
14,0,0,0,27.050395562003526,2,0
10,1,0,1,29.99434054699001,10,2
9,0,2,0,41.618773015569914,10,1
2,1,2,0,24.029403670461168,10,0
21,0,0,1,12.120150302534398,5,1
13,1,1,0,40.624221370219345,6,0
15,0,3,0,35.37797506891353,4,0
9,0,3,1,22.745931771634282,7,1
9,0,0,0,41.4366417159286,2,0
11,0,3,0,21.057144011156037,7,1
8,0,0,1,21.90784627225692,2,1
0,1,0,0,29.511403302077465,1,0
4,0,0,0,18.779116356971414,5,0
19,0,0,0,32.35428752418345,2,1
7,0,1,0,14.89120972641619,8,1
10,0,2,0,13.456810219460912,8,1
11,1,2,1,27.11609624205298,1,2
0,1,1,0,27.775797836620836,4,0
21,1,3,0,13.4129622281501,9,1
19,1,3,0,40.853640356196834,5,2
10,1,2,0,28.34517304342668,10,2
4,0,3,0,14.833119759901635,6,0
14,0,2,0,19.96616077863357,3,0
4,0,2,0,35.607494845861204,5,0
11,0,1,0,26.74340889169702,1,0
4,0,3,0,16.02074715348978,8,0
16,1,1,0,13.291167105977753,6,2
16,1,2,0,23.784781191599514,2,1
23,0,2,0,20.797270677965894,4,0
11,1,2,0,30.98935527942315,4,1
23,1,0,0,39.60790358243729,9,1
14,0,0,0,17.92736914477308,9,1
14,0,0,0,37.367485865051044,5,0
5,1,1,0,39.45478331024641,3,0
11,0,2,0,38.86408318303685,1,0
19,0,3,0,40.466474558253935,6,1
17,0,1,0,36.94747590813681,8,2
13,0,1,0,28.991552172693446,1,0
1,1,1,0,23.11507515872774,1,0
8,0,3,0,25.73400915308068,7,0
4,1,2,0,37.92358959608273,7,0
19,1,0,0,19.64474807734984,2,2
0,1,2,0,15.09637421891502,3,0
22,0,2,0,14.506214980281445,2,0
2,0,1,0,36.46382751696001,6,0
5,0,1,0,34.36754196256312,8,0
4,0,1,0,25.924650913482928,8,0
20,1,0,0,18.7958856989489,1,1
4,0,0,1,31.683621617363563,9,1
0,0,0,1,11.229859117839034,8,1
16,0,2,0,28.183290101333164,9,2
18,1,1,0,22.749605399662837,9,2
13,1,3,0,41.29150828198299,6,1
11,0,2,0,26.241927971536832,3,1
9,1,0,0,27.67256807840857,1,0
19,0,3,1,32.79560523017021,8,2
20,0,3,0,25.505231396020694,10,1
17,1,1,1,17.186195816856046,3,2
23,0,3,0,27.192891089550336,7,0
10,1,0,0,40.21660386850306,10,2
1,0,1,0,23.1171516213911,6,0
17,0,3,1,31.748510559989537,3,2
6,1,1,0,41.29709404434192,6,1
23,0,3,0,36.557514015471696,3,0
14,1,2,0,31.08909225866636,9,1
10,1,2,0,33.55188762657646,1,1
17,0,0,0,39.9674639365464,8,2
22,0,2,0,40.712067340811416,5,0
11,0,2,0,41.00698017030386,4,1
5,0,2,0,30.020532102480704,1,0
19,0,3,0,22.31077279568757,9,2
22,0,3,0,14.260900126601598,9,0
12,0,1,0,22.337536042892893,5,0
19,0,3,0,40.174574551539806,9,1
15,1,2,0,38.47350657895647,10,2
17,1,3,1,26.757109186012116,9,2
9,1,0,0,27.18423317100557,7,1
22,0,1,0,19.885451187039024,8,1
7,1,1,0,24.544252482255406,1,0
17,0,3,0,32.862351806060644,4,1
20,0,2,0,22.87778322072934,10,0
0,1,1,0,16.015483906433083,10,0
22,0,0,0,27.307506522402488,4,0
7,0,0,0,17.210781166538496,9,1
5,1,1,0,41.1772017924032,3,0
4,1,2,0,22.49087724838253,10,0
14,1,2,0,39.109279091491715,10,2
21,0,3,0,17.217727891315977,1,0
14,0,3,0,16.054688169784846,5,0
1,0,1,0,29.740836129271596,7,0
0,1,3,1,34.940130505706264,4,1
22,0,3,0,28.136466043276023,9,0
22,1,3,0,17.3534618753683,6,1
10,0,0,0,11.212619612287874,6,2
9,0,3,0,29.785242278112165,3,0
17,0,1,0,14.193191211697545,10,2
17,1,2,0,20.9816443850346,10,2
16,0,3,0,31.625112117479407,5,1
7,0,2,0,13.13675009865382,10,1
14,0,3,0,14.072047353086585,6,0
7,0,1,0,11.973318633836932,4,0
16,0,0,0,41.87453212501845,3,1
11,1,1,1,22.3864565952506,5,2
7,0,0,0,38.985445367508305,7,0
13,0,3,0,19.394740429577027,6,1
3,1,3,0,34.10248208449586,2,0
0,1,0,0,17.010131721996125,1,0
0,0,1,0,25.94639070874401,5,0
18,0,1,0,36.38770365746495,5,1
15,1,0,0,36.122700764642644,6,1
13,1,3,0,35.41698295560558,3,0
20,1,0,0,36.35950121723369,1,0
15,0,3,0,16.767113001788136,4,0
4,0,0,0,25.430920721932367,4,0
8,0,3,0,25.515887187109076,10,0
1,0,0,0,38.496079595133196,2,0
17,0,2,0,19.500538540781722,8,1
5,1,3,1,39.807868588449544,6,1
8,0,1,0,24.42546356179517,3,0
0,0,0,0,31.4331841016774,1,0
8,0,1,1,18.6042595929387,3,1
15,0,0,0,23.129539418601833,8,1
12,0,1,0,32.7136298262125,4,1
8,1,1,0,26.4079085392323,3,1
20,0,0,0,39.782656374026686,4,0
12,0,0,0,33.58799890871928,4,1
8,1,1,0,28.060893616339197,2,0
10,0,1,0,38.37343221287066,4,1
3,0,1,0,31.29780444123982,9,0
1,1,3,0,30.714255149453834,4,0
5,1,3,0,17.883882660724073,1,0
13,0,2,0,22.63542289690275,1,0
3,1,3,0,31.865716883328687,1,0
5,0,3,0,38.53733476746105,5,0
18,0,0,0,20.097519156637286,6,2
5,0,2,0,16.89553990217551,6,0
1,1,2,1,28.998271322107385,6,1
17,0,3,0,12.15030713928682,9,2
12,0,0,0,32.86533444640017,1,0
8,0,0,0,32.500433385199386,10,2
22,0,2,0,21.358912991556963,6,0
18,1,0,0,38.565684907036854,8,2
12,0,1,0,26.06979652925208,8,1
10,0,3,0,30.66447842217398,3,1
0,0,1,0,16.70651142202681,5,0
23,0,2,0,23.35489072512,10,0
21,1,2,0,37.597361288632584,4,1
6,1,0,0,16.81406552423497,1,1
20,0,0,0,22.498380082959002,9,1
14,1,2,0,20.178449421700158,5,1
0,1,2,0,14.835525915672964,2,0
11,0,1,0,19.270973380081138,2,0
6,0,1,0,17.448713074406935,7,0
14,1,0,0,39.55499617476248,4,1
20,0,1,0,33.71452174536947,1,0
18,1,0,0,20.11525061705038,5,2
0,0,0,0,34.42684970376671,2,0
16,0,3,0,10.708478497083885,7,1
16,0,0,0,26.848790744676478,9,2
2,0,1,1,18.01070603950954,1,0
11,1,2,1,13.658306297872453,2,2
5,0,2,0,38.280272906831634,6,0
10,0,1,0,16.378897096402323,8,1
2,1,2,0,36.316514974281034,7,0
7,0,0,0,23.22312567973668,9,1
13,0,2,0,10.45730464130241,2,0
13,1,1,1,33.441050537632805,9,2
9,1,2,0,29.083512263019774,4,1
1,0,0,0,21.01350026137022,3,0
13,0,0,0,19.009469885640428,7,1
8,0,1,0,12.358120075853911,5,0
2,0,1,0,40.125619034728714,5,0
20,0,1,0,25.80751631014674,2,0
7,0,3,0,12.736784562435457,6,0
15,0,3,0,37.797750967823056,6,0
1,0,0,0,18.922661530170135,4,0
5,0,3,0,16.515286903508954,5,0
20,0,3,0,18.989998026951,7,0
11,1,2,0,28.066286675427563,8,2
4,1,3,0,12.369807503905168,6,0
1,0,2,0,25.416221091925646,5,0
15,0,1,0,38.663790243978,3,0
4,0,2,0,16.021491067075964,7,0
14,0,2,0,20.598040708871803,8,0
11,0,1,0,22.67590288165289,3,1
3,0,1,0,28.759062768871846,5,0
14,0,0,1,39.416135888841964,2,1
10,1,0,0,22.625254663757616,10,2
15,0,0,0,12.212890901688436,10,1
22,0,0,0,21.134427565791757,4,0
5,1,2,0,16.082733203195033,4,0
13,0,2,0,30.856783322211307,8,0
17,0,0,0,10.93638749335463,3,1
11,0,3,0,19.34175907433835,5,1
10,0,0,0,27.445552231443838,5,2
12,1,3,1,18.874694593585737,2,2
20,0,1,0,27.631849067048133,9,1
22,0,2,0,13.670794309989862,4,0
10,0,2,0,40.169775615667916,9,1
22,0,3,0,19.309017834556375,9,1
15,1,0,0,39.53602686047627,2,1
14,1,2,0,20.426734064132653,9,1
20,0,3,0,35.01888611753561,9,0
14,0,1,0,17.877995438760095,2,0
3,0,1,0,31.432604876467238,6,0
10,1,2,0,20.35891884232855,9,2
18,0,0,0,26.29309213470908,4,2
14,0,3,0,31.562052664437783,2,0
3,0,2,1,28.84424016649474,7,0
20,0,1,0,28.440978985078218,9,0
12,0,0,0,12.101786741043753,6,2
21,0,3,0,17.97045862949094,4,0
18,0,2,0,28.298857275409333,1,0
1,0,3,0,10.586150630903202,4,0
13,0,0,1,18.02061616371135,3,1
3,1,0,0,17.333927661798295,7,0
15,0,1,0,17.9953955251467,10,0
20,0,0,0,27.13950398613292,5,0
19,0,2,0,28.622731328614158,3,0
13,0,3,0,39.08793581992996,2,0
14,0,0,0,22.352993568839015,2,0
2,1,0,0,39.65052534858003,5,0
7,0,2,1,30.86253903949345,8,2
15,1,3,0,39.20513266881778,8,2
9,0,3,0,36.67110725376155,5,0
3,0,1,0,32.002638189045996,2,0
17,0,1,0,21.395388784606702,4,1
1,0,3,0,17.715534325926992,7,0
16,1,2,0,17.11652593638503,6,2
12,1,2,0,40.469562798601004,10,2
3,1,1,1,40.67436298013946,7,1
10,1,0,1,33.19460395277788,5,2
6,1,2,1,38.281471490447274,2,2
11,0,0,0,39.40787721852993,8,2
9,0,2,0,26.36979828861799,2,0
6,0,3,1,30.12991010000551,8,2
12,0,1,1,23.400143933446866,7,2
6,1,0,0,23.39170445712842,3,1
23,0,0,0,11.229725396627668,4,0
16,0,3,0,23.882286735513777,7,1
9,0,2,0,31.551673968421866,4,0
9,0,0,0,23.503429315410276,9,1
23,0,2,1,37.91710966006261,7,0
3,0,3,1,20.64201447702458,1,0
19,0,1,0,14.245825489947183,1,0
3,0,0,0,35.969878103329904,4,0
21,0,2,0,31.566333386514945,9,0
6,0,0,0,17.738223434258618,4,0
21,0,2,0,27.166440193351455,5,0
0,0,2,0,22.859274835001358,1,0
11,0,2,1,40.04351284594105,2,2
23,0,3,1,29.43462690946013,4,0
12,0,1,0,15.068456357983731,4,1
9,0,0,0,26.068750484383525,10,1
14,0,1,1,37.60181864076323,6,1
12,0,2,0,31.48789344103877,6,1
22,0,2,0,36.958466435157,8,0
21,1,1,0,18.01277804370049,9,1
21,0,1,0,38.427244065521336,1,0
20,1,0,0,34.17956261837351,1,1
21,0,2,0,33.32524017401852,6,0
8,0,1,1,21.08931423243278,4,1
8,0,3,0,38.4050580403369,4,0
14,0,2,1,30.41534007658293,1,0
9,0,2,1,37.25886325960968,9,2
23,0,0,0,21.551086591560697,3,0
9,0,3,0,14.660866914059408,5,0
7,0,0,0,20.634789767050314,10,1
23,0,3,0,24.56845911600584,1,0
15,0,0,0,27.069036004655757,8,0
16,0,3,0,26.3458949027692,3,1
4,0,3,0,27.47374695797006,1,0
3,1,3,0,36.934584487134316,10,0
17,1,1,1,15.443239878021437,6,2
23,1,2,0,20.113641445403868,1,0
18,0,3,0,38.435471693934446,3,1
3,0,1,0,27.93466254586657,5,0
6,1,1,0,28.668475851826308,4,0
9,0,0,0,25.298001427646472,7,1
17,0,2,0,27.56718831955645,6,1
18,1,2,0,16.33855137792324,3,2
3,0,0,0,27.499740781380105,8,0
9,0,2,0,41.90954009315574,8,1
0,0,0,0,28.113522333573897,2,0
22,0,1,0,11.42087889939297,7,1
17,1,1,0,35.48594061922111,1,1
4,0,3,1,22.687213719148403,2,0
14,0,0,0,14.91763675204998,8,1
16,0,1,1,37.600633799254126,1,2
2,0,1,0,16.335144177118963,2,0
11,0,0,0,39.46455647547306,1,1
1,0,1,0,24.137487694163376,5,0
0,1,2,0,33.769306711990396,7,0
22,0,1,0,27.503867210832656,6,0
20,0,0,0,18.21205772528729,6,0
16,0,2,0,31.4748855838694,6,1
21,0,2,1,40.65320162848474,8,1
15,1,1,0,34.6283829373252,5,0
4,1,3,0,29.328575890405702,10,0
14,1,2,0,41.70009946450742,7,1
2,0,0,0,18.49045335496591,3,0
6,0,3,0,11.994927613102316,9,1
10,0,3,0,11.028187715709795,10,2
9,0,2,0,32.742012145881546,3,0
8,1,1,0,36.567435671493456,6,1
13,1,3,1,30.323217199504853,3,2
12,0,1,0,38.96085111818235,1,0
1,1,2,1,32.33523351487746,1,0
2,1,0,0,21.870548685088657,3,0
6,0,3,0,15.800265332156211,4,0
20,0,0,0,39.588719313893,2,0
17,0,1,0,13.315108799919344,9,1
2,0,1,0,27.375628919884974,8,0
9,0,0,0,20.048253608752372,3,0
21,0,2,0,18.68528024062952,7,1
6,1,2,0,30.666715261340684,4,1
8,0,3,0,17.39958199651316,5,0
16,1,3,0,39.32368341575666,4,2
10,1,2,0,22.993405091171972,9,2
6,0,2,0,31.676011095349725,7,0
23,0,0,0,33.28818295451471,4,0
13,0,1,0,31.85413422801057,8,0
18,0,1,0,38.908807708576745,2,1
3,1,3,0,17.39618763539194,7,0
5,1,2,0,12.753745429955238,1,0
9,0,0,0,11.77490231248158,8,1
6,0,3,0,38.0910128152008,6,0
12,0,0,1,41.14518559805383,5,2
13,1,2,1,19.680849318550806,9,2
3,0,2,0,32.192445554399015,9,0
7,0,2,0,10.285209093495965,3,0
4,0,1,1,16.03620832371161,9,0
0,0,2,0,32.056780238771665,9,0
3,0,3,0,12.10838845808745,2,0
2,0,1,0,24.992321597434383,5,0
8,0,0,0,31.202664459966364,2,0
7,0,3,0,34.51066148177655,1,0
0,1,3,0,24.522109239179855,7,0
5,1,0,0,30.169089263882977,4,0
8,0,1,0,27.26642014598596,5,0
6,1,3,0,11.673784706666275,4,1
3,0,3,0,33.769749992315084,6,0
12,0,3,0,15.515581308331999,2,0
16,1,1,0,11.017776999482923,8,2
1,1,1,0,24.437373321227913,4,0
4,1,1,0,37.70040279300833,8,0
11,0,3,0,14.826542005152916,3,1
20,0,2,0,10.4114410917432,5,0
7,1,0,0,13.519335544493348,3,1
5,0,2,0,21.637091658611414,7,0
7,0,1,0,28.56549983972172,3,0
17,1,3,0,16.176388287548562,8,2
2,1,3,0,35.66284816072226,9,1
21,1,2,0,34.10550785757062,2,0
11,0,2,0,32.26763573115838,3,1
2,1,0,0,25.599033866097407,7,1
21,0,3,0,21.68694256428753,5,0
5,0,2,0,22.018771870873945,10,0
1,0,0,0,26.098257118583465,7,0
22,0,1,1,12.474069980244945,2,0
11,0,2,1,31.833774811745958,4,2
1,0,1,0,21.248241408297666,1,0
5,0,0,0,17.192280894038035,5,0
16,0,1,0,18.906466255956445,8,2
2,0,3,0,15.76941712915897,1,0
1,0,3,0,38.850178736889234,7,0
22,0,1,0,15.409200523601633,7,0
19,1,3,0,38.25363580463561,7,2
7,1,0,0,28.311788670990442,1,1
21,0,3,0,37.75843057244353,3,0
11,1,1,0,25.17005494097639,2,1
3,0,1,0,39.68427902339435,5,0
4,0,1,0,16.767703795467206,2,0
12,1,2,0,27.750136091112786,5,2
14,0,1,0,14.026838096437412,5,0
22,1,0,0,24.31104912647566,4,1
15,0,3,0,28.236918292698956,7,0
9,1,3,0,29.381607109541505,10,1
22,0,2,0,21.696921501032932,6,0
15,0,2,0,12.44274054932649,2,0
11,0,0,0,30.970434284244885,4,1
16,1,1,0,25.62981953450489,7,2
15,0,2,0,14.38012373239222,9,1
11,1,3,1,39.94803102099519,9,2
7,0,2,0,40.58139718987019,3,0
19,0,2,0,37.411400954603806,1,0
2,0,1,0,37.00378561656312,9,0
15,0,2,1,13.157480827777796,8,2
12,1,0,0,41.78944350664217,7,2
22,0,3,0,22.81218175563941,6,1
18,0,1,0,15.219875707747633,10,2
7,0,3,1,35.98725530295108,7,1
21,0,0,0,17.22338459081785,9,1
4,1,0,0,26.837610261426928,6,0
19,0,2,0,14.096514086509963,10,2
7,0,2,0,25.188663144828432,3,0
23,1,2,1,27.860527788894153,3,1
11,1,3,0,24.269566718442967,4,2
0,0,0,0,12.223578392084896,10,0
20,0,1,0,25.518048978648427,10,1
19,0,2,1,25.006170990106106,8,2
5,0,3,0,18.371848873301563,10,0
21,1,2,0,39.49125118903797,9,1
17,0,0,0,23.369354646344195,8,2
7,0,1,0,37.65170547828433,10,0
6,0,0,1,13.50924254827014,2,1
0,0,3,1,20.204073094597806,4,0
20,0,2,0,15.642587320577281,4,0
15,0,0,1,23.06914521114216,2,1
11,0,3,0,13.572373989468115,8,1
5,0,2,0,24.113113787059856,3,0
19,0,1,0,21.323863790343562,2,0
1,0,0,1,17.146081512768166,7,0
13,0,2,0,30.54974118241008,1,0
3,0,2,0,40.429167620730624,6,0
0,0,2,1,16.62763115358678,3,0
22,0,2,0,32.777306876750416,3,0
17,0,0,0,33.756188456215774,5,2
12,0,2,0,25.939856525627597,3,1
1,1,3,0,38.725387075218144,4,0
8,1,0,1,40.924482114074884,3,2
20,1,2,1,21.59188646572318,7,2
1,0,0,0,30.833065536102,3,0
8,1,3,0,31.19080377280359,10,2
0,0,3,0,22.916336840080145,4,0
10,0,0,0,20.137314383827654,2,1
2,0,2,0,39.879814343290036,2,0
19,1,2,0,35.27940957800561,9,2
22,0,3,0,13.662866111185412,1,0
3,0,2,0,13.836290290716384,1,0
17,1,3,0,39.521368603290455,10,2
22,1,2,0,12.605112480861582,1,0
5,0,3,0,32.02948307978131,3,0
2,0,1,0,17.256263902221175,2,0
21,0,2,0,11.125930967731797,3,0
10,1,2,0,11.908401474562886,5,1
14,0,2,0,21.952707317745986,9,1
21,0,0,0,12.48283045405967,2,0
4,1,2,0,29.09245439787053,1,0
19,0,0,0,30.71214436397042,6,2
9,0,0,0,21.950994303457566,3,0
11,0,3,0,33.77209842298723,7,1
14,0,0,0,25.681360645426473,6,1
16,0,0,0,23.767312108866626,7,2
9,0,1,0,23.023618841284,5,0
5,0,2,0,23.795407595057195,1,0
17,0,0,1,40.97240479790139,3,2
12,0,2,0,31.805025921230005,3,0
2,1,0,0,20.0867151091552,7,0
23,1,3,1,33.483515846578086,3,0
9,0,1,0,20.568556426333313,5,0
13,0,0,0,14.022877049109638,4,0
5,0,2,0,25.21153143858077,4,0
2,1,3,0,34.032763492429254,7,0
15,0,2,0,22.08511714839428,1,0
6,1,3,0,37.81357254551497,7,1
19,0,1,0,22.382486530808315,8,1
13,1,3,0,21.194848816215416,3,0
8,1,2,0,41.94380524362453,3,0
14,1,2,0,25.439104735682093,4,1
20,0,0,0,35.767078710832195,6,0
2,0,3,0,35.75961779391752,7,0
1,0,2,0,39.64381878717374,1,0
1,0,0,0,12.716641742409717,4,0
2,0,1,0,18.679048845658954,7,0
17,0,2,0,34.56793892948589,2,1
13,0,0,0,28.003247756754078,1,0
19,0,2,0,27.907678155345085,1,0
17,0,3,0,15.318889659847706,10,2
9,0,0,0,18.996896451645753,6,1
1,1,3,0,26.682690742935502,5,0
21,0,1,0,18.869803669587878,1,0
0,0,3,0,16.729049366358883,10,0
3,0,0,0,12.808193784639876,3,0
13,1,2,0,14.983232381547058,7,1
0,0,0,1,34.60376839974313,9,1
13,0,3,0,33.000933778710895,9,0
15,0,3,0,11.466677899158771,6,0
21,0,2,0,16.505090731011553,3,0
13,0,1,0,27.93457109544692,1,0
19,1,0,0,20.32409101557674,3,2
2,1,2,0,36.34398728574497,10,1
2,0,2,0,35.1196578451887,2,0
8,0,2,0,38.530577854659505,5,0
5,0,0,0,28.01379940816371,8,0
12,0,0,0,21.266447353891152,5,2
20,0,0,0,29.39407027791737,1,0
1,0,1,0,12.85237375185465,3,0
7,1,2,0,10.306752567726964,5,1
20,1,3,0,10.546992643851372,7,1
1,0,3,0,23.041374013894917,5,0
3,0,2,1,17.298483011298025,10,1
14,0,3,0,15.034806585601526,5,0
3,0,1,0,29.690432499781455,7,0
12,0,1,0,41.84304136362179,8,1
11,0,0,0,15.688102515697164,8,2
12,1,0,1,27.48548557484604,7,2
13,1,0,1,13.831280447996601,3,2
19,0,0,0,39.89556611430845,2,1
17,0,0,0,19.33616539425872,1,1
5,0,3,0,38.10687424138811,6,0
10,0,3,0,19.05844605601206,9,1
1,0,0,0,35.793679365975024,3,0
22,0,1,0,16.700202670264726,5,0
18,0,3,0,19.36926176491022,9,1
18,0,1,0,16.159211692916287,9,2
4,1,1,1,18.45631609118898,7,1
18,0,2,0,36.715704170666086,4,1
1,0,2,0,30.449039921494318,2,0
9,0,0,0,22.98814940279117,2,0
1,0,1,0,41.088672866629,4,0
10,0,3,0,24.87556886814636,1,0
17,1,2,0,41.032319080283244,4,2
23,1,2,0,16.290781533147527,6,0
14,0,1,0,38.94842966767838,6,0
8,0,2,0,10.44231053111983,7,0
22,0,2,0,27.44970247570424,5,0
18,0,3,0,23.537676617344474,9,2
8,1,1,0,26.802811055103337,2,0
2,0,2,0,27.710234622326368,2,0
20,0,1,0,22.44900333016675,4,0
8,0,2,0,41.94233110035505,4,0
13,0,3,0,41.24823008962002,4,0
18,1,1,0,40.775852054547045,1,1
6,0,2,0,41.330721516050815,4,0
15,1,3,0,35.37639676062075,5,1
15,0,2,0,41.63489532884262,9,0
0,1,1,0,38.55552720880454,3,0
3,0,2,0,23.309844385037476,3,0
3,0,1,0,35.112867468269044,5,0
6,1,1,0,39.18617104402003,10,1
7,0,2,0,32.80339435478696,6,0
16,0,3,0,23.529034898099326,3,1
4,0,0,0,12.105287744525608,1,0
6,1,3,1,35.9103019859388,10,2
19,0,3,0,40.487771940047054,8,1
19,1,2,0,21.598824327357644,1,1
3,0,3,0,14.860993631646068,2,0
5,0,3,1,20.448122863057783,3,0
6,1,0,1,28.64391546170388,6,2
17,0,3,0,20.141728105031557,4,1
4,1,0,0,29.539799366283326,4,0
19,1,2,1,40.939271431828175,9,2
2,0,0,0,31.46350378584584,6,0
6,0,1,0,21.605099721139894,2,0
21,0,1,0,39.94409508708912,7,0
13,1,0,0,28.100328598436604,3,1
6,1,1,0,14.107916753042133,9,1
4,0,2,0,25.96739216620037,6,0
21,0,1,0,30.916366237121597,8,1
4,0,0,0,36.82413970613563,1,0
22,1,2,0,39.967257174644715,2,0
1,0,1,0,20.157316278924327,6,0
20,0,2,0,14.976395650529177,3,0
21,0,0,0,12.362516550204237,1,0
5,1,1,0,33.62734728666505,6,0
14,0,2,1,35.44506408689382,5,1
20,0,2,0,23.09994006170134,9,0
9,0,1,0,22.66961302955613,6,0
22,0,2,0,40.53558501294822,5,0
23,1,2,0,39.33380240257048,1,0
6,1,0,0,17.464508861345383,1,1
4,0,0,0,34.985844727993836,1,0
0,0,0,0,29.92641267945408,7,0
12,0,0,0,14.935127651828477,6,2
20,0,0,0,21.416673506769932,5,0
17,1,0,0,15.67913412183944,4,2
12,0,1,0,19.444993242298835,8,2
20,0,0,0,29.689637624747252,8,1
20,0,2,0,22.00849507339007,5,0
17,0,1,1,22.60990463474743,4,2
4,0,2,0,27.268713363750074,2,0
12,0,0,0,12.791172442935128,7,1
3,0,0,0,33.641513275181275,5,0
16,0,2,0,22.85470506922688,3,1
2,0,2,0,25.372706822474246,9,0
16,0,2,0,41.17759132334821,9,1
10,1,3,0,21.01974042618413,10,2
20,0,3,1,30.743005951165614,8,2
19,1,3,0,22.560138153465942,1,1
22,0,3,0,38.6170469978777,3,0
20,0,1,0,37.09620054384126,2,0
3,0,0,0,17.7319766963963,4,0
1,0,2,0,32.13586280354882,2,0
19,0,0,0,12.085503868710624,8,2
15,1,2,0,40.82193246495648,1,0
17,0,0,0,21.16768345645304,4,1
7,0,1,0,36.618968722712545,5,0
2,0,3,0,20.189803714473918,10,0
8,0,0,0,30.248663718299905,4,0
19,0,2,0,41.47490534349862,8,1
5,0,0,0,38.05599562021217,2,0
9,1,1,0,15.131709116957037,9,2
20,1,1,0,27.51962986078308,2,1
9,0,0,1,21.153017027670085,2,1
12,0,3,1,23.898843252745337,2,2
16,1,2,0,20.725860135000595,10,2
8,1,1,0,20.75069594225642,8,2
16,0,1,0,27.361703800851565,3,1
23,1,0,0,16.142848291940883,10,0
8,0,1,0,27.19665360746767,10,1
8,1,1,0,18.92689399034563,8,1
0,0,2,0,19.247452935737588,7,0
1,0,3,0,33.63993692913993,10,0
15,1,2,0,10.946995313917945,4,0
0,0,3,0,22.190264405561827,7,0
9,0,2,0,23.041100164916642,8,1
17,0,0,0,25.523524470981528,6,1
7,1,1,0,31.408352791345237,6,1
20,1,3,0,21.82997704758677,3,1
10,0,0,0,16.82038733780656,5,2
22,0,1,0,38.31593089748188,10,1
1,1,1,0,41.39323605379878,2,0
7,0,1,0,10.64047018153385,5,1
21,0,2,0,27.486939232022333,5,0
7,1,0,0,20.934476131494343,7,1
16,0,0,0,18.863666412390696,4,1
14,0,1,0,20.742604507837935,6,0
16,0,3,0,30.44408820563842,9,1
22,0,0,0,16.102912327353437,4,0
23,1,2,1,39.211542773054404,6,1
12,0,3,0,24.915664798063226,9,1
18,1,3,0,20.41845866077851,10,2
4,0,3,0,34.497002609523165,1,0
11,0,3,0,10.523093287558165,8,2
0,0,0,0,23.81929170361718,1,0
22,1,1,0,21.369715232039358,4,0
4,0,3,1,20.822717119671502,3,0
7,1,2,0,20.786283586898662,4,1
12,0,2,0,11.000684087912557,7,1
7,0,1,0,14.867724896282873,9,1
22,0,0,0,14.540325097997261,9,1
10,1,1,0,41.63553615422471,10,2
0,1,3,0,10.709304188499576,1,0
12,0,0,0,15.346357003263943,10,2
18,0,0,0,41.1735842770783,1,0
23,0,3,0,30.104211001920138,9,0
2,1,2,0,24.421347859415402,4,0
23,0,3,0,12.520349857483836,3,0
16,1,1,1,31.429157172252054,9,2
4,1,3,0,14.409695605800572,5,0
19,0,2,0,31.47795590909381,6,1
20,1,3,0,41.333647910401865,1,0
7,0,1,0,27.023125075742488,1,0
13,0,1,0,16.850708944085145,7,0
3,0,2,1,30.009080028147142,10,1
10,0,1,0,26.413750009321053,8,1
19,1,1,0,27.060488435540673,8,2
14,0,3,0,25.2994222758399,7,0
18,0,0,0,31.559698375793786,9,2
6,0,1,0,28.302251597024064,1,0
18,0,1,0,41.583842478539935,2,0
18,0,2,1,36.4276294733542,3,2
10,0,2,0,18.47034808675221,5,1
4,0,3,0,33.22420870095915,4,0
4,1,3,0,16.857611180311505,4,0
21,1,1,0,35.03508505860452,8,2
7,0,0,0,14.72184447927495,8,1
9,1,0,0,25.15372267351162,7,1
5,0,3,0,35.29939834579439,1,0
14,0,2,0,18.963606473810092,10,1
15,0,1,0,36.78781200421322,4,0
16,0,1,0,30.612822689087103,1,1
7,0,0,0,22.720714531430907,5,0
7,1,3,1,23.5493346978007,3,1
8,0,0,0,39.63172908543537,3,0
1,0,0,0,16.969312000396137,4,0
14,0,3,0,32.18760368559073,2,0
17,1,2,0,32.633414583729135,7,2
2,0,1,0,39.51839018187637,4,0
16,0,2,0,32.8212566002349,5,1
3,0,3,0,28.702957377868,2,0
3,0,3,0,38.88072124852137,6,0
13,0,1,0,36.532224948748734,9,0
8,1,2,0,32.93684655469524,8,1
8,0,1,0,11.042508236549583,8,0
22,0,0,1,21.952653383691565,2,1
17,0,0,0,30.22046951045934,4,1
9,1,0,0,26.71201677941648,8,2
20,0,2,0,20.218186447931004,1,0
3,0,0,1,14.621565296312848,8,1
11,1,1,0,27.69589064604549,3,2
7,0,2,0,19.149362427590816,8,1
1,0,1,0,17.456015673887883,6,0
21,0,3,0,22.766663265757874,7,0
12,0,2,0,35.135725862856596,2,0
20,0,1,0,25.61131207572199,1,0
15,1,1,1,16.92775073595744,6,2
1,0,2,1,13.740900552961548,3,0
10,0,3,0,25.9675924407936,4,1
9,0,2,0,35.4197247495115,9,0
14,0,0,0,30.890176756926092,3,0
16,0,0,0,17.42876416458399,2,1
7,1,3,0,23.974610742063753,2,0
17,0,1,0,37.3673716270102,2,0
22,1,1,1,15.684989051290845,6,2
8,0,1,0,27.026578261852706,2,0
7,0,2,0,21.39940828034693,7,0
13,0,2,0,13.97375215454462,7,0
17,0,3,0,11.596925469148744,7,1
21,0,0,0,27.787884308665447,2,0
19,0,1,0,10.663963959692126,7,1
19,1,0,0,13.310275734173917,10,2
20,0,2,0,21.12205699717572,8,1
11,1,2,0,11.392645931384408,8,2
18,0,2,0,22.814247246460315,2,1
13,1,0,0,14.171680773660512,5,2
16,1,3,0,21.195938902404926,6,2
23,0,3,0,35.31710998688219,9,0
20,1,2,0,30.043659023253056,6,1
2,0,1,0,24.252834489200293,10,0
22,1,0,0,12.938665851365133,6,1
6,0,2,0,29.81278909807146,10,1
16,0,0,0,15.238708880289611,10,2
11,1,0,0,12.450763003571677,6,2
8,0,3,0,31.24787255870745,9,1
14,0,2,0,39.18591673027224,10,1
17,1,3,0,24.738989976656715,7,2
20,0,2,0,11.311869139459649,1,0
12,0,0,0,38.169526957393316,1,1
20,0,3,0,12.14316051595437,4,0
7,0,0,1,37.760423766450785,2,1
13,1,2,0,22.538219943133793,3,0
7,0,1,1,21.69262523593887,7,1
13,0,3,0,27.369516142606457,7,0
6,0,3,0,40.626714158215,3,0
22,1,0,1,38.7596974427513,2,2
11,0,0,0,25.05056282575255,1,1
10,0,1,0,32.266343392762195,9,1
21,1,3,0,28.573736074989196,10,2
21,0,2,1,32.190770530021354,3,1
10,0,2,0,36.538478721987104,9,2
21,0,3,0,11.103802523795004,4,0
12,0,3,0,20.42431532569272,10,2
17,0,3,0,40.69853146348375,6,1
1,0,1,0,40.37876187279757,7,0
20,1,2,0,10.3590684792788,10,1
14,0,2,0,16.44608415751572,6,0
19,1,0,0,41.80064135501961,1,1
17,0,0,0,25.770402428783548,6,1
14,1,3,0,28.331712126939284,6,0
18,1,0,0,15.32544593671848,5,2
22,0,1,0,38.61873948027295,3,0
23,0,2,0,17.400457588771612,10,0
11,0,2,0,16.06872416062517,3,0
12,1,0,0,17.299916906250502,10,2
21,1,3,0,39.42789448451228,7,1
10,0,0,0,32.49109462965917,8,2
4,0,3,0,34.595084623688805,3,0
0,0,1,0,22.065163461896088,3,0
23,1,2,0,39.09366447777796,7,0
2,0,1,0,35.26105447486047,10,0
21,0,2,1,34.01911560023428,7,1
18,0,1,0,41.070089077534455,9,2
22,0,0,0,21.718298585387156,6,1
6,1,1,0,29.551156697468198,7,1
11,0,1,0,39.117750367270915,10,2
14,0,0,0,35.30844618195048,1,0
4,0,2,0,28.02812666321968,7,0
14,0,2,0,12.438837912966363,2,0
7,0,0,0,30.887150065781544,7,1
9,1,1,0,26.84977781977127,3,1
15,1,1,0,15.893774767508045,9,1
7,0,1,0,38.23209994696312,5,0
0,0,3,1,20.983955036759784,7,0
11,1,2,0,22.399356592553502,8,2
4,0,1,0,31.516849561485138,2,0
2,0,2,0,25.64155974531971,1,0
0,1,1,0,12.85699444093278,7,0
3,1,0,0,22.398131755367512,6,0
7,1,0,0,13.02291577402346,6,1
2,1,2,0,16.1040128999482,2,0
9,1,2,1,10.229582027214523,3,1
1,0,0,0,15.80201860750919,4,0
10,0,3,0,20.57431532794755,3,1
9,0,0,0,27.222989879433428,2,0
20,0,1,1,39.416870757847434,3,0
13,0,3,0,27.290459751745768,6,0
6,0,0,0,32.57931332365893,9,1
1,0,3,1,21.445666921784774,4,0
8,0,3,0,34.05218539415256,6,0
15,0,3,0,29.854999873647277,1,0
12,0,2,0,24.71340842479556,6,1
8,0,0,1,16.200601436519225,3,1
19,1,2,0,19.713309055913566,9,2
3,0,2,0,29.870274796024162,4,0
21,0,1,0,23.633802379666335,7,0
9,1,1,0,38.460369815969656,4,1
21,0,3,1,17.51488868913873,6,1
11,0,3,0,12.338324872104714,7,1
16,0,1,0,28.859154448175502,2,1
13,0,1,0,38.35362688608243,10,1
13,1,0,0,21.671648942073237,6,1
1,0,3,0,30.726762715781284,8,0
20,0,3,1,17.405203909668757,6,1
19,0,1,0,27.871101493526027,2,1
10,0,0,0,35.1773472276049,4,1
15,0,1,0,37.745011160853885,1,0
18,0,1,0,13.363812155276694,7,1
22,0,2,1,21.403984521383855,8,2
5,0,3,0,30.468622141947847,10,0
23,0,0,0,11.11113177899687,2,0
18,0,2,0,32.099686404826464,10,2
4,0,3,0,26.897084249722468,5,0
3,1,1,0,19.234120935040846,8,1
14,0,0,0,36.068942419009616,8,1
3,0,3,1,19.281622793464805,5,0
19,0,1,0,41.72528147852171,8,1
9,0,2,0,36.12384605162689,6,1
23,1,0,0,32.6553760442588,5,0
21,0,3,0,11.963121854804672,4,0
2,1,2,0,38.937931903592755,5,0
4,0,1,0,35.28176978360163,4,0
5,1,1,0,17.328802537337673,1,0
20,0,3,0,22.551941802460448,3,0
21,1,1,0,18.596209651812572,8,1
7,0,0,1,41.501313093794124,7,2
6,0,3,0,37.3342862337779,7,0
20,0,2,0,39.76720968624328,3,0
9,0,3,0,35.24077556401376,9,1
5,1,3,0,24.60314371424792,6,0
13,0,2,0,16.57389599406992,8,1
3,0,1,0,16.65856502111148,8,0
12,0,2,0,14.853851147733664,3,1
19,0,0,0,27.492785609708704,4,1
16,0,1,0,39.438928731636565,6,1
22,0,3,0,41.73753824146452,2,0
6,0,1,0,19.193593601176474,7,0
3,1,1,0,32.31406528949534,2,0
13,0,0,0,29.10713649953209,5,0
2,0,1,0,25.645955740041956,4,0
23,1,1,0,31.304596601985324,9,0
4,0,1,0,21.883616607362207,2,0
15,0,3,0,40.223512802990385,7,0
22,0,1,0,32.57436376660279,7,1
19,0,2,0,34.13443494375824,7,1
3,0,1,0,17.757507040194366,1,0
23,1,0,0,15.394624111923822,8,0
23,0,1,0,22.618905379018337,2,0
1,0,1,0,34.53351953075693,5,0
17,1,3,0,40.04146911209144,2,2
18,1,2,0,23.67455443116825,5,1
18,0,1,0,34.77301735990931,7,1
16,0,2,0,25.053043822937905,6,1
13,0,0,0,19.44730398577484,5,0
18,1,3,0,33.656484823227125,4,2
21,1,2,0,35.54246828740247,8,1
23,0,3,0,16.490905410581767,8,0
12,0,1,0,19.76542406545058,1,0
11,0,0,0,25.83285899115719,10,2
5,1,3,0,15.968698552540054,2,0
20,0,1,0,39.72269756012136,3,0
3,0,2,0,28.92268520194395,1,0
18,1,0,0,13.878504875894166,3,2
15,0,0,0,15.888955669838786,10,1
12,0,2,0,40.53937105039502,8,1
3,0,2,1,33.621394742291784,4,0
22,0,0,0,33.500962704159555,7,0
16,0,3,0,12.319955008161745,7,2
22,0,0,0,38.649562806686305,5,0
0,0,2,0,24.199531601875346,1,0
17,1,3,0,31.11095432447764,10,2
19,0,1,1,40.71005501164845,4,2
16,0,0,0,13.200396171409821,7,2
14,0,2,1,25.43284670357052,5,1
10,1,1,0,11.587607573181817,2,1
21,1,0,0,25.985453546358894,8,2
12,0,0,0,18.072301135602274,2,1
0,0,3,0,39.154096936763864,8,0
16,0,2,0,22.75175981673878,2,1
5,0,1,0,30.283918273666533,5,0
3,0,0,0,37.52919247406557,4,0
19,1,3,0,41.47813946934965,1,0
15,1,1,0,26.12221985051347,8,1
14,0,1,0,24.58424649156659,10,1
14,1,0,0,12.423668649486679,3,0
5,1,1,0,10.407646186790881,4,0
14,0,0,0,29.481666959951877,4,0
13,0,3,1,12.094859268724672,5,1
10,1,3,0,22.172125985231144,3,1
6,0,1,0,10.115405955406768,9,1
8,1,0,0,29.687279966901464,4,1
15,1,2,0,23.61328513409588,10,1
4,0,3,0,14.064664633161211,4,0
19,1,0,0,19.483763418906307,6,2
9,1,0,0,28.229142367101584,8,1
17,0,0,0,31.014827776319265,7,2
2,0,1,1,24.794748149230298,4,0
12,0,2,0,35.72669171491027,4,1
10,0,1,0,13.598093174495542,5,1
16,0,3,0,12.705463123597049,10,2
21,0,1,0,11.415816608569866,5,0
12,0,0,1,27.14649086238215,1,2
5,0,1,0,32.59941453550265,8,0
16,1,0,1,14.176684781520951,10,2
12,1,2,0,30.44625989937256,5,2
18,1,1,0,25.26232851806511,3,1
20,0,1,0,41.595024004835686,3,0
18,1,1,0,32.95915549652517,4,2
9,1,0,0,31.039146726132028,7,1
2,0,0,0,28.254391515915025,5,0
13,0,1,0,41.91571780959052,1,0
18,0,1,0,41.374693467346475,5,1
4,1,2,1,27.21968401582469,5,1
4,0,2,0,24.565867114696374,6,0
19,0,3,0,24.787677526456076,7,1
16,0,2,0,23.7069564903477,5,1
20,0,2,0,27.00474582388231,2,0
9,0,2,0,18.754696570059863,2,0
4,0,0,0,39.65724105966165,4,0
3,0,2,0,25.687362606781928,1,0
5,1,2,0,36.944249978835494,7,0
3,0,1,0,25.20971758936384,1,0
6,0,0,0,32.98528876512778,3,0
6,0,3,0,20.78022286325056,10,0
17,0,3,0,29.993819447464336,7,1
2,0,2,0,25.94788625442942,6,0
0,0,3,0,21.747656209075515,7,0
23,1,3,0,38.20980035417603,5,0
3,1,3,0,13.606773847965087,8,0
5,1,2,0,25.58154074621153,6,0
8,0,3,0,16.219810344516375,4,0
21,0,2,0,37.55376291896293,1,0
13,1,1,0,18.11101903090123,2,0
11,0,1,0,30.269770883578293,6,0
19,0,3,0,15.29803248273133,4,1
23,0,1,0,22.957237423066772,3,0
3,0,2,0,38.779430260779655,7,0
20,0,1,0,15.314062220862095,7,0
23,1,3,0,31.22226641114687,2,0
11,0,2,1,16.544331857790553,8,2
9,0,0,1,23.303969681029308,1,1
21,1,2,0,27.299740299987178,10,1
6,1,1,0,28.47380538207193,7,1
2,0,0,0,29.28036280170097,10,0
22,0,2,0,30.48420529250951,1,0
13,1,0,0,18.69659832556152,3,1
23,1,0,0,22.84375954294909,3,0
9,0,0,0,11.194197234402061,10,1
15,1,2,0,34.600223249004,2,0
15,0,1,1,36.78718405724487,10,2
21,0,2,0,16.375576431537457,5,0
9,0,1,0,16.44620686814982,4,0
12,0,2,0,11.345164870093463,6,1
5,1,2,0,41.0522823293596,2,0
11,0,2,0,35.82997017975133,4,1
8,0,1,0,21.542502492993027,7,0
12,0,2,0,25.42106468703441,1,0
3,0,0,0,19.342942740827795,3,0
23,0,2,1,29.1118069863067,1,0
10,0,0,1,32.953869194672265,2,2
19,0,3,0,24.315791295739906,9,2
17,1,3,0,37.95501418533195,10,2
10,0,1,0,26.54482759100192,5,1
20,0,1,0,14.616104610489945,4,0
3,1,3,1,29.91332402680453,4,1
17,0,2,0,24.79139090904968,8,2
0,0,2,0,39.941499618615225,3,0
6,1,2,1,22.54060546994923,4,1
5,0,3,0,22.89170365280333,2,0
14,0,0,1,30.824748473011528,6,2
17,0,1,0,26.863558986445696,9,2
23,0,0,0,21.982396081229915,4,0
10,1,3,0,41.67278130176287,6,2
19,0,0,0,19.66993631998134,4,1
23,1,2,0,18.880921343520914,2,0
14,1,2,0,37.661684112707306,6,1
15,0,0,0,10.107934193617776,7,0
6,0,3,1,16.440101148957044,4,1
20,0,0,0,28.894294024383235,7,1
9,0,2,0,15.198416891029275,8,1
11,0,2,0,41.54572552715482,3,0
23,1,3,0,24.854259917492193,2,0
13,1,0,0,29.11565039873763,5,1
4,0,2,0,15.13195088336618,2,0
20,0,2,0,19.26009922790169,10,1
17,1,0,0,29.667993045741298,5,2
4,0,0,0,27.585707945164724,10,0
2,1,1,0,35.09964625411732,6,0
22,0,3,0,18.615461714378117,8,0
4,0,3,0,30.913348694609088,6,0
23,1,0,1,19.311216183963694,4,1
16,0,3,0,28.77608383187585,3,0
18,1,2,0,29.360990965926675,2,1
18,1,0,0,13.89885156334364,1,1
20,0,0,0,27.556259541960515,2,0
11,0,0,1,10.38202559853384,2,2
8,1,1,0,26.03874404399013,5,0
0,1,3,0,32.3207004354584,9,1
17,0,1,1,12.330647327679639,1,2
20,1,2,0,40.03874612534487,4,0
3,0,3,0,24.680177023662537,10,0
9,0,1,0,40.02932081996998,7,1
6,1,0,0,13.43674955811624,10,2
21,0,1,0,40.39688302142511,3,0
22,1,0,0,13.494307181611095,8,1
0,0,1,0,24.767865550442753,3,0
16,0,1,0,40.015746135259704,8,2
23,0,1,0,17.44666241244389,2,0
1,0,0,0,11.11311938747949,5,0
10,0,1,0,35.37954160090307,4,0
8,0,3,0,29.068276405408316,9,1
6,0,3,0,26.4454781728461,3,0
21,0,3,0,11.098988299302988,5,0
16,0,0,0,30.903400601819044,10,2
16,1,0,0,15.491947260306073,9,2
1,0,3,0,39.79829376655025,6,0
5,0,3,0,31.943262434421825,2,0
13,0,3,0,32.62508441708277,1,0
5,0,2,0,17.442568723560974,1,0
1,0,3,0,38.18412281781499,7,0
0,0,1,0,27.207442265062433,2,0
9,0,2,1,37.42669369005537,7,1
20,1,2,0,18.67031919463283,1,0
4,1,0,0,34.17477481914388,4,0
1,0,1,0,28.38614091712152,10,0
21,0,0,0,11.549417785938612,4,0
15,0,0,0,22.970954360745182,5,1
1,0,1,0,15.885134883950876,10,0
9,0,0,0,21.493554812120195,1,0
1,0,1,0,22.26725229648712,7,0
15,0,1,1,25.197707296908312,2,1
15,0,0,0,29.20929416731082,2,0
18,0,3,0,28.271284879942375,8,1
6,0,0,0,11.247724950559842,9,1
21,0,2,0,34.022054991639095,6,0
11,0,0,1,40.373884303128584,1,2
23,0,1,0,21.157801247518933,1,0
14,0,2,0,15.751900842824273,7,0
7,0,1,0,27.28005001969233,8,0
5,0,3,0,32.55721370381261,3,0
9,0,3,1,31.724956624885223,9,2
2,0,2,0,29.587506480027464,4,0
18,0,3,0,14.679432068102674,4,1
16,0,3,1,36.77839662089595,3,2
6,0,0,0,23.61988999740209,8,1
20,0,0,1,17.08699465701984,9,2
19,0,3,0,12.760516514019088,1,1
3,1,3,0,23.33501167913757,2,0
13,0,0,0,29.775137499113836,1,0
19,0,3,0,31.292086692848248,4,1
21,1,3,0,40.80758116471222,10,2
14,1,1,1,14.900738677240238,7,2
23,0,3,0,41.54475728632167,7,0
7,0,2,0,30.949628178311293,6,0
20,0,1,0,24.535329846630447,5,0
14,0,2,1,38.422215227141095,4,1
21,0,3,0,32.22335174250857,8,0
19,0,0,0,21.158950875424487,7,1
13,0,1,0,38.29074229044677,10,1
8,1,0,0,31.331694618225114,1,0
7,1,1,0,32.362795385415026,6,1
16,0,0,0,38.68447641875284,2,1
1,0,1,0,24.349318655009768,4,0
23,0,1,0,31.02093139071221,5,0
2,1,2,1,33.83004869240897,8,1
7,0,0,1,24.52608186018501,6,2
11,0,2,0,12.67046770360939,2,1
0,0,2,0,34.68607261101954,5,0
9,0,0,1,11.530123287787578,5,2
19,0,1,0,32.97326085512762,6,1
2,1,2,0,39.1480066727857,1,0
5,0,0,0,21.10300794784059,8,0
6,0,1,0,13.265977124410458,3,0
19,0,2,0,17.451647673306915,5,2
22,0,2,0,27.993010052012558,7,1
17,1,2,0,40.16511177939476,3,2
10,1,1,0,26.393047356355737,10,2
18,1,2,0,13.60759322229428,6,2
4,1,1,1,30.089061558922815,5,1
18,0,3,0,33.45103797721413,7,1
10,0,2,0,22.58507743976931,10,1
23,0,3,0,33.088450059053265,3,0
11,1,0,0,20.394330084454072,2,2
9,0,2,0,35.25088485108523,4,0
7,0,0,0,20.914309106242207,3,0
23,1,0,0,18.19542693122003,4,0
8,0,0,0,38.1338049885304,7,1
3,0,3,0,27.55114947761268,5,0
4,0,1,0,19.125001239733912,4,0
20,0,3,0,39.92278046870615,6,0
7,0,3,0,32.10723761491357,7,0
22,1,0,0,17.06241278897815,5,1
8,0,2,0,29.66855534696898,7,0
14,1,1,0,37.85148260124879,3,0
14,0,0,0,32.276900561281835,7,1
15,0,1,1,17.832292824324174,3,0
13,1,3,0,30.763146518224474,6,1
7,0,1,0,29.813099927046427,8,0
17,0,1,0,36.26699723451804,6,1
9,1,2,0,15.700243103894394,10,1
19,0,0,1,32.38830934404352,3,2
5,0,1,0,10.875862148278465,5,0
11,0,1,0,32.27760962034456,9,1
1,0,3,0,40.73399372603382,8,0
6,0,3,0,15.580424519987758,6,0
15,0,1,0,19.961592730208285,9,1
2,0,0,1,28.65189030491364,2,0
12,1,1,0,33.43664146743218,9,2
2,0,1,0,21.0198844929451,10,0
17,0,2,0,31.256287268484403,10,2
10,0,0,0,38.77692136116266,6,2
7,0,2,0,33.249881191176385,9,0
5,0,0,0,32.75272696327181,4,0
0,1,0,0,22.22306106933171,5,0
0,1,0,0,39.16573788282243,2,0
22,0,2,0,18.87433414275449,3,0
7,0,2,0,16.56897141183042,1,0
4,0,2,0,21.655165879248123,4,0
15,0,3,0,30.804999063631808,2,0
10,0,2,1,37.573695558224216,2,2
4,1,3,0,14.226521035114146,1,0
3,0,3,0,36.04166967232521,10,0
5,1,3,0,36.010348629407844,2,0
13,0,1,0,28.781419410882755,4,0
21,0,1,0,34.34073406649682,6,0
18,0,1,0,15.820182340850796,7,2
8,0,3,0,15.426752026262829,7,0
11,0,3,0,37.60960109211926,7,1
10,0,0,0,25.94074999150614,4,1
13,1,3,1,17.86999085609117,5,2
22,0,1,0,32.03937144340236,3,0
15,0,3,0,38.54000534189507,1,0
0,1,3,0,30.234324670215994,8,0
12,1,0,0,21.11504137408055,10,2
22,1,3,0,25.463608489376465,7,1
20,0,2,0,34.072622750250865,9,0
20,1,0,0,12.1600393239164,10,2
12,0,3,0,16.949264510606152,4,1
1,0,3,0,24.80266197278231,5,0
3,0,0,0,29.33571085110716,5,0
5,0,3,0,20.853298913354383,7,0
22,0,1,0,19.548509499836182,9,0
4,0,2,0,11.324294262391081,8,0
2,0,2,0,11.043256705646321,7,0
0,0,1,1,18.91823533769042,1,0
3,0,3,1,26.976195202865377,10,1
19,1,3,1,27.803887886253168,6,2
1,1,2,0,25.808879771739804,10,0
4,0,3,0,23.116181888090697,9,0
2,1,2,1,18.073330856362265,7,1
8,0,2,1,22.82222181096903,1,1
19,0,1,0,14.440318892336432,9,1
5,0,2,0,13.688295328833178,3,0
17,0,3,0,19.598184218041325,9,1
5,1,3,0,41.85116148567103,4,0
18,0,0,0,20.44790232052475,9,2
11,0,3,0,39.96660449136337,8,1
10,0,0,0,22.55238866456621,7,2
1,0,2,0,24.0483197183875,4,0
14,1,3,0,35.506012262471344,9,1
11,1,1,0,12.996426478318615,4,1
11,0,1,1,15.834026354996464,1,2
8,1,1,0,41.16288847920687,6,1
20,0,2,0,26.18935487874223,4,0
23,1,2,0,11.41790983067617,10,0
1,0,0,0,11.516183457793616,3,0
21,0,1,0,39.03170188087657,5,0
2,0,0,0,37.94768286587896,3,0
11,0,0,0,24.668771422243204,9,2
15,0,3,0,15.22310675022716,6,0
20,0,3,0,36.56910740359935,3,0
23,0,1,0,20.387203432948816,5,0
0,1,2,0,23.40986875721905,8,0
20,0,3,1,31.839244129578177,8,2
2,0,2,0,21.308747309044943,6,0
19,0,0,0,30.117437654345377,5,2
1,0,0,0,38.3290467341627,5,0
8,0,0,0,35.51594460078328,1,0
18,1,0,0,22.211554363749134,2,1
14,0,1,0,19.213969750519514,4,0
17,0,0,0,19.136334359665888,6,2
10,0,3,0,21.154916812050658,7,1
22,0,0,1,25.792543575192713,1,1
15,0,2,1,23.33111938220618,8,2
21,1,3,0,14.256128671605051,1,0
16,1,2,0,15.230587466685066,9,2
4,0,2,0,20.97374750074187,4,0
11,0,1,0,27.986051201883434,7,1
10,1,1,0,28.96524640427183,6,1
14,0,2,0,25.55862607669216,9,0
2,0,2,0,33.64082819864046,2,0
0,0,0,0,33.59196124021557,7,0
19,0,3,0,23.684079093996434,5,1
15,1,0,0,13.982105944350216,7,1
1,0,1,0,26.965592632547942,1,0
1,0,1,0,22.207010047802644,10,0
2,1,0,0,14.413535672438506,9,1
7,0,3,0,41.418150718874855,1,0
23,1,2,0,21.83217245696327,5,0
14,0,0,0,30.02553086787939,8,1
6,0,1,0,25.68412356277109,1,0
5,1,3,1,14.570504934936515,7,1
8,0,1,1,11.777395947922258,2,0
19,0,3,0,30.024621282622686,7,1
0,0,3,0,17.90469985113234,7,0
7,0,3,0,17.79692798763888,9,0
22,0,0,0,40.62323807072994,6,1
22,1,0,0,24.776745737961324,4,1
2,1,0,0,10.941634128022056,7,0
3,1,3,1,20.874966884793817,7,1
14,0,3,0,28.703729352071253,4,0
5,0,1,0,20.514157392547865,2,0
14,0,2,0,10.859262529092554,9,1
20,1,0,0,24.217960494935532,8,2
2,0,3,0,13.389002757592891,5,0
20,0,1,0,29.81312078920654,5,0
20,1,1,0,29.826787207126017,1,0
13,0,1,0,11.208292467148823,9,1
19,0,0,0,19.301320371180072,10,2
13,1,0,0,23.237960439648123,8,2
3,1,2,0,27.608451131493695,5,0
11,0,1,0,19.474029750662243,10,1
16,0,0,0,19.20788840164474,6,1
6,1,1,0,41.4564850000083,10,2
8,0,3,0,11.339609463068797,10,1
2,0,1,0,41.649453250916864,8,0
12,0,2,0,11.528062114508689,6,1
14,0,0,0,19.226925689429947,10,1
17,0,3,0,25.798107359019202,4,1
18,0,0,0,14.585546976458406,3,1
0,0,3,0,14.315083600599163,7,0
5,0,1,0,18.202006824350267,2,0
22,1,1,0,41.15222987435422,7,1
1,1,2,0,22.163739483986053,1,0
23,1,2,0,28.11183482461414,10,0
13,0,3,1,32.53732487621268,5,1
5,0,2,1,33.751098736774736,9,1
13,0,2,0,32.017310923051355,1,0
3,1,2,0,20.781702182135195,8,0
20,0,2,0,13.575290475393999,9,1
7,0,1,0,19.014927210662748,9,1
2,0,2,0,16.729447256624212,8,0
18,0,1,0,14.360873755818137,4,1
13,0,1,0,10.783895416051799,7,0
19,1,0,0,39.94322716986925,1,1
16,1,1,0,39.47310036945082,7,2
7,0,1,0,11.613344180165416,6,0
23,1,2,0,15.538706330252857,5,0
13,0,1,0,14.464015086809397,1,0
5,1,3,0,18.999133901488555,8,0
22,0,2,0,16.530203855319716,10,1
21,0,2,0,40.267313196731365,1,0
15,0,2,0,12.693453969926523,1,0
18,1,0,0,16.773466464144104,3,2
13,0,2,0,12.583145746653262,8,0
18,0,1,0,41.37233115662197,8,2
2,0,3,0,39.389232291104165,7,0
9,1,2,0,32.93221087249315,5,1
18,0,2,0,23.631137031037227,8,1
8,0,3,0,16.08570033676776,2,0
19,0,2,1,17.087671200644557,8,2
12,0,0,0,24.177280273792366,2,1
6,0,1,0,34.583125482767414,10,1
13,0,3,0,18.471343871966685,5,0
8,0,3,0,19.945341201108693,4,0
22,0,0,0,29.19821732494306,1,0
18,1,1,0,17.607339592904115,5,2
14,0,0,0,28.694995881369714,7,1
19,0,1,0,22.388188584713106,1,0
13,1,0,0,11.099782588843137,2,0
23,0,2,0,22.886441159422844,9,0
5,1,0,0,39.424808944612636,5,0
20,0,3,0,19.37958013227074,7,0
3,0,3,0,20.330636461967007,2,0
7,0,3,0,12.11010841789718,7,0
16,1,0,0,29.681518354217417,7,2
8,0,3,0,37.175755657546844,7,0
0,0,3,0,21.293532578979253,5,0
23,1,2,0,17.68785784063963,9,0
19,0,2,0,40.611579333243476,2,0
13,0,1,0,33.842323666927626,4,0
10,0,1,0,28.149233897064466,2,0
20,0,1,1,19.77699732303629,8,2
2,0,0,0,17.065536575244828,1,0
8,0,1,0,32.90380924801495,9,1
13,0,0,0,26.697242148395013,5,0
8,0,0,0,26.659194137695394,3,0
3,1,1,0,12.358714197511802,4,0
3,1,1,0,26.39022325630739,1,0
7,1,0,0,36.3278089932638,3,1
1,1,2,0,40.29757688946429,8,1
8,0,3,0,13.413836719415524,2,0
13,0,3,1,30.197286742370267,2,0
21,1,3,1,28.1871120255439,9,2
8,0,2,0,38.48999971034054,5,0
23,0,0,0,34.03980896591589,5,0
22,1,1,0,40.88837981329002,1,0
15,0,0,1,40.72104120262388,6,2
16,1,0,0,17.221922987047066,8,2
15,0,1,0,33.21122790081351,6,0
11,0,2,0,26.97673892367662,7,1
2,0,3,0,16.867263846889774,4,0
10,0,3,0,16.235810630956824,2,0
13,1,0,1,12.594698920521168,1,2
17,0,2,0,35.45744884539805,6,1
20,0,3,0,20.384152979840305,9,1
20,0,2,0,37.42300273052693,10,1
4,0,1,1,29.466091712742866,5,0
15,0,0,0,31.556267354830744,2,0
19,1,0,0,19.333559987526293,1,1
4,0,2,0,24.633416940661874,3,0
2,1,3,0,23.194162498659995,4,0
11,1,2,0,17.542037245587238,7,2
0,0,1,0,36.64038939285736,9,0
20,0,3,1,29.906704185811876,8,2
8,1,3,1,11.197823278498245,9,2
8,0,2,0,36.23734462011803,7,0
3,0,1,0,13.393208192914926,10,0
2,0,3,0,22.918285873041896,8,0
16,1,0,0,28.280220852172093,8,2
1,1,1,0,10.244839861158976,1,0
23,1,3,0,30.893059374173955,9,0
0,0,2,0,31.110494065928226,2,0
7,0,3,0,30.880842148244696,7,1
12,0,0,0,15.230974019400868,10,2
22,0,1,0,18.18343445675358,10,0
14,0,3,0,17.916026225047688,5,0
7,1,0,1,40.72214346174839,4,2
11,1,3,0,12.160901991228073,1,1
21,0,3,1,23.720368246512127,1,0
11,0,1,0,37.880124986246216,3,1
13,0,2,0,34.62291182232691,1,0
14,0,2,0,36.31814798876566,8,0
14,1,0,0,41.11339469191466,3,0
8,1,0,0,22.392377992742045,10,2
18,0,0,0,19.908968780174757,2,1
19,0,1,0,10.981103684806314,6,1
21,0,2,0,14.800619577275587,4,0
7,0,0,0,27.984468945376772,4,0
20,0,0,0,15.045139041706882,2,0
18,0,3,0,33.56176051138914,2,0
5,0,3,0,11.19144335731,6,0
19,1,0,0,18.30361674361222,5,2
18,0,3,1,32.254499948431636,9,2
3,0,3,0,18.17609037565004,4,0
22,0,3,0,33.32033485518285,5,0
6,0,1,0,41.86764401378246,1,0
3,0,0,0,35.506686574371315,2,0
21,0,0,0,20.93873468035208,3,0
11,0,3,1,38.81894082010436,5,2
12,0,1,0,11.637751541382702,5,1
2,1,3,0,33.20021838231399,4,0
21,0,1,0,10.746314610005602,10,0
11,1,0,0,15.58577585142288,3,2
1,0,3,0,41.60274372923438,9,0
23,0,0,0,21.548317199817824,1,0
1,0,1,0,36.255980101255645,6,0
22,0,2,0,22.034774810739265,7,0
8,1,1,0,36.880910425530104,10,1
0,1,2,0,40.894065924056775,4,0
7,1,0,0,23.93715978941333,10,2
22,1,0,0,27.89917413914494,3,1
5,0,3,0,30.11646367883417,8,0
5,0,2,0,39.914713669607536,9,0
21,0,1,0,18.215810797905853,1,0
17,1,0,0,29.559979930679255,10,2
16,1,2,1,20.39104730314056,9,2
11,0,1,0,16.941861765837423,7,2
5,1,2,0,12.717450848742853,1,0
7,0,1,0,29.862747639550363,7,0
18,0,1,0,38.22673532389019,5,1
9,0,1,1,21.244572443024403,10,2
0,0,1,0,27.685393158175273,7,0
12,1,2,0,30.548281449411704,9,2
16,0,2,0,23.268805689446527,8,1
2,0,3,0,38.90713121171386,6,0
7,0,2,0,21.60816515843765,2,0
13,0,2,0,14.000346242874997,8,0
2,0,3,0,14.608651457654386,4,0
15,0,2,0,38.50744366424681,8,1
12,0,1,0,41.61625737113471,7,1
19,0,0,0,19.246011218294942,4,1
23,0,0,0,14.595287220950766,8,0
16,1,3,0,25.430793016198702,2,1
12,0,2,0,32.70489803445113,9,1
5,0,2,0,29.596893059295105,6,0
16,0,3,0,40.4354618266436,7,1
13,0,0,0,36.1688922870921,10,1
16,0,1,0,37.80710928204807,1,0
7,1,2,0,27.333349083170248,3,0
10,1,3,0,20.4728061866064,10,2
19,1,1,0,32.45555233473853,5,2
0,0,3,0,24.049697278444643,7,0
6,0,3,0,19.208135697994386,1,0
20,1,3,1,14.87266194151352,9,2
20,0,0,0,26.891974652465997,5,0
16,0,0,0,29.0161141503974,3,1
9,1,3,0,28.2011418449336,7,1
10,0,2,0,13.729547629873728,10,2
21,0,1,0,28.23959422523978,8,1
8,0,2,0,15.389251417764513,10,0
8,0,0,0,31.238853294447008,10,1
23,0,1,0,23.74028789329707,3,0
4,0,3,0,37.161234807652974,7,0
16,0,2,0,34.90450383340092,7,1
8,0,2,1,33.18022564853228,4,1
16,0,3,1,32.42358717869767,10,2
23,1,2,0,27.935617263299264,9,0
20,0,0,1,11.955634436107019,1,1
18,0,3,0,30.975667953056032,1,0
6,0,2,1,24.941509682038888,5,1
22,1,3,0,25.025750847793056,3,0
8,0,1,0,22.12871025492063,10,1
6,0,3,0,39.73026927493474,9,1
12,0,2,0,17.982440542477836,5,1
10,1,0,0,20.13102250911295,7,2
13,0,3,0,40.817305047539925,1,0
18,0,3,0,35.92491952885433,2,0
10,0,2,0,10.45076518921184,4,0
12,0,0,0,38.995443195579966,9,2
13,1,0,0,17.25271356265825,5,1
12,1,1,0,32.589841253314034,5,2
0,0,1,0,27.698339435750896,9,0
7,1,2,0,27.177980275289087,8,1
11,0,0,0,32.97348234856702,2,1
18,0,0,0,16.62980710062207,7,2
11,0,1,0,15.08880418452565,1,0
7,0,1,0,30.86120341545446,10,1
7,1,2,0,19.298535324949192,9,1
20,0,0,0,41.16640664504835,3,0
12,0,3,0,24.44837885038955,2,0
11,0,1,0,13.571104640222888,4,0
15,0,2,0,31.94608531750543,4,0
0,0,0,0,19.7970973589162,3,0
12,0,0,0,14.75479768388487,2,1
6,1,1,0,23.53034761247747,5,1
4,0,2,0,40.855112898792896,4,0
7,0,3,0,23.16577844438816,5,0
13,1,1,0,21.11468050339403,8,1
22,1,2,0,24.224286786217732,2,0
12,0,0,0,10.387702579188748,9,1
14,1,3,0,14.25924923515565,10,2
22,0,2,0,37.18958778030745,1,0
16,0,3,1,41.29710118702444,8,2
14,0,2,0,15.054127539317804,5,0
19,1,2,0,27.136570188381068,2,1
17,0,2,0,40.92266988178059,8,2
17,0,2,0,15.010604037726843,5,1
1,0,3,1,15.961907760078407,10,1
3,1,1,0,39.65812332570874,10,1
0,0,3,0,32.58200468647624,3,0
3,0,2,0,14.862933978949144,7,0
17,0,3,0,22.591765475795512,4,1
4,1,3,0,11.800638214870737,10,0
18,1,3,0,23.845489085366214,6,2
14,0,2,0,34.892847823585186,10,1
7,0,3,0,27.72710574675607,8,1
19,1,0,0,30.7181478981185,1,2
16,0,2,1,20.458244230406695,2,2
0,1,3,0,15.164669367833376,8,0
11,1,0,0,10.419733624751501,7,2
18,0,3,0,36.28199501853905,10,2
14,0,1,0,30.37294589906521,9,1
8,0,3,0,17.33827972120603,2,0
6,0,3,0,23.389886722473435,8,0
1,0,1,0,35.64618459929966,6,0
8,0,2,0,27.238405954924342,1,0
9,0,1,0,19.605116046271306,4,0
1,0,2,0,18.549904549461935,2,0
18,0,1,0,16.96364878236242,7,1
10,0,3,0,36.35935616429343,9,2
12,1,3,0,28.6195312219092,6,1
9,0,2,0,32.69302930244686,4,0
13,1,2,0,37.52385412471723,5,1
17,0,0,0,41.57957448096692,1,1
18,0,0,0,17.983474768985023,4,2
21,1,3,0,15.788879598653214,10,1
8,0,3,0,24.78394696940635,3,0
6,0,0,0,11.12228094331304,9,1
2,0,0,0,35.3349722100329,6,0
19,0,2,0,38.28031996270023,4,1
5,0,1,0,31.95327035993691,3,0
20,0,2,1,18.5758407860355,4,1
1,0,0,0,13.940975167641298,8,0
5,0,3,0,22.228614013436427,5,0
2,0,0,0,36.66673985616811,1,0
15,0,3,1,21.13048972115567,5,1
7,0,3,0,11.09614635605248,8,1
1,0,3,0,18.77697203920422,4,0
16,1,3,0,41.67825952242315,2,1
8,0,1,1,31.653400181308264,3,1
11,0,0,0,38.82735455926809,9,2
2,0,2,1,34.795688560035444,7,1
10,1,3,0,27.270576490452182,3,1
0,0,3,0,14.75804391663937,5,0
22,1,2,1,21.156623307382965,3,1
12,0,2,1,28.67968720877511,10,2
14,0,3,0,37.860235159423745,4,1
4,1,2,0,18.59760146767679,8,0
20,0,2,0,13.879259818887345,3,0
16,0,1,1,27.882634161754158,3,2
22,1,2,0,15.648039120577781,8,1
23,1,0,0,29.531576618301013,10,1
5,0,0,1,18.432686159479424,10,1
20,0,0,1,17.39081613761999,7,2
21,1,3,0,22.773784479644515,7,1
10,0,0,0,28.982136241854267,10,2
17,1,1,0,27.450165534378016,2,1
3,0,0,0,17.831503271519377,7,0
2,0,3,0,38.515733582508034,10,0
12,1,1,0,13.516223031526433,10,2
22,0,0,0,11.26296201837873,3,0
8,0,1,0,29.28660062099832,7,0
20,0,1,0,13.949029378095247,4,0
5,0,3,0,26.156506056926755,8,0
11,0,3,0,40.45674510110824,8,1
1,1,1,0,32.35456868648929,6,0
2,0,0,0,29.758610572728333,3,0
2,0,3,0,28.393767195912982,6,0
11,1,1,0,15.745256070386969,6,1
14,0,2,0,23.84473038809934,3,0
8,0,2,0,20.9607522357364,4,0
22,0,3,0,40.49837831110601,2,0
7,1,0,0,17.7542474038632,1,0
10,0,2,0,25.088523884673645,2,1
15,0,2,0,40.01853962484,7,0
21,0,2,0,35.25378087805808,10,0
3,0,0,0,40.864487657101535,5,0
0,0,0,0,29.466568164703713,9,0
23,0,3,0,20.68117935186989,3,0
6,0,3,0,36.452792814849886,2,0
1,1,2,0,19.32660068394786,4,0
23,0,0,0,15.27272966118035,2,0
4,0,1,0,32.601242049248235,7,0
6,0,2,0,30.4465812330995,10,0
3,0,3,0,38.12636488305265,6,0
4,0,0,0,40.78159225011362,8,0
23,0,3,1,37.43032279118573,5,0
0,0,3,0,11.920697522824664,2,0
0,1,0,0,31.26442985543258,4,0
14,0,2,0,35.11143721164946,1,0
19,0,0,0,41.42171917920565,2,1
18,0,2,0,21.98916158440428,4,1
9,0,3,0,15.436210792676732,6,0
17,0,0,0,37.29385797751108,4,1
2,0,1,0,20.15893579624177,4,0
10,0,2,0,29.142460665403483,10,2
14,1,1,0,22.476632454815995,10,2
10,0,2,0,22.874440216277158,2,1
16,0,0,0,33.438863333678455,9,1
16,0,1,0,21.567204010878037,10,2
5,0,0,0,32.178403615055586,8,0
4,0,2,0,10.458510574473667,8,0
7,1,2,0,20.38871648012403,5,1
1,0,2,1,20.209409003317205,3,0
15,1,2,0,33.96272914869495,6,1
19,1,3,1,20.06582771282009,9,2
23,0,2,0,30.266468235682655,8,0
11,0,1,0,32.03278086745168,7,1
5,0,2,0,31.069617414307686,8,0
0,0,0,0,29.305397793557265,4,0
3,1,3,0,23.23573917918063,6,0
16,0,1,0,21.945759285881934,5,1
12,1,3,0,28.06668986802847,2,1
17,0,3,0,12.038499279498442,8,2
4,1,3,0,38.02623494564884,3,0
23,1,0,0,36.41008457697098,5,0
23,0,3,0,21.08431094519007,8,0
2,0,3,0,28.1382119483402,9,0
10,0,2,1,39.831286341902825,9,2
12,1,0,0,18.692377517187094,5,2
3,1,1,0,33.75856856623531,2,0
13,1,1,1,12.647417834272165,7,2
21,0,1,0,26.747908719071074,7,0
10,0,0,0,38.28701214231353,8,2
9,1,1,1,27.654697092770352,8,2
18,0,0,0,29.720090458787244,5,2
17,1,2,0,39.04445738590541,1,1
5,0,2,0,32.891540481593694,4,0
14,0,0,0,32.267829767176494,4,1
20,0,1,1,28.76428870697275,3,1
9,0,0,0,30.255635654157388,8,1
4,0,0,0,35.71857356853175,3,0
4,0,3,0,41.33545866551182,5,0
9,0,0,0,35.450411328262014,2,0
4,0,3,0,32.64117861206388,6,0
2,0,2,1,14.337436275568475,6,0
22,1,3,0,36.14657239813418,8,1
5,1,0,0,33.5518197567585,8,0
3,1,2,1,34.653830252839484,1,0
17,1,3,0,17.39508730378598,5,2
8,0,0,1,38.91019828930969,2,1
16,0,2,0,13.11300378709959,10,2
12,0,3,0,18.11558578214229,5,1
14,0,0,0,31.216750026380854,10,1
19,0,0,1,31.558862842592486,9,2
16,0,1,0,20.026386121626395,4,1
12,0,1,0,32.44863286757807,8,1
15,0,3,0,22.413777204955906,1,0
21,0,3,0,10.005616507453546,8,0
3,0,3,0,15.203396233196273,6,0
4,0,0,1,38.24378480698158,8,1
4,0,3,1,17.126208375341403,6,0
8,0,0,0,13.61313084348403,3,0
16,0,3,0,31.830419389862225,8,1
12,0,0,0,24.102606157111556,5,2
1,1,0,0,35.49090996472462,10,0
12,1,1,0,37.56623790610522,5,1
21,0,2,0,37.07164407639141,7,0
20,1,0,0,20.016295014300585,6,1
22,0,3,0,26.177470014981253,9,1
18,0,1,0,30.804535508702852,7,1
2,0,3,0,20.303458793091966,3,0
9,0,3,0,11.31517809129658,5,0
1,0,0,0,25.86126023350141,9,0
12,0,0,1,10.410186670898998,10,2
18,0,2,1,40.42065999123031,2,2
16,0,0,1,35.493876674336846,1,2
20,0,0,1,16.144312848755025,8,2
13,0,2,0,19.202295964541708,8,1
11,0,3,0,41.45083353662203,2,0
20,0,2,0,21.95355373252174,8,1
11,0,2,0,35.07911543788455,5,1
10,0,2,0,24.29809498941614,2,0
6,0,1,0,37.65106957121952,7,0
3,1,3,0,32.520112261168286,7,0
18,0,1,0,10.7331219165171,3,1
0,1,1,0,19.42047635005559,1,0
23,0,0,0,27.85575407659048,4,0
2,0,2,0,39.63756941023212,2,0
12,0,2,0,13.264956628527692,4,1
14,0,1,0,29.237201206754143,8,1
1,0,0,0,19.66965540520504,2,0
10,0,0,0,38.45848902462209,1,1
3,1,0,0,34.48542750907242,3,0
18,1,3,0,21.83048710429713,10,2
16,0,1,1,15.347301245075638,7,2
2,0,3,0,10.367935116713529,6,0
17,0,0,0,29.87630242150236,6,2
7,0,0,1,22.9959618441998,7,2
21,1,0,0,20.072207771544612,8,2
23,1,2,0,41.536073332378734,3,0
18,1,1,0,24.916548337930085,3,2
4,0,2,0,33.994857076653574,10,0
6,0,3,0,15.67719735203956,8,0
20,0,2,0,10.43056824773804,7,0
7,1,1,1,23.36200382233651,10,2
4,0,2,1,31.301274718165175,5,0
16,0,0,0,26.2111582778707,4,1
4,0,3,0,38.494920243980516,6,0
3,1,3,1,23.887339237989273,9,1
21,0,0,0,19.95209002089892,6,1
18,0,0,0,39.313557638644596,8,2
20,1,0,0,23.01767291630019,1,0
1,1,1,0,18.628731572467572,6,0
10,0,2,0,13.125154457922573,2,1
21,0,3,0,35.38591274290627,3,0
12,1,2,0,36.402926745530976,6,1
14,1,0,0,11.065529074085504,2,1
11,0,0,0,21.476659148848793,4,1
21,0,2,0,33.99604654713471,6,0
20,0,3,0,40.284219119617724,5,0
21,1,1,0,22.09018508303696,6,1
10,0,2,0,37.9057098041438,6,1
6,0,0,0,22.599053009030243,8,0
4,0,0,0,15.743828071764739,9,0
16,1,1,1,10.11027660085983,5,2
23,0,2,0,20.565792740892153,6,0
19,0,1,1,22.11120162327589,6,2
8,0,1,0,40.243760924394756,6,0
13,0,3,0,16.59424807745993,2,0
11,0,3,1,22.23138265656015,4,2
5,1,0,0,10.804932154339621,1,0
16,0,2,0,34.433271522924365,1,0
18,1,3,0,39.28451956015957,1,1
18,0,0,0,17.61026071284774,7,1
15,0,2,0,23.727843540485264,1,0
11,0,0,0,13.907603883711808,6,1
11,0,3,0,24.618733770012504,2,0
19,0,0,0,14.266958836611053,6,1
5,1,2,0,26.747151821412867,6,0
22,1,2,0,33.507905293831456,3,0
3,0,0,0,27.70696879405338,8,0
5,1,2,0,17.84702650839603,4,0
10,0,0,0,21.321471535004964,7,2
0,1,2,0,30.434327606580236,4,0
23,0,0,0,28.872173369258405,1,0
22,0,0,1,14.376793219882671,6,1
14,1,0,0,37.03838315411529,5,1
10,0,1,0,25.206045191904494,9,2
18,0,2,0,15.195815184844577,9,2
17,0,3,0,13.930449362391336,8,2
16,0,0,0,40.89765678864417,7,2
18,1,1,0,19.009123557553472,2,1
20,0,3,0,39.074994813324025,8,0
13,1,0,0,23.138729560606045,3,1
17,0,3,0,22.34948577450209,6,1
18,0,1,0,32.42972702878183,10,2
14,1,3,0,10.316265208814766,7,1
14,0,0,0,20.818864692172497,6,1
3,1,3,0,19.684662790137885,5,0
6,0,3,0,37.779139017089484,4,0
12,0,0,0,26.931953248665064,2,1
2,0,1,0,21.66624503117606,9,0
15,0,1,0,18.51453792959098,7,0
8,0,3,0,28.89631388194013,7,0
7,1,2,0,14.85354049738767,4,0
19,0,3,0,17.87855259228101,5,1
12,0,2,0,19.39558928207199,6,1
16,0,3,0,29.453086323422113,2,1
16,0,1,0,21.944158688527214,4,1
16,0,3,0,26.185065603841583,4,1
0,1,3,0,30.814024440530773,4,0
7,1,2,0,40.60069122584599,7,1
18,1,1,0,34.47479670728808,7,2
5,1,2,0,22.968216978307446,7,0
2,0,3,0,33.94481198071222,7,0
4,1,0,0,40.3902137894148,2,0
12,0,3,1,25.980177460931994,5,2
14,0,3,0,23.13590185993247,10,1
13,0,2,0,12.49659836802357,2,0
22,0,0,0,38.55585186082759,5,1
15,1,0,0,17.88589698539698,6,1
17,0,2,0,12.046652698212466,3,0
21,1,1,0,27.19051157091466,6,1
21,0,0,0,37.068788670768804,5,1
10,0,0,0,23.01232177993768,4,1
2,1,2,0,35.058159045088516,10,1
21,0,1,0,36.764672233087865,9,1
9,0,1,0,24.54091388223564,8,0
9,0,3,0,28.910562110095157,7,0
20,0,3,0,27.085193553246082,1,0
15,0,2,0,40.05426757230405,9,1
11,0,1,0,33.21618192293636,9,1
1,1,2,1,39.610969944643614,6,1
8,1,3,0,17.0403192979831,7,1
23,0,2,0,19.927579258645455,3,0
2,1,2,0,12.269231141762166,5,0
23,0,0,0,25.997054614265846,7,0
14,0,0,0,37.96555774034914,1,0
2,0,0,0,20.4590943081829,1,0
18,0,3,0,14.105027422378608,5,0
17,1,2,0,12.190280157729696,9,2
7,0,0,0,24.320008720756945,7,1
16,0,0,0,15.248695828120425,1,1
7,0,0,0,21.075328924323312,5,0
6,0,3,0,36.23935385863798,8,0
6,0,3,0,22.28951624824078,8,0
2,0,2,0,29.515869384203384,2,0
0,0,2,0,26.069121786330076,7,0
3,0,2,0,32.99306537504116,10,0
4,0,0,0,14.9972786876022,5,0
0,0,1,0,39.454113167475796,9,0
14,1,3,0,30.59624952160113,3,0
4,0,0,0,18.670519410563433,1,0
12,0,0,0,13.944118660417889,4,1
7,1,2,1,14.79121805267809,7,2
7,0,2,1,35.04521366067546,1,1
4,1,0,0,28.819521706014655,2,0
8,1,3,0,22.184265302981867,5,1
0,0,3,0,20.65282707798016,9,0
3,0,0,0,37.384256140816966,1,0
2,1,1,0,37.99240076100675,4,0
1,0,1,0,28.600385229417373,3,0
7,0,3,0,26.785410101281162,5,0
22,1,2,0,36.126337346450285,5,1
8,1,1,0,33.97872575342001,10,2
1,0,1,0,22.81040586648923,2,0
13,0,2,0,12.647637912027424,5,0
13,1,1,0,34.59200343560889,9,1
3,0,0,0,15.3984329260878,5,0
5,0,1,0,10.524061007311307,10,0
10,1,2,0,36.98568560652771,2,1
2,0,0,0,28.504123050774997,7,0
7,0,1,0,38.53331313714427,6,0
2,1,3,0,25.506818662323777,7,0
13,1,0,0,39.6473952227649,8,1
12,0,0,0,21.32709593532364,10,2
12,0,3,0,33.18470407469737,5,1
1,0,3,0,19.631568296377072,2,0
12,1,1,0,10.03723725849531,7,2
18,0,1,0,22.151825105566616,7,1
5,0,2,0,33.60849641949564,8,0
15,0,2,0,14.800773742288445,7,0
1,1,0,0,26.153665062636577,10,1
7,0,3,0,16.79428751522288,7,1
16,0,3,0,12.387971885411293,9,2
22,0,2,0,29.75846342221812,8,0
1,0,0,0,40.4629639137089,2,0
9,0,0,0,19.942534998973347,2,0
15,0,2,0,28.580665611518413,7,0
5,0,2,1,40.51530776802542,10,1
1,1,2,0,30.81546719983,10,0
1,0,1,0,31.539625673918536,3,0
12,0,0,0,15.725712369946748,1,1
23,0,0,0,25.763509723290454,9,0
14,1,0,0,21.746647906791893,3,1
1,0,2,0,25.07061927651296,1,0
6,1,2,0,35.62645044614007,6,1
2,1,2,0,24.742367607875146,4,0
7,0,2,0,12.011221704250723,1,0
22,0,3,1,38.97733315682761,4,1
13,0,2,0,27.43410839846306,8,1
23,0,1,0,39.58381947296934,7,0
22,0,3,0,28.315344384883982,1,0
21,0,3,0,12.228362111201939,10,1
6,1,2,0,27.69182059282468,9,1
20,0,0,0,28.42364583976578,6,0
6,1,2,0,16.85887613897522,2,0
0,0,0,0,25.072930691340055,3,0
16,0,2,0,24.702128379956843,7,1
8,1,2,1,29.932036768659316,3,2
20,0,0,0,18.307651157565452,3,0
12,1,0,0,28.6159493743422,5,2
20,0,0,0,17.71046536438217,3,0
18,0,0,0,24.28624871052501,3,1
20,1,1,1,13.926582378793825,5,2
18,0,0,0,11.193617531567302,5,1
21,0,2,0,20.258793791735485,9,0
16,1,2,1,18.786296020791728,1,2
22,0,1,0,23.021949185003095,1,0
22,1,0,1,40.783443840010875,9,2
9,1,2,0,26.71133743265051,5,1
9,1,1,1,27.70165459637621,4,1
3,0,2,0,40.13123324119597,2,0
7,0,1,0,39.476708402938655,9,0
21,1,1,0,38.29158252481337,6,1
19,0,3,1,13.135831744950817,9,2
19,0,3,0,30.297517136650573,5,1
17,0,0,0,35.85916737579238,4,1
13,0,3,0,36.73839006646703,7,0
17,1,1,0,28.493028560060676,5,2
13,1,2,0,10.559857519557411,8,1
19,0,2,0,41.15881285253552,8,1
20,0,0,0,25.110294488259886,2,0
23,1,3,0,22.59506864875514,5,0
14,0,0,1,22.638358837672417,10,2
21,1,1,0,23.57282816186453,8,1
3,0,3,0,17.749782981528096,3,0
12,0,0,0,20.474676023994554,7,1
22,0,2,0,41.531443512791654,3,0
7,1,2,0,21.781376008195014,6,1
17,0,0,0,26.855200527161248,2,1
11,0,0,0,37.14541651120699,6,2
22,0,0,0,26.877689955483632,6,1
13,1,1,0,20.382509491781363,8,1
1,1,1,0,26.760031261392964,5,0
17,0,2,0,13.650761934051118,1,1
23,0,1,0,14.160222567448635,8,0
1,0,1,0,32.211441031381405,9,0
10,0,3,1,39.35874103231186,1,1
8,0,1,0,33.221700271632585,5,0
11,0,3,0,12.38762370103543,6,1
16,0,1,0,22.892659552992182,4,1
14,0,2,0,10.08171482457804,2,0
16,0,0,0,26.358615786420252,5,1
17,1,2,0,16.182543516219244,4,2
21,0,1,0,37.78069275931701,7,1
5,0,0,0,13.338721691810637,6,0
16,0,0,0,10.045868756704973,3,1
22,0,0,0,24.436673379640332,9,1
23,0,3,0,14.973865725623654,4,0
17,1,2,1,33.61556423280517,5,2
7,0,3,0,39.43791141700464,3,0
8,0,0,1,11.34201645768215,8,2
5,0,2,0,22.658627581315095,7,0
4,1,2,0,41.89807923427039,7,0
11,0,1,0,33.44550304002139,8,1
10,0,3,0,40.50200459858583,7,1
0,0,3,0,15.250665126916978,3,0
10,0,1,0,17.083793903742514,3,1
18,1,3,0,14.95395969909843,2,1
8,1,0,0,19.675809080830025,1,1
1,0,0,0,33.18029018652966,5,0
11,0,3,0,15.278293144262022,4,1
3,1,1,0,26.77548921226523,2,0
3,0,2,0,18.614717411660738,1,0
17,0,3,0,36.53426493238129,3,1
14,1,2,0,10.210956970846048,6,1
18,1,1,0,17.139678673237338,2,2
12,0,2,1,29.367704242309824,10,2
18,0,1,0,13.094736063162962,7,1
16,0,1,0,24.921990910271667,7,2
5,1,0,0,23.95863348743583,3,0
15,0,0,0,37.28073621829644,1,0
23,0,1,0,30.012710181338026,9,0
11,0,3,0,30.470465989091284,5,1
18,0,0,0,40.45784325725331,2,1
4,0,1,0,41.435532010348,8,0
16,0,2,0,30.908631428890835,10,2
22,0,2,0,26.704046404865736,10,1
0,0,3,0,29.453441870876155,4,0
23,1,2,0,22.23819856173313,10,0
22,0,2,0,41.598611742722476,7,0
9,1,1,0,32.56068030389948,5,1
14,1,2,0,19.31221742013327,3,0
22,0,2,0,11.84852156710619,10,1
20,0,2,0,11.43110173286297,8,0
20,1,2,0,16.557215376849253,2,0
10,0,1,0,17.45321773609957,1,0
12,0,2,0,23.281455806524807,5,0
4,0,3,0,16.875072372360123,4,0
0,0,0,0,30.189133787575827,10,0
23,1,3,0,16.760151385938617,7,0
11,1,0,1,16.01204924611667,9,2
10,1,3,0,25.079583769611837,6,2
16,0,0,0,38.4373951783622,1,0
3,0,0,0,24.985775596116294,8,0
14,0,0,0,23.243159826309345,2,0
8,0,0,0,28.499037038710682,4,0
20,0,1,0,18.23083772005211,3,0
19,0,3,1,21.3099697436939,6,2
18,0,0,0,16.84272818134818,2,1
18,0,3,0,28.297919827445877,5,1
11,0,2,0,32.31640197021489,9,1
4,0,0,0,31.5583565116983,3,0
9,0,3,0,18.154170174872377,2,0
16,0,1,0,34.948742583934944,2,0
4,0,3,0,18.190517287997768,9,0
21,1,0,0,14.809969640568415,6,2
15,1,2,0,21.19387995799022,2,0
6,1,3,0,29.127810853468254,3,0
8,0,2,0,14.544058201740736,1,0
2,0,1,0,30.7387875874706,2,0
14,0,3,0,37.61817588011171,2,0
15,1,3,0,19.380496328258257,2,1
17,0,1,0,24.406611715683823,7,1
13,1,1,0,17.3059336200057,3,0
2,0,1,0,21.560375330252636,4,0
11,1,0,0,10.703058265680237,2,1
8,1,0,0,40.52062067881047,5,1
6,0,3,0,23.308486822790243,9,1
8,0,3,0,35.243843514178565,9,0
12,0,3,0,14.564589995408308,7,0
17,0,2,0,35.99536141121276,8,2
4,0,1,0,37.52471395079043,5,0
12,0,3,0,32.89526811800573,5,1
3,0,1,1,38.90266639946897,3,0
1,0,0,0,15.350308142980364,6,0
15,0,1,0,25.24741852123584,1,0
8,0,2,0,29.843505024517032,3,0
8,0,2,0,29.078175062319595,2,0
5,0,1,0,37.55330990484154,7,0
10,1,2,0,16.902123775132342,9,2
21,0,2,0,15.620602641243725,4,0
23,1,0,0,18.108115035454446,7,0
21,0,3,0,38.529601581211864,8,0
0,0,2,0,40.11286664504239,10,0
3,0,3,0,28.228163336639913,2,0
12,0,1,0,26.043901906256632,7,1
22,0,1,1,29.372339456405005,3,1
12,0,2,0,29.72184479509421,8,1
12,0,1,0,15.449750558191866,6,1
1,0,0,1,31.965148211940168,3,0
8,0,2,0,24.47523527514962,8,0
23,1,2,0,26.556222683137445,3,0
7,0,2,0,10.970131338724975,9,0
6,0,1,0,34.465812240992975,3,0
3,1,1,0,36.73369476057222,1,0
17,0,2,0,29.82148972590549,2,1
2,1,3,0,33.959156329493204,4,0
5,0,1,1,26.72659210150726,2,0
11,0,1,0,29.78730812731378,4,1
11,1,2,0,22.626294350823635,4,1
20,0,3,0,35.3399764820004,4,0
7,1,2,0,24.984669768463764,1,0
21,0,1,0,31.766812941404243,9,1
21,0,2,0,29.88574011582415,10,1
0,1,2,0,32.47406458834399,7,0
3,0,2,0,35.12690800400715,2,0
20,1,3,0,26.406831410975844,3,1
10,0,2,0,36.0181103761814,8,1
2,0,1,0,25.912231592691487,7,0
