crowd_level,local_incidents,hour,is_night,emergency_dist_km,safety_score
1,0,13,0,3.9210623757378187,90.69940879109488
2,0,7,0,4.964922036467074,80.8206866358938
0,0,12,0,1.0248417020573621,94.10377335933862
0,3,9,0,0.6769907190967883,78.12572825465944
1,0,22,1,0.6767660830413265,82.26436803768655
1,1,11,0,1.5178390963235746,79.8730357182229
1,1,20,0,0.8860421495084625,85.01455493483628
2,2,2,1,2.984844935229456,54.16397814203233
1,1,1,1,2.310913404929022,69.60815734165138
1,2,10,0,8.124420546826553,72.4325603359544
0,0,23,1,4.723060598576704,71.67068782321769
1,0,17,0,1.1065236604748605,93.16840527968289
1,0,23,1,0.4638192353535171,80.9645489612413
2,1,20,0,4.622387194104268,73.56485012885891
2,1,3,1,6.8438923195734445,55.34417116518747
1,1,7,0,4.525516295759979,80.75282715112743
1,0,10,0,3.912864822763126,94.37056061551327
0,2,14,0,1.3036923650887904,82.36742399155574
0,1,22,1,2.6884420408952447,63.89098410845841
0,0,23,1,4.817957179166041,67.40687286270216
0,1,20,0,1.0521364234619914,83.99633276564205
1,1,1,1,2.565555006089075,71.78674001143878
0,0,22,1,0.7356173348732289,68.6298391061579
1,1,18,0,2.9479372887793973,83.663985392086
1,1,14,0,3.282806294820928,86.52161772060555
1,2,12,0,2.982916356067375,79.82367694197988
1,1,1,1,2.518540201967203,73.56648793639715
0,0,2,1,3.3989261144436806,71.4281827541898
2,0,13,0,20.40559190540613,65.29459771321291
0,0,19,0,3.70998427442145,89.84058754713115
2,1,12,0,5.188164259638948,68.32220278448332
0,1,22,1,1.0467000165552276,68.03554178460543
1,1,15,0,2.942753343350193,78.31660011581606
0,1,11,0,0.32636793223257177,83.80023400477768
0,3,0,1,0.4118711117718347,48.75065648435847
1,0,5,1,1.6626088199566589,78.33634241491433
1,1,12,0,2.499695969914411,86.81464684409372
0,0,21,1,3.300079863593665,65.75972021789934
1,1,23,1,7.962533904481352,72.74005050329518
0,0,1,1,5.470695749096358,74.492307597685
0,1,17,0,1.548247102678722,87.00779072003556
2,0,16,0,5.0619772357963075,75.09370585680873
2,1,18,0,3.090044116826915,73.80845153359964
1,1,22,1,5.586446259347664,70.18219094022201
0,1,14,0,2.152946552113423,83.21394875984645
0,0,7,0,0.637376952463574,94.64814831156379
2,0,22,1,3.6726432921918044,61.33140622236652
0,0,8,0,3.14994604838548,90.26012463780229
2,1,7,0,11.046861767570967,62.365250027859226
0,2,7,0,0.9191237075487884,78.98092767219843
2,0,10,0,4.03625056746434,73.00216896840469
0,0,17,0,2.549078073026684,90.18087928223525
0,2,16,0,1.9670476736584752,76.88593565550252
1,0,21,1,5.8392332711683546,79.75080288544093
2,2,22,1,6.124558431852029,49.10805563924106
2,1,5,1,4.688529724000369,62.65375192351219
1,0,22,1,0.6055638811646965,79.80138428608997
1,1,23,1,1.7815118031851827,76.72451273879886
1,1,1,1,0.46757396129016265,77.77343511476887
1,0,0,1,1.7738801528761488,82.12208651498332
2,2,9,0,3.95361691486415,63.262052617440276
1,0,7,0,2.859475004627536,93.50438795871496
1,1,15,0,4.548336572081971,81.0435518373129
1,0,23,1,3.106164925053956,83.3965258042519
1,0,13,0,3.140289837242789,92.71236759244925
2,0,23,1,2.8036258276353427,63.14959476204446
0,0,15,0,1.8857394260974865,97.06491992176863
0,0,13,0,2.3706376281549892,92.77758352945925
1,0,6,0,0.7174681461261927,94.58501073017636
0,1,17,0,6.595923008087025,74.69176481273162
1,2,19,0,8.000467426712886,73.35221381249077
2,1,8,0,5.38757254712587,72.99732558959671
1,1,23,1,3.3662637267808684,70.92447646364084
2,1,3,1,3.247221074442496,55.038357465780166
0,0,23,1,2.524211778958712,72.3484321820496
2,0,15,0,1.2209035412017515,74.7948472366463
1,1,21,1,1.994664650524541,75.70749984983772
0,0,10,0,16.385284695190684,81.28102239714569
1,1,8,0,0.8515770653857055,87.0635128181171
2,0,16,0,3.038326648992936,85.66332117413278
0,0,21,1,7.348464747152499,67.87253453904421
1,1,10,0,2.411583424050441,81.55562225023073
2,3,19,0,3.556454897225442,55.999376913962614
0,0,2,1,6.4567062285898205,70.06375366547971
1,0,20,0,3.075860930699752,86.48221498461372
1,2,10,0,4.901763309266487,76.04024122321921
0,2,7,0,1.7930837619702171,73.37211104155911
1,0,9,0,4.922077512044345,91.13653603015338
0,0,5,1,0.44660251317127186,77.27634659378094
1,0,16,0,0.8807749323578353,92.99218122133263
0,2,5,1,3.84959041649106,55.15647170348969
0,0,6,0,2.3857829624518745,93.93069923407751
1,0,12,0,6.468020685011095,90.85336525964759
0,2,5,1,1.7647904541764894,57.0324853106611
0,1,2,1,5.401639460235505,55.15363426831584
2,2,12,0,0.8242715509906358,65.89439378794587
2,1,9,0,9.61474675796904,63.904733947352426
2,1,3,1,2.1971399744884943,56.32002068881197
1,2,4,1,1.2188784587481019,67.62269044873128
2,1,20,0,5.748163135840575,69.31900801355964
2,1,18,0,10.640136734145306,59.67332427800021
1,1,17,0,9.057116262696107,79.05623893920651
0,0,23,1,1.251050037527529,76.02449310606892
0,0,6,0,4.20167800631879,87.86423490164891
1,1,20,0,3.070424021801124,85.54522855876561
2,0,0,1,4.819770675770436,61.52770089741761
1,0,16,0,2.635719900155622,97.81272649461474
1,0,23,1,2.520510243158353,83.0776219934778
0,0,19,0,7.800776103765114,86.27125665487182
0,1,19,0,7.474763933973202,82.16158402699148
1,1,17,0,5.722433409284058,78.81068361958974
2,0,4,1,4.571482784180313,59.90518379642582
0,1,21,1,4.270199890413081,61.799225798750356
2,0,5,1,0.5023763991368209,66.32522398140777
0,0,9,0,5.145542874881449,91.47851544773835
1,0,18,0,3.857399044682913,86.88581218227961
1,1,9,0,1.5604401001145016,84.58284564780267
2,1,5,1,6.303768397191135,61.04889471293113
0,0,9,0,6.552595969249823,94.05008471750689
0,0,9,0,9.71869404833766,92.24395910022687
0,1,20,0,2.1966506941480084,92.521774482073
2,0,11,0,3.1045124459158164,77.30437010168909
0,1,23,1,8.573908695885597,50.302093095424766
0,1,3,1,1.633393901359821,67.50511292548741
1,1,12,0,5.874766541553958,79.45046185095906
1,1,9,0,17.184519098648668,79.93110982202809
2,0,15,0,3.9937877725965585,78.05350226913355
2,0,18,0,14.708919839348086,74.13986050497559
1,2,5,1,2.8384901833894407,65.2661503967808
2,1,8,0,0.8814116671961552,70.7562526779547
1,0,13,0,0.9758305160666347,96.40163758049864
0,0,23,1,4.900529483059132,70.5473107893826
2,1,9,0,0.3031821293732432,69.82152252254755
1,0,7,0,4.095322438268628,91.6198859391534
1,0,2,1,0.8740569052871467,80.57326355579478
1,0,16,0,14.854653922075649,83.72896886752986
1,1,18,0,0.9232925392785398,86.65714753910075
0,1,2,1,3.1139940022304913,63.41817317187735
1,0,13,0,4.174445974875911,91.70694995047488
2,0,5,1,6.292011791412165,62.90866243741581
1,1,18,0,2.4518825453706454,86.6174218775076
0,1,17,0,9.802696190506477,77.38249269628074
2,1,11,0,2.5904013091376843,76.37301635714715
0,2,14,0,1.3165135332751752,78.89901180404829
0,0,5,1,3.4466001938234703,72.76940394840709
0,1,20,0,4.055363000405212,82.65194779457123
0,1,11,0,2.7781393467482385,84.00433738713299
1,1,18,0,4.9241614339736355,86.32726439061938
1,0,6,0,2.21065566443534,95.5107337577738
2,1,22,1,0.31521189289585083,60.87968630245258
2,0,19,0,1.3754018836634705,74.54509396205485
2,0,9,0,10.509568562175211,71.02019700838
1,1,17,0,5.342231524022445,82.96101801040292
1,2,1,1,1.0355098493625452,65.12443421472504
2,1,12,0,0.5414237703120788,69.25030589768866
1,1,14,0,1.8120338305054695,88.61240556794029
1,2,23,1,6.634060522781421,62.151128408646464
1,0,3,1,0.6920926674464511,87.87299527157623
0,0,6,0,3.043462832183309,92.06239742074241
1,0,2,1,1.4255438674506185,82.39189675902796
1,0,15,0,4.834454205625268,89.36606248540281
1,0,8,0,0.3014364001398737,99.0
0,2,22,1,1.436054238927247,55.94407950598768
1,0,22,1,4.279830441312316,78.96737676587132
2,2,16,0,3.069593956511327,60.68753726129889
2,0,7,0,5.581446582066208,77.67364967265196
0,2,17,0,0.9005666157295611,78.28995197941371
0,1,23,1,2.94985121631333,60.23225544645561
1,0,12,0,1.0625440217696849,94.00434975362535
1,1,1,1,3.8682055879792774,74.57892869130636
0,1,0,1,0.7928223731671364,69.81017876096867
0,0,15,0,0.863441954839411,95.01672574318253
2,1,15,0,1.692308414693282,70.49441001406332
1,1,10,0,2.0990281952646312,87.19086306667877
1,0,23,1,2.715947179998581,80.40599209675841
1,3,3,1,3.3421475329235015,57.995197161502794
1,0,10,0,2.5142494408098144,92.98232593151005
0,0,5,1,0.46349543431290074,74.01333286775072
1,2,10,0,1.7727028120856516,80.3673107559547
0,0,0,1,0.5217132407276952,72.43434926361812
1,0,8,0,0.739803734173442,99.0
0,1,6,0,0.640964137216711,89.74297434556988
1,1,20,0,0.9023105749105991,80.54037411147692
1,0,21,1,6.166776289790395,77.02602173131626
0,0,2,1,3.75699414704082,69.93622845874177
0,1,8,0,2.77380630773255,87.1085919004513
0,2,1,1,4.912053700985651,59.57261322839171
1,0,9,0,11.674818016285732,83.50192251375508
0,1,16,0,2.192543860707589,89.19875830433125
0,0,0,1,1.9027754640164671,72.08861868778416
1,2,17,0,13.622655107841362,70.08925416813199
1,0,5,1,5.464169361868909,82.21159113758074
0,1,5,1,5.553788416840738,56.065835280717295
1,0,8,0,3.5065126794188273,93.7993245212864
2,0,9,0,2.7754212082955925,83.73707279769313
2,0,14,0,3.0993821559755563,75.34668025037014
0,2,3,1,3.9952902966603867,54.81075315277154
2,1,7,0,1.9553282518118427,73.97076869591693
1,0,3,1,5.636146417800661,72.62088529259428
2,1,2,1,8.697643367015933,55.54980001160692
1,1,3,1,3.264359481668051,72.10622481981457
1,1,0,1,1.981465361476847,78.1202475389496
1,0,8,0,4.462826833661928,89.21131861602422
1,0,10,0,1.0038294518359265,94.07079186370385
1,0,20,0,12.410268413940582,82.65706529382119
0,0,22,1,4.055176487613661,69.39875339195247
0,0,18,0,0.544859397509387,92.41096775835427
1,5,20,0,2.940718370104576,53.990763996959274
2,0,19,0,5.156804007582301,73.43547048412913
1,2,6,0,1.4393086694053527,76.76047511200811
1,1,4,1,0.4831741051618078,72.86134777939297
1,0,1,1,2.6509626759538714,79.50329265324007
0,0,18,0,6.577276800236647,89.3884661402735
0,0,23,1,1.3140549925640945,63.23419582646456
1,0,2,1,4.71824152289228,79.654130356106
2,1,14,0,2.133632955534648,75.51047433119597
0,0,6,0,0.5151941847765787,96.84961371687893
1,0,4,1,1.568233857461753,79.14473880809778
0,2,22,1,1.6185738825081704,59.77337209056626
0,0,9,0,8.526227972352336,85.75272185010303
0,0,8,0,14.312213240962743,84.42884814393763
1,1,22,1,1.123999567948663,67.35112437455274
0,0,13,0,2.2705666854460316,95.0120600932422
0,0,21,1,13.458075594224272,62.24861100526289
1,0,12,0,2.130546170125898,93.71151425204494
2,1,0,1,1.8032797315009388,60.10960392985706
0,0,15,0,0.7074024257635988,99.0
1,2,19,0,5.198318015922218,78.4626826490311
0,2,7,0,2.3734256527821236,80.24912218677841
2,1,16,0,3.862804369065304,72.07560221520119
1,0,5,1,2.7957017045259143,86.78078449260468
2,0,1,1,0.9713385204631844,67.46698214581727
0,2,12,0,0.9791177082670488,75.05083926062058
1,0,7,0,10.132751938702388,92.04471616053452
1,1,8,0,8.010195645379577,79.66631273790493
0,1,12,0,3.601324307700518,86.10586857892054
0,1,17,0,0.3043575960000389,88.82050110868374
1,1,17,0,2.2877113324916554,83.46797323957576
1,0,8,0,2.9457677700520812,88.40235272025856
0,0,1,1,2.3888537406081776,74.28668628424396
1,3,3,1,9.386972350795894,56.79574314498211
0,1,17,0,0.44603511887710634,89.04310912523539
0,2,16,0,4.024012796634069,77.98723556150706
1,1,11,0,1.6182371781611138,82.01020652896072
0,1,15,0,3.1692746188389065,83.96915630030652
1,2,12,0,4.034056794727469,80.41375173943479
0,1,10,0,2.3345017204818634,83.29174833157437
1,0,13,0,0.8621289327254373,94.7086948847572
1,1,9,0,2.8618854930200093,86.59397331490808
2,1,22,1,9.758430219674969,55.237182634745906
0,0,20,0,2.9866438373068123,89.53695297215576
1,0,18,0,0.7591289107010539,94.03954775941337
0,1,23,1,6.383692964018421,62.93058508834331
1,0,20,0,1.1774531500807661,99.0
1,0,16,0,1.9183297378474686,92.81785745715192
0,0,8,0,2.2597928389135378,94.42565729192405
1,0,13,0,1.7527095163214195,90.118816556639
0,1,4,1,2.113954967248429,63.080904775597276
0,0,2,1,5.854824020651649,66.81620943388616
0,2,21,1,1.1847197855995897,62.866011253101625
1,1,7,0,2.5248391186564563,87.679515730665
1,2,17,0,0.37074006564010925,79.98373400493023
0,0,2,1,2.780092184921378,65.06476259180279
1,1,22,1,0.7145154013726842,75.85361182091056
0,1,1,1,1.4606503100255526,65.2868926969248
0,0,10,0,1.6749926460197821,92.97954038235144
1,1,4,1,0.600797300821567,75.15944571450473
1,0,6,0,1.8651024356722032,98.91241064038684
0,1,13,0,2.7124432933067943,88.17632209061416
0,0,18,0,2.2741489563854067,90.52458662610043
2,1,1,1,1.4518323468686838,66.19564006966716
0,1,8,0,1.5227311874389031,83.89905557111301
0,0,9,0,3.813941712559635,96.79698022196789
1,1,18,0,4.7353856015454925,81.53941200185328
1,0,16,0,3.307459507677834,91.89987977510978
1,1,6,0,13.381485664014383,70.45735314033215
2,1,17,0,10.443472333267499,66.7272711417882
0,0,5,1,0.6628127988982082,66.58098635841665
1,1,8,0,1.3603744329433953,87.03368201583953
0,0,7,0,7.3978023412344855,87.77793711270617
1,1,21,1,0.4053933126369137,73.905480767164
2,0,21,1,3.439400155199702,67.43045435475123
1,0,23,1,11.115114930439157,76.5666753863055
1,0,8,0,4.274022586147564,95.50712030870888
2,0,23,1,0.6375311032482253,64.98088783455619
0,1,0,1,5.121611070774624,60.469206314556956
1,0,1,1,1.9533367082418016,81.29421673603777
2,1,21,1,9.20779734356841,55.94263079300903
1,0,23,1,1.4806038711443938,83.56308738786927
0,0,3,1,2.5434829221615836,68.43108913830152
0,0,19,0,5.104850242072608,94.5217015300208
0,1,17,0,1.3422518497797264,87.65655073295885
0,1,9,0,1.0021941459554173,92.06517261762208
1,2,0,1,0.30949135373541425,68.70365632371619
0,0,9,0,2.6427463449408704,86.87803679412015
0,1,8,0,9.538957508607439,77.3986571607765
1,0,22,1,1.4570010443981096,81.35136191919824
1,1,12,0,0.45521626031857887,84.6031603361302
1,1,14,0,3.6905186830973804,81.9041653095723
1,2,17,0,0.5023319309404966,85.31130140390657
0,1,12,0,2.7747383409109876,81.53225000298686
0,1,4,1,1.9817714206012726,62.32660842431151
0,1,1,1,2.558076390253276,63.652102356082786
1,0,6,0,0.921255374003479,90.31694213277666
0,1,8,0,0.6308639280779942,86.50605969109563
1,0,18,0,5.137930989077582,83.79806774969155
0,0,13,0,1.2867236603884336,92.31739295934985
2,2,16,0,5.940462243466029,57.89188507304844
1,2,19,0,5.272336375589544,74.86183567225717
1,0,19,0,1.0739171653834922,93.97354834158342
1,0,10,0,8.661952740879109,92.11653472274675
1,1,21,1,0.9155725509633894,72.9368425378772
1,1,4,1,5.883436358093224,77.20484180622552
2,1,11,0,2.2097673253586483,72.36894637046561
1,0,20,0,1.007476540978601,91.36554496555908
2,1,8,0,10.038462781117248,65.87468634641624
0,1,16,0,11.86337274978725,81.71587720888363
2,2,7,0,2.806544884416156,60.55155347286278
0,1,23,1,2.516626895668854,69.31334532972186
0,0,7,0,8.388633163111,89.88558043176236
1,2,11,0,3.473375692107667,73.78920967557552
0,0,18,0,1.3825460521083561,92.3273421483751
0,1,9,0,2.238049233543781,84.4625468808943
0,2,23,1,6.627377905496036,56.02296823253941
1,0,1,1,7.170494672676825,73.7254685564452
2,0,23,1,10.10362020984558,65.5354881314407
1,2,7,0,1.4901534725206498,82.23268966918234
2,1,13,0,4.2875033086327505,75.0631170122237
1,1,18,0,0.5479390618496993,87.23808207226128
0,0,3,1,4.829951873607906,72.84069563953354
0,2,8,0,3.198977007323127,76.71866738680728
1,1,12,0,1.3057958581803972,89.52030486234997
0,0,8,0,4.021005814363195,92.04581147838945
0,0,12,0,0.8083271089990591,99.0
1,3,15,0,1.7216118174495212,71.92770896699648
1,0,21,1,2.0932230709908226,78.79147504363927
0,0,0,1,5.5541957333287115,73.09533560642663
2,0,7,0,1.5925617497582427,80.3514817360507
1,2,8,0,0.47597179121157696,78.00930081375746
1,1,23,1,0.9977412146522289,72.94963429934005
2,0,12,0,3.5785586613048332,75.46694881596946
0,1,16,0,0.35378752235288236,82.91966937473512
1,0,21,1,5.799670808993682,77.09358851318711
2,1,8,0,8.398471772069152,67.39574897343772
1,0,6,0,2.6939457594116147,91.70122157228917
1,0,22,1,4.604078052757352,67.97365873333023
1,1,19,0,2.4740441998307072,80.90954630698864
1,1,22,1,1.5924553561561121,77.04627170556641
0,1,9,0,0.9305723948891944,86.41219899790377
2,0,20,0,2.8555177128742932,73.59772266416647
2,1,4,1,9.601892891737197,52.7518050308932
2,1,16,0,8.024576709067222,67.45418094763833
1,1,1,1,9.12371719158476,71.06708225050794
0,1,8,0,12.177662933383958,75.69875109306356
0,0,1,1,0.9326332653068818,74.15672007779617
2,0,9,0,0.8545379987452197,80.24978517576885
0,0,11,0,2.2536973939985603,92.08499951098283
0,2,1,1,4.3913760746569155,57.10598853067388
1,1,14,0,2.327452255774457,82.80328770882471
1,3,2,1,8.101187307370198,56.861079097275685
1,1,1,1,4.722986282578876,68.29739364944513
1,1,6,0,3.817647637775321,82.71691963508835
1,1,8,0,0.5579054082133904,85.90049107926728
2,1,10,0,0.9747249393214097,72.38769065137274
0,1,21,1,2.256097937024478,56.06398710909812
0,2,15,0,13.409040150587927,69.58938868232389
1,1,6,0,1.7247781042115762,80.63874516636481
2,2,12,0,3.7796508530624484,63.47918158836901
0,2,2,1,16.054738474739548,45.97919235197096
0,0,10,0,1.3729572288778622,96.83156453228986
1,0,2,1,0.9381269463937942,78.24355416399621
1,1,14,0,3.0663735824972225,85.73488661717421
2,1,7,0,3.1095109435942745,70.86930233863644
2,0,6,0,9.22357927340356,71.9179065254119
1,1,4,1,0.3937497716230301,71.96044413078718
1,2,5,1,2.1311932434097254,66.53756985195055
0,0,18,0,1.6106541469095037,97.72223657551592
1,1,2,1,3.2624751773805083,72.16821471788829
1,1,10,0,0.33280954349215086,90.99499211300288
0,0,5,1,4.645422919469779,72.72152168810958
0,1,23,1,2.622489613596173,56.98429725010726
2,0,20,0,4.52195480085387,74.80474557699763
1,1,13,0,2.3784968122732217,83.95092648541296
1,0,16,0,2.549872577706163,96.93153966281598
0,0,2,1,8.206654656457731,66.37486042128646
1,0,23,1,1.1290095704510261,85.96876600967506
2,0,3,1,1.1583643596027278,67.66410036388571
0,0,8,0,3.169270958624568,96.42070678832768
1,0,12,0,4.078143285233142,93.09448807984565
0,1,5,1,1.8330760200849194,63.74633954645271
1,4,9,0,2.8653295215514807,66.23189317105216
2,0,19,0,1.2050465852219974,78.52215796249145
1,1,19,0,0.811276741946704,92.91316900161837
2,0,20,0,1.2525371374378251,75.61326591945452
2,1,12,0,8.984863433310554,65.02051901044517
2,3,22,1,5.964993127760157,42.03036946934522
2,0,13,0,0.8288801098991287,78.11146442180682
0,1,11,0,0.4668768606661059,88.30958970177839
2,1,22,1,0.64235875713612,60.62434283513868
0,2,12,0,1.5156793968071454,79.77711700180704
0,0,9,0,6.137683686138307,87.42252797619435
0,0,6,0,1.6569004058314045,90.62608457818344
0,0,4,1,1.0188002259766642,72.09914621039225
1,0,11,0,2.0637131582365362,95.53629781708827
1,1,1,1,0.7635764092320282,80.41947525480215
0,1,7,0,2.5235062401159296,79.99936314466618
1,0,7,0,4.239728251180321,91.01707535545063
1,0,18,0,1.9107333895148613,94.80002275075888
1,2,4,1,0.9674159524925685,68.32184101377017
0,0,7,0,2.4128364927586596,89.40708921066675
0,0,9,0,5.331398118583916,88.55424308492836
0,0,12,0,0.5789029030154242,94.4954324808676
0,0,8,0,0.5575260063364874,99.0
1,2,6,0,1.640108031002304,81.51722948055166
1,1,19,0,2.176817847450394,86.80983355927683
0,1,19,0,1.1538189488188055,78.49708701978413
0,1,18,0,0.39547773305267253,83.23129958711294
0,0,10,0,1.1676393493407158,90.37924920031281
2,1,7,0,2.300545409418068,72.7336063813004
0,0,21,1,0.589657728087001,72.11964889844836
2,0,15,0,4.70440079898976,75.33088777328014
1,1,9,0,3.111155098625096,86.01441531508526
0,1,5,1,2.2947874691648846,59.132032491930104
2,0,9,0,2.8595118839248,76.26794560166195
1,1,9,0,4.032924211925182,84.07599679034116
1,1,18,0,18.705832681598245,78.14298413772346
1,1,3,1,5.5226602067298,73.76880625155151
1,0,18,0,3.020614655756237,93.87662155233856
0,2,2,1,5.451998354257737,52.43620316912028
0,0,16,0,2.5567447277473727,92.90010696327478
2,0,13,0,1.6033352843729378,83.36554263428847
2,0,9,0,1.3631564533559408,85.3867023970351
0,1,5,1,2.0848534502723783,63.11223722818146
1,1,15,0,0.30800060117637557,88.60543474578321
1,0,8,0,0.9816092790837452,96.95700966432281
0,0,20,0,0.773498634145326,95.60759043807052
1,0,11,0,11.596121375554985,81.79500014851828
1,2,11,0,0.5346610272430352,77.3373348512738
1,3,13,0,2.7328311835728085,72.5356304177187
2,1,1,1,9.127731451133753,52.50734996196482
0,0,9,0,3.5734458963417963,97.52204792472038
1,0,3,1,2.6930543680603205,79.92276574823282
1,2,5,1,5.055287119500922,59.95417805923385
1,1,22,1,1.8259622057468117,77.14306020754853
0,2,12,0,1.0536105738772752,78.07715976564785
1,1,22,1,6.877078208042961,69.15587117065095
2,0,13,0,0.5038609891507215,83.20064602622607
0,1,3,1,6.072156280357356,57.67097257965724
1,1,9,0,0.681876695442404,87.20087792546241
2,0,9,0,3.7382065965462217,74.37534800033633
0,3,4,1,2.568925097501339,48.67265903011914
2,4,3,1,23.15542168343405,19.083847561818082
0,0,11,0,2.018127435057272,90.86297799961719
0,0,21,1,11.336357090486715,66.62581752904218
0,3,13,0,2.110012392145653,74.70372778656574
0,1,6,0,4.3066687045059515,81.40024162369643
0,1,1,1,3.9115572797636706,59.68383410143067
1,1,13,0,0.6164675735904606,87.31392143054883
0,1,9,0,5.060362690995652,81.02656555450717
2,1,15,0,1.1191301489476746,75.41768347432595
1,1,2,1,2.0211031456993642,69.71263067018833
1,0,7,0,5.634635245549134,88.61112307092957
1,1,22,1,10.408073092665445,72.61046359293142
1,0,16,0,3.1718704549858745,93.59707872945658
1,1,3,1,2.8644069743830807,74.96175444141166
0,0,20,0,2.7606498520539944,92.22091952548698
2,0,18,0,6.235626342037173,71.62505005808595
1,1,14,0,17.72498453144651,77.96666684519485
0,0,19,0,3.814018209253031,92.53420915893699
1,0,9,0,1.9653573052470974,96.2750397083223
1,1,9,0,1.1636264222460824,85.74756918513367
0,2,22,1,1.0758489925834989,57.06243737273988
2,1,23,1,7.0864690314661445,54.63091527124087
1,0,11,0,17.35661529104619,81.73221290413717
1,1,8,0,4.490538127554677,82.49544788766991
1,0,14,0,11.218899830108219,83.43805464933816
2,0,17,0,1.8077161542141025,78.95933871948853
0,0,19,0,3.7572087692952247,93.57769011582408
1,0,0,1,2.808777863716773,84.24395547274199
0,2,2,1,2.602352818937697,51.875716199558084
1,0,7,0,3.802408602870135,94.61814877294161
0,0,6,0,1.6004419311642535,91.62486108783995
0,0,14,0,3.8818351175932664,88.87139101045219
2,0,7,0,4.210801115207664,74.77297585033962
1,0,14,0,6.630030510877542,97.50759883392003
0,0,21,1,4.888912799733557,71.32199364119693
1,1,4,1,1.6486580237482793,70.72658489705441
1,0,11,0,2.3975243231553818,91.42467781015287
0,4,11,0,0.7489201790633724,60.32907267580251
0,1,8,0,1.3410931685201033,82.45513111537964
2,1,20,0,2.8757899675921847,67.1145754886409
1,1,8,0,0.6717216482253311,83.83582937488102
0,0,14,0,3.258833694243269,94.6904887271266
2,1,14,0,2.031639183011401,75.07175917826582
1,3,19,0,0.4238475187532603,69.39594594907501
0,0,11,0,2.294834885037886,91.9241914086829
0,1,4,1,1.4553111519572195,66.85156552431691
0,1,0,1,0.5426403974042779,65.17568897973953
2,0,21,1,1.5153676219065761,68.83254675917505
0,2,18,0,1.5189617535287836,77.23038718277533
0,1,10,0,1.835167153453785,90.62461981104929
2,0,17,0,1.8975951881563098,84.63400528716713
0,1,5,1,2.2660134539059538,65.85583170842885
1,1,16,0,0.6376267531115614,85.18905132878864
0,1,13,0,0.3185211563835157,83.29421670457471
1,0,11,0,4.961418227360436,96.26674691181512
0,1,4,1,1.7402604073469672,65.08820546224268
0,3,6,0,3.6281942816307953,69.9535613450592
1,0,15,0,1.5837143419393973,95.86898573636248
1,0,8,0,14.814305477600477,83.23046120497123
1,0,22,1,1.6263482375677067,80.90368244330048
1,1,14,0,3.5514367614569062,91.30744333907026
1,1,3,1,1.1694857472992968,78.10903734632733
1,0,19,0,2.852904359574223,97.70134215036201
1,0,22,1,3.3306798138282887,85.07969212477828
1,1,23,1,1.0066529174422725,68.74712324081277
1,1,6,0,0.7619856291632913,89.38662418659307
1,3,13,0,13.020540487223965,63.58077145734155
0,0,3,1,8.131007292606611,64.64921225017055
0,1,3,1,4.076524948480846,71.06192428471168
0,0,23,1,7.207851519724888,67.69370793010079
2,0,13,0,0.651539033102889,78.93119298665205
1,1,6,0,4.874590275374448,83.188563301502
1,1,14,0,1.4771141618903934,88.17732787912358
0,1,11,0,3.0139967332794435,86.42980165060116
0,1,13,0,5.365823845308442,81.62825991156726
2,0,12,0,0.41918407992959533,83.18570508385883
2,0,18,0,4.454195812532223,77.53725022225338
0,1,11,0,2.297428322927775,84.90839571556437
1,1,15,0,2.327320779560753,85.0138859818888
1,1,15,0,8.623527061745591,77.10451079683266
0,0,0,1,7.174810842445534,64.36086156286447
1,2,14,0,0.5073930731449807,76.43481143755243
1,1,4,1,3.671062613891954,65.41351541848287
1,1,5,1,2.3034990743716652,74.68314991440546
0,1,20,0,0.7387351051166017,83.85559259800242
0,0,16,0,6.964538674284491,88.18983684629085
0,0,10,0,0.5596888839945966,93.6466772360029
0,2,3,1,0.4141833409945803,54.70933787334663
1,1,17,0,1.070149760076371,85.54840691118675
0,1,19,0,1.56529950200094,86.48725027470375
1,1,13,0,0.5198449408318477,84.99795607838843
0,1,22,1,3.888552944052762,59.64020522889494
1,2,8,0,2.3115975570040583,76.32099446005599
1,0,2,1,2.1597235156152457,84.12705814615516
1,0,2,1,0.8496834305494188,80.61703072678428
0,0,10,0,2.315573712163492,93.65110509157753
0,1,19,0,2.0309893963180894,84.37319767404128
0,1,22,1,1.9937496920953264,63.58548449877614
0,0,21,1,1.163190581937954,74.61216958809771
0,0,4,1,0.6471957963763367,69.78895318940766
0,0,3,1,1.3572177513585855,78.59848262601628
1,3,11,0,4.151485484931192,70.25028870578475
2,0,23,1,0.5650169352005141,69.15980121722028
0,0,11,0,1.986271808237413,90.26433943433825
2,2,3,1,2.828123821944387,53.688330782804755
0,0,2,1,11.853320976091702,68.50848148860372
1,2,22,1,6.798723416679151,60.29455425600497
1,1,1,1,8.994933965426107,65.29220162728141
2,1,3,1,6.301824471960623,56.599560102050205
0,0,23,1,3.41304309067522,67.23895027726027
0,0,3,1,7.201120591910776,65.88541178887982
0,0,6,0,3.2154239188943325,94.93733615955169
1,1,1,1,1.8497108133879914,79.3264542099661
2,1,10,0,1.9301594673996545,74.59770181784641
1,0,4,1,3.2171492752896174,77.84543169194987
1,0,12,0,6.10225167746296,89.2894686630554
1,2,3,1,0.8021428928118299,66.31077556543212
2,0,8,0,0.44019911874255413,80.94802861898746
1,1,6,0,5.755084929014202,85.54810230773559
0,1,12,0,3.9503805804663443,81.93709997499418
2,0,9,0,6.327365854081482,82.50214784443061
0,0,6,0,13.454032501146054,81.11472489257221
0,1,17,0,1.313398693432378,83.9574505708318
0,0,17,0,1.0561184903890835,91.75412043636035
1,2,1,1,1.759497171110633,73.97283488880804
1,2,20,0,7.661988397262634,78.77262028748487
0,0,0,1,0.3492179799112583,70.2752122005718
1,1,12,0,0.3370584042492153,85.84812590948277
1,1,22,1,1.1552243229119643,74.28985155067359
2,1,1,1,1.9501477235461773,58.494856492945466
1,1,3,1,1.5601124470026306,76.95477874982429
1,0,8,0,6.398749808785132,91.35174615555336
1,1,7,0,4.396007482275747,84.59081120889392
0,1,17,0,6.666964854564937,84.62619358064504
0,1,15,0,1.99441740623054,87.22125909115555
1,0,3,1,3.4705482164743837,82.2422461053544
0,0,3,1,2.8359106491484285,71.25069187350007
0,0,17,0,2.553427021591754,98.12256841501785
1,1,1,1,1.489378174674562,74.70341219313826
0,0,20,0,4.623166679150074,90.85604027201865
0,0,10,0,2.8983986843818723,95.07434213848872
1,3,19,0,0.5865241568508577,73.73500276392511
1,1,23,1,0.30182882289321644,75.19722125184506
2,0,3,1,0.37184912133018133,63.78773880987917
1,1,23,1,0.5764619703830283,79.26819176095067
1,0,13,0,1.9224291889620677,97.18928088605337
0,0,20,0,1.5768060049639576,91.18801211381395
0,0,16,0,0.8962746519626155,95.53039916180276
0,0,7,0,2.8358662449307728,91.16340699830829
1,1,0,1,12.594181778311958,67.00965945478491
1,2,18,0,0.913140720602643,82.61617140933659
1,2,18,0,1.309648508774392,78.56122054014556
1,0,20,0,2.47030880060621,95.15847005431293
0,1,6,0,3.8839629123937938,80.16524924458119
1,0,0,1,3.5092056654626687,77.61146381230294
1,0,0,1,2.877647801089442,83.4008591139323
1,2,9,0,4.97817556793212,74.10054034095143
1,2,12,0,6.846572297480427,72.04190247547135
2,0,21,1,24.363194636667092,51.824690706580704
2,0,4,1,2.4925515034104677,63.77096452046267
2,1,11,0,18.813876535371374,61.51402843647468
0,0,2,1,4.889146451495228,72.32419389594307
0,1,18,0,4.048575906717671,81.97949195238786
0,1,3,1,3.87269941589419,59.08056407744989
0,1,14,0,8.756874776426741,80.21301349740119
1,0,12,0,10.643371544396828,82.9750614877393
1,2,10,0,0.9881532691493022,81.32692195391331
1,1,1,1,2.680282112069107,73.38643997940099
2,2,8,0,10.232550703546726,56.72508969817609
2,1,11,0,1.9850729441463193,74.97637684482063
0,2,3,1,1.2269639396237335,54.188264074920305
2,0,18,0,0.6790949589382531,79.17692307780918
1,0,9,0,3.482755877112587,88.62311427872035
1,1,10,0,4.517089276931043,79.7489443900121
1,0,6,0,1.0615788662414631,91.43116129886349
0,0,12,0,4.219119508524389,89.195512074398
2,0,8,0,8.345744865215353,71.61751118304953
1,1,11,0,1.277052230290899,86.20401260227757
2,0,1,1,0.7553799827475196,68.09698488413906
2,2,21,1,6.615339251852796,44.05254262849069
1,0,20,0,8.98793580333584,90.20136714113866
0,1,0,1,1.1466349750854747,60.03443659445904
0,1,6,0,4.772679413908677,78.499097100866
0,0,0,1,3.4284513066503806,73.36541577338095
0,0,15,0,1.2568303700808046,90.686242254924
2,0,3,1,6.373648779809142,64.97233884460597
0,5,7,0,2.5249637336967727,53.72857524109535
2,1,16,0,4.5178021862853175,66.87051609011324
1,0,20,0,1.555483694075743,90.19869714852503
0,2,18,0,6.220716441896882,76.16456662949561
1,1,3,1,1.3741981824940628,71.59995439745352
1,2,3,1,1.888283501722404,69.77521513600796
1,2,7,0,2.038477085266761,73.80165128492766
1,1,9,0,1.109233400615294,90.85761637612974
0,0,15,0,7.56043359435174,82.7131972886063
1,1,18,0,0.7216115282563381,87.77799739372033
1,1,0,1,3.1984111507382016,69.41491284195268
1,1,4,1,6.189869830982496,65.77357665531244
2,1,1,1,3.3438013128795534,58.52483765920697
0,2,15,0,1.6854965791288983,80.67924636411657
0,0,12,0,5.621071506154669,89.9162086828093
1,0,5,1,2.7202615857523047,80.69184800071216
2,0,3,1,0.9228129623154799,68.87283361191784
1,1,6,0,1.6337108967478244,88.04410102615267
0,1,1,1,3.4371921402454606,67.68729378939912
0,1,22,1,4.063261700387536,60.015472379731776
0,1,9,0,3.080278822474619,86.47098429530504
0,0,13,0,1.4111351715702167,92.15141779302672
1,0,7,0,3.452775654925132,91.71354020653752
1,0,2,1,1.7145014866383825,83.67482059678053
0,1,2,1,1.1917664559269965,65.08956763632159
0,0,1,1,10.485281989620116,62.37393200184358
0,2,16,0,1.6235307569353699,79.01514870484938
2,0,18,0,1.731155909696641,80.67363455800893
1,0,9,0,8.248004051557825,90.29382201792893
2,1,11,0,0.8388570932923236,76.25358350618367
1,1,22,1,3.374753586539531,78.17759917190727
0,1,10,0,5.658983407396144,82.98038340701484
0,1,8,0,1.4191058860936288,83.05539189327756
1,0,12,0,6.804466599394593,90.50640506502732
1,0,5,1,5.438528343525791,74.63525279179416
1,1,13,0,2.6300026418269398,91.10252346109868
1,0,21,1,0.7423125316309442,80.73377858363551
1,2,10,0,12.585476967084801,72.88701500777886
0,0,4,1,3.725725173789594,70.96598438259527
2,0,1,1,2.847798335160536,67.45492083720863
1,0,6,0,7.88359087123086,83.94978210041828
0,1,16,0,2.214738721080054,83.3633686134699
1,1,5,1,3.202517745605118,71.75502718215633
1,0,13,0,7.141942898599363,88.16419542797361
0,0,3,1,2.047132316656669,71.6407794291039
1,3,2,1,5.480450040312879,54.1315118462502
0,0,10,0,1.3356480397212858,95.40156861327348
0,0,0,1,4.541607014970398,69.07788665219496
0,1,13,0,2.7998321555056576,87.23252642802066
0,0,5,1,0.930741786568364,67.80010036526713
0,0,22,1,0.8116690072663222,74.69341620845007
0,1,16,0,2.441699627192274,90.43451992741338
2,0,16,0,4.642798936857509,76.80732761909252
0,0,22,1,3.535976939255158,73.79244549328908
1,0,10,0,7.051944442304172,89.27517813782096
0,1,21,1,2.028096308117198,62.622190409414756
1,0,6,0,6.794627706866831,90.19703492180507
0,1,12,0,0.432059957167915,91.86195112942235
0,0,7,0,1.8938936866909781,97.95149949717842
0,2,7,0,0.5652420332493745,74.9543886924484
2,0,8,0,9.10713794647241,70.62823518340862
1,1,6,0,2.5573313547552154,85.19283948659347
0,1,21,1,1.6300913792,62.0746786833845
0,1,8,0,2.6738201991694575,86.5080270567076
0,1,10,0,2.9638376525811716,84.71338362447248
0,0,1,1,6.85309680958329,66.15725302111251
1,2,17,0,3.036371586181483,83.50311285943125
1,0,21,1,2.27590893087751,83.52739112156262
1,1,2,1,11.686632524878187,68.29532869596306
0,1,17,0,12.40865282018274,75.15144139573977
1,0,15,0,0.4371095924751444,94.53875170431357
0,2,7,0,4.594697335851783,75.91315915716775
0,1,22,1,1.926904792671601,64.23996335672251
1,2,7,0,4.235906289652072,75.29046282222853
0,0,5,1,3.8459853698116997,72.69083493856061
1,0,1,1,1.702217490947392,85.63158930056704
2,0,15,0,15.40912381122606,70.96902444376283
0,0,20,0,1.8462327745104081,93.2229567617019
2,1,8,0,3.798678088781967,69.25233954932854
0,1,18,0,6.175502992440188,85.80696341448285
0,1,20,0,0.8501922851869341,87.79125513807806
1,0,14,0,1.5512054151860557,95.4284483491837
1,1,23,1,1.0765109565028692,75.55651325804948
0,1,1,1,5.628560939198152,58.76827991490229
1,1,14,0,5.954246336455481,87.42677115314544
2,1,21,1,1.334735771858577,67.79351064573359
0,0,10,0,0.31448559674637777,93.45217952691486
2,1,19,0,2.226822234903902,71.6005520106793
1,0,11,0,4.3669714633152035,90.36456679692878
2,2,14,0,3.709666695988272,61.04362451429335
0,1,15,0,2.3651709598685566,87.39672901511473
1,0,5,1,1.5580839775437187,80.01628980606849
0,3,2,1,2.5511675526393542,45.59347327396918
2,1,5,1,0.35326306448650957,62.55607097347789
1,0,22,1,0.5685946699922465,79.92111323033294
0,1,2,1,0.92140795901103,62.91484928980965
0,0,20,0,3.7366877639458553,89.98184363969
2,0,12,0,1.1642307453703236,81.4561753165395
1,0,11,0,2.2269947677484185,93.44089052899078
0,1,7,0,3.6995628611776183,78.93381620804898
1,1,1,1,6.51374458457906,71.14624568755022
2,2,6,0,3.092106448423145,61.05081043607988
0,1,16,0,0.9823348041094964,91.32710995003885
0,1,6,0,10.908998315285423,72.56217066723934
2,1,0,1,0.6301456461223995,62.12384439961171
0,0,3,1,1.901156648051237,73.81375744383472
0,1,14,0,9.198457301722051,76.52097850247357
0,1,3,1,3.527495157841123,61.84200792787686
2,1,11,0,4.103243551925043,70.50340662243381
0,2,15,0,1.5568357751565731,78.30345380176841
1,0,20,0,0.586280198819598,95.99280260570035
2,2,17,0,1.8936528598779232,64.95826260479473
0,1,13,0,2.1004969435194094,88.1787890168076
2,0,13,0,1.4027936937058796,80.86713518597392
1,0,10,0,1.1494152952027707,94.40829262961842
1,1,15,0,1.8375288847102345,85.20098276839916
0,0,14,0,3.870114699213418,92.64592387826227
1,0,21,1,10.718139180763925,79.67041015676102
0,2,5,1,4.558293706811913,54.09439692841646
0,1,23,1,5.593138195912276,57.20522103819855
2,0,12,0,1.5788293735723615,83.02450437800726
0,0,16,0,0.6870580875180785,99.0
2,0,3,1,1.5061851849283256,69.52766522178796
0,0,11,0,2.1034069297319893,99.0
0,1,17,0,4.397801055020253,84.41067957551493
2,1,7,0,10.10971917506859,74.25916744141344
0,1,11,0,6.0995507977431584,78.2149953475251
2,1,3,1,1.3842711156881344,59.940593726313594
1,1,7,0,6.307645969190156,84.2512703271063
0,0,1,1,2.1570921931102887,68.98017591772162
1,2,3,1,0.9751637743614088,70.7682527332075
0,1,11,0,2.464785395110365,87.16909897830823
0,1,20,0,3.1991441202241337,84.29401760826818
1,0,21,1,5.344920729071138,80.01336020937059
0,0,9,0,1.8071828983552123,94.15138991089088
0,0,14,0,0.8555796950686239,96.26466840630206
2,0,8,0,0.6468719726399481,79.7835994278926
2,2,8,0,0.717500634988474,58.79404251245171
1,1,6,0,10.786702718927007,81.46234834017879
1,0,1,1,10.90984912954374,74.07668523896426
1,0,6,0,12.430797619653227,82.69801792201937
1,0,8,0,1.5608288222246947,92.62704486339905
1,1,17,0,1.0445064619776314,86.07460846965583
2,2,22,1,14.155887414146015,38.21372696007584
0,3,11,0,15.857856710910784,57.149002305572935
1,0,6,0,0.5855657579629292,94.18672106061729
2,1,18,0,5.187603841044568,68.83920685552069
1,1,21,1,1.4921361640315731,71.50558358551423
2,0,23,1,8.700644275389273,58.17468626371832
0,0,15,0,0.6271079391764918,91.93924602335295
0,1,7,0,7.980498397664216,82.00577633955281
2,1,18,0,0.3091864760802553,71.31341218036323
0,0,5,1,2.8833438988232536,73.30944775529265
1,0,1,1,1.730857711389066,85.10167116190793
0,1,1,1,2.2510826968320017,68.93069662286973
1,3,7,0,2.290732299699655,72.5410296034743
1,1,9,0,4.010595777847561,85.55875237551614
0,1,20,0,0.38178814563940167,91.32670218635154
1,1,20,0,4.414575642577288,80.31367208212085
1,0,10,0,0.37856875386993283,96.57613484054016
0,0,19,0,1.017160935439959,97.03397830330837
1,1,19,0,3.5665097777010812,84.61573436272798
1,1,23,1,0.6164119602478888,77.47472782037384
0,1,2,1,16.749590678751442,51.09860713618423
1,0,15,0,5.669898240450481,90.58247846259073
0,2,2,1,4.580639486805692,55.43502390151671
0,1,7,0,1.390386766573865,87.39817370855664
1,1,18,0,0.47424328087923884,82.95172623376294
1,0,11,0,13.785003322345025,82.43092424902149
2,0,17,0,0.8599674249472642,80.43903713024736
0,0,12,0,6.5135490395870415,90.96556595559339
0,0,10,0,1.0701579315182979,96.16362134431049
0,1,12,0,1.9399504200601012,86.0212984973969
1,1,20,0,4.439904537330139,87.2722116361186
1,2,2,1,10.474775063983213,58.74265613162584
1,1,5,1,0.36993226219864933,77.77459127277353
0,0,22,1,1.35750289093093,71.46406208887412
2,0,2,1,5.368083241985822,61.95436610670421
1,0,0,1,0.9664942148760767,90.08230486669632
2,2,13,0,0.7135954173100686,66.9267189668772
0,2,22,1,0.46549835452171673,52.10486283768792
1,0,19,0,2.743488643384351,95.51579984654924
1,0,6,0,5.409546789864434,91.16599462125525
1,1,8,0,11.72122891932215,80.72411179318243
0,0,0,1,1.3894546472011842,73.51424883050726
2,1,9,0,0.7528794764637194,70.60689068575319
0,0,12,0,2.1028155574141136,96.07805700980293
0,2,11,0,0.4996273563234393,77.61202913370043
1,1,3,1,1.7087813579400228,71.71099388048536
1,1,6,0,3.9058525486298707,83.37048891072732
1,0,9,0,0.9444284197316823,91.13034597558512
0,0,21,1,3.7976811839998743,71.46518669330015
1,0,6,0,12.808063179575074,91.01043166483156
1,1,14,0,7.288000148811025,78.35774642465385
0,0,18,0,1.8447381317371427,97.64877665855983
2,0,6,0,2.21558607763818,77.43133704066366
2,1,13,0,2.202448290248289,69.95707311804118
1,0,20,0,7.1789181334984855,85.83236380135104
0,1,13,0,18.10653712744277,74.04366088314288
2,2,17,0,6.418352203543248,56.89421337125158
0,1,9,0,3.158494813709898,83.55117593321756
0,0,2,1,0.6585335898044782,75.79972996576777
0,1,5,1,11.113931214056116,61.29979018774938
0,0,21,1,7.18254019008853,64.40342129441534
2,0,22,1,6.745034313393831,62.69130137819632
1,2,21,1,2.040483240753911,65.94189293002893
2,0,8,0,2.374475313904888,74.68583434672803
0,2,13,0,0.7460718539141551,77.6814565819529
1,0,20,0,10.025010189410114,85.07651295102237
2,0,20,0,10.34088443197819,74.19340020486034
2,0,23,1,1.3276747798386943,68.67373201829423
1,0,7,0,4.467636451640842,91.79747557225437
0,0,0,1,1.0963034278922525,71.48971620319277
1,1,2,1,2.04698758311976,77.79660430641646
0,1,21,1,1.5602894635931202,64.18651937447102
1,1,5,1,2.027691178213933,76.85835827872984
1,1,0,1,1.5935158613919405,75.99426910339066
1,1,17,0,1.7824771999928357,86.53227980995398
1,3,9,0,5.779982886791275,70.54404234250693
1,3,22,1,1.5484980143803417,58.33692794921225
0,1,16,0,6.2001413414984405,79.85614204591316
1,2,20,0,3.2370234772665967,77.32178750191288
1,2,0,1,5.606530138035995,68.02213767218598
0,0,21,1,9.091849641159408,66.36859406574489
0,2,22,1,0.8214758916559588,55.82946907013163
0,3,7,0,1.7749952126260116,68.64678633620642
1,0,11,0,0.5000616387965864,90.03444374727874
2,1,18,0,2.1284321289580888,69.33714961304808
0,2,13,0,1.2485891612072206,79.9023526502957
1,1,18,0,3.267585132716513,84.17349893645581
1,0,16,0,5.653796344189115,91.14359744801565
0,0,15,0,2.6318550011031805,90.15833129238807
2,1,18,0,1.7206466317727744,75.20337821155334
0,0,4,1,0.8793583261902611,74.55393644035523
2,0,21,1,0.3951882738512639,66.99724301628898
0,0,18,0,4.264941681473252,87.35304620475958
0,1,3,1,0.408577139297264,65.92380978642576
0,1,4,1,9.176933225862122,52.259468949888486
0,1,4,1,3.4568909552027214,58.78866121799151
2,1,23,1,1.8255293502350591,58.82883664508074
0,3,0,1,0.44986057492862297,47.49550556646069
1,0,17,0,2.167458891402453,97.15077732987709
0,1,14,0,7.368812909581215,80.61660551317675
2,3,20,0,12.552402504778144,49.92052387881722
1,0,18,0,0.610635322691602,87.97920191940857
1,0,22,1,5.554210553821417,73.20319617843745
0,0,13,0,1.3461083957497204,91.89536566258343
1,0,5,1,1.9699479515041045,82.0643054216636
0,0,17,0,3.0767212820400176,88.72736407437735
0,2,7,0,18.65921990294179,66.16095159381904
1,1,4,1,1.1197816481615745,78.64922604774647
2,2,21,1,0.7894228003485116,51.00256510065725
2,2,7,0,3.4633398649391056,63.19493653081629
1,1,5,1,7.011796230470339,69.06808131654022
1,0,9,0,3.9565807373860262,90.56294098304775
2,1,2,1,1.7947143285136826,61.01930422007909
1,0,12,0,13.500262013950707,84.22604719377279
1,0,6,0,18.86664240098538,79.45257564389973
2,1,3,1,5.4537575107222915,57.561326085530744
0,1,12,0,5.975575435183141,85.3079232969819
0,2,5,1,5.307203062671066,55.565517982057074
1,0,15,0,1.3428222359227393,88.66076238876369
0,0,21,1,0.8699040528084965,69.64646243080607
0,1,20,0,3.128802384836493,86.75006469880272
1,0,0,1,11.088040036262923,81.87430768938455
1,0,23,1,7.671465227349914,74.8980594809555
2,0,12,0,0.6955407376234439,75.94842882583426
0,0,1,1,0.5053787013937063,79.43067094327141
0,2,19,0,7.543795580047301,77.76517213809701
0,1,18,0,3.6227933654639197,88.20493413614619
1,1,5,1,1.5700344684840106,74.57450234155829
1,1,10,0,3.187525088926315,84.79755521659413
1,1,16,0,1.1771100474538854,86.13096673154958
0,0,8,0,10.577940767944261,88.82001545357383
1,0,4,1,6.444624862715233,81.60106966467497
1,1,4,1,11.767583462438997,66.5752371084612
0,1,15,0,1.0248307681576112,89.00525572084533
1,1,3,1,6.795260968552427,74.23990163742872
1,1,19,0,3.1757046628975774,87.77447131349673
2,0,12,0,1.6756075510974766,81.40703559239842
2,0,16,0,2.586477489497251,76.76543120333037
1,1,8,0,10.412493680516807,77.21823949785966
2,3,12,0,4.415582562050255,49.79436022950533
1,1,15,0,1.861543068381565,87.16791752142979
2,1,19,0,32.525159286868046,58.83952776742889
0,0,9,0,1.7848922080494243,97.3904578721958
1,0,9,0,6.181761193211707,91.42457119515707
1,1,19,0,5.669788866414689,81.9924887615336
1,1,15,0,4.792155371749406,82.21200822255736
0,1,22,1,4.174345575853933,63.196900626690535
0,0,19,0,0.7026238319999802,95.19511210330364
0,0,0,1,18.813406495227458,63.469164777290075
0,0,10,0,0.9145846232088699,93.94232010559557
0,2,12,0,3.4733526421243908,78.68103776093803
1,1,17,0,1.3029126045823571,91.36197836155362
2,0,4,1,0.9470022720258684,67.80321690550524
1,1,3,1,3.1691817867397596,71.97289386754063
2,2,23,1,6.6349636841832975,44.69031478382185
2,1,5,1,1.9559253732220572,58.8541723561394
1,3,14,0,0.5810816560036266,73.16872761462047
0,0,22,1,3.7213380319750606,74.1454047950348
0,3,1,1,5.389960918258276,42.06519222162835
2,2,3,1,1.5288393888470795,50.08431914070073
0,1,13,0,4.4058043976187236,78.32239817629358
1,0,3,1,0.5758570826227003,87.94732521785127
0,0,17,0,1.869825088153412,93.98753319445893
2,1,19,0,2.5494636205253887,70.16038777432922
1,1,15,0,5.6308272039496154,77.60539881291085
2,0,8,0,1.744463328464697,79.59857283738359
0,1,7,0,2.4160531824718645,84.35521198503174
0,1,10,0,3.764347385685647,79.108806374
1,2,13,0,3.7243258807680175,76.15716427142871
2,2,16,0,2.8525982486649317,67.39351961781843
1,2,12,0,1.6937126049195579,77.86406109049918
2,2,7,0,4.179520068982214,66.18597385299988
1,2,13,0,6.652333502315215,79.34840853707152
1,1,10,0,0.8845566711319619,85.98715245019669
1,1,8,0,1.75675375939636,85.82648047967055
0,2,7,0,4.16706977135394,78.17073472610792
0,1,13,0,5.233835765316685,86.38087617770809
2,1,14,0,5.622746084186095,73.26911107424894
2,3,0,1,4.007251535016625,47.84983543599222
1,0,23,1,2.577119148937102,78.7376477432074
0,0,11,0,3.9326235288994402,96.21789531971697
0,1,4,1,0.8077703784951076,66.39750428055171
2,0,13,0,1.1151235416391598,78.54228814005072
0,0,21,1,9.486089344636643,61.97856332391443
2,1,15,0,9.236343311899155,63.715602875154005
0,3,18,0,4.804267521986307,69.74969761158684
1,0,15,0,1.686280346300506,92.17683690074672
2,2,6,0,3.962796660534967,63.917178932959395
0,0,2,1,4.374295383648826,66.11941905554684
0,0,22,1,2.8334518978453347,68.4718642073845
2,1,7,0,5.131452451438531,69.12513530356662
1,0,20,0,0.40549219709076195,94.15933449803373
1,1,20,0,1.336038700374758,82.60019651270613
1,1,13,0,5.837237199319876,80.94306551238249
0,2,19,0,10.071939359230692,66.71054399997087
0,2,2,1,7.608637804246336,52.11203266797931
1,0,23,1,4.711819181722213,83.81385209339666
0,1,10,0,0.9332154701061237,84.45509308829224
1,1,21,1,1.910017526142528,71.11181508754332
1,2,13,0,0.4803102077066255,82.56361080711888
0,0,21,1,3.8744360459326943,66.38827727874106
1,1,1,1,2.3915592920313156,76.60335047460681
0,0,3,1,3.2784967839032393,66.77136881494832
0,0,20,0,13.880633736492447,82.82903700720337
1,1,4,1,2.101053670594986,73.095760449246
2,2,18,0,1.582074916606487,66.84755217736753
0,1,9,0,0.8713066461828296,92.41989956351799
1,2,20,0,0.8426021801015797,78.28667298335829
1,0,20,0,2.858507129016571,92.65753998267728
0,0,1,1,5.141240239976876,63.757846169249554
1,0,20,0,3.209110029670308,92.31023949629214
2,1,2,1,7.530563557881495,58.93990494036742
1,1,14,0,1.6286380220170544,93.28568480712462
0,1,18,0,3.463941408851511,83.6507880800949
1,0,20,0,4.0886395329889,93.87951622072823
1,2,1,1,1.453121355785875,70.31001845276279
0,1,2,1,2.066396431629806,59.531864028569174
0,0,11,0,3.4286259450037884,96.51287046852482
0,2,22,1,0.3740348014601804,55.279810925576214
0,1,13,0,7.919255493449103,81.95834873530306
0,0,16,0,0.7120553195788986,90.6416904098407
1,1,15,0,0.4705408638830599,86.02407930025792
0,3,16,0,1.147407796992046,66.51763667256346
2,2,23,1,2.7422786009233806,52.60574057144767
1,1,8,0,1.694873482264761,90.74856563912147
2,0,2,1,2.3302749011274893,67.23431671607968
1,0,21,1,0.6081222123165764,78.18744774441073
0,2,13,0,1.2289171540627788,78.00165014115548
1,1,2,1,0.6596767030004105,75.61311264465401
2,0,5,1,1.2134432309731542,67.59225745182627
0,0,22,1,4.552724617010881,71.39407122484423
0,2,20,0,3.297226985081096,83.40902304653669
0,1,18,0,1.722476833924473,85.94546803586584
0,0,23,1,1.3596772842808862,71.52151260887071
0,0,12,0,21.309310255735998,77.83648519153557
0,0,4,1,5.411567091952194,71.76111947938114
0,2,0,1,6.341770051684613,58.65860887040881
1,0,11,0,0.3935144539232305,94.11567644051486
0,0,14,0,0.5150257180126424,95.35187622467942
1,0,18,0,4.664257297782624,91.75649988109444
1,1,1,1,1.0454523299533958,72.35891515138792
1,1,2,1,2.2408402148360653,75.90519865250297
0,0,6,0,1.0124078060791233,94.06853938517223
1,1,10,0,0.9821025831778676,87.3954650209251
0,0,9,0,0.7042402727069443,97.3341147807045
1,0,7,0,3.4571504676055396,91.25413535961994
1,0,1,1,5.005365786545707,79.27705883322339
0,0,13,0,0.5048347670010507,92.41987274665092
0,0,12,0,1.4282077634674337,90.58235643641402
0,3,6,0,4.059078090331505,69.6167321154998
0,1,20,0,2.043351070768595,86.48844879760767
0,0,8,0,4.568767925583794,94.11434522231362
2,0,6,0,5.283670080820248,74.48316742520267
0,1,0,1,0.41489447887833597,62.01851831234563
1,0,0,1,1.9779822588805402,86.75033948208853
1,0,5,1,4.871522616835699,79.49634373152941
1,0,0,1,1.9641946784136552,77.29737713457507
2,0,15,0,0.3204759889805731,80.57735240791588
2,0,2,1,1.734753099726095,65.64160524288253
1,0,12,0,7.512932028305541,90.06434722489993
2,0,20,0,10.92348710374058,71.00913332155856
0,0,3,1,3.177544004033818,74.16871379232104
1,0,16,0,1.5803081676103543,89.83579182127367
2,0,9,0,2.496179167713193,82.8379955919473
1,1,3,1,1.2430887267987831,76.7348538000055
2,0,19,0,0.9442587353740821,81.21307320141301
0,0,11,0,2.681052118081511,95.9585417420179
1,0,12,0,4.970401416927842,94.6701311015004
2,0,3,1,1.1806923864527727,68.05947274613781
0,2,15,0,8.709862340409046,77.92103888171165
1,1,18,0,0.944687679527616,88.59776971676699
0,0,6,0,3.1608194971376693,90.82821648099475
1,1,0,1,5.5423758384418065,67.02606121946583
2,0,15,0,1.1400727202039485,83.30996224992221
0,1,1,1,1.5306295361637086,64.27379213508323
0,3,0,1,0.4849990917209346,44.73745245519379
0,0,13,0,10.385188847705754,87.69227223999545
2,2,19,0,2.635988309681368,63.11704703826654
1,1,4,1,0.532634381408896,73.06296160695472
0,0,14,0,6.504460780405655,92.82379814228639
0,0,9,0,3.248561072575322,90.0379986223116
2,1,20,0,0.4990508984987556,71.74062579759432
2,0,1,1,2.398139607378293,66.43421204375927
0,2,10,0,2.2945574036464893,81.21481720847567
0,1,15,0,0.8527192873221034,83.2943697815098
1,1,18,0,2.208795547393166,83.83480665553141
1,0,3,1,1.463436118593554,83.10480499795877
2,2,9,0,4.5132269921030055,63.87751891306232
1,2,21,1,0.3192748011389224,64.3662131419223
1,1,21,1,0.6936453871726884,73.76317921260504
1,0,11,0,9.08142931949895,87.38289531609317
2,0,1,1,2.2879440944866616,68.03356531403972
0,0,1,1,0.9783196577992594,71.58813251158907
0,0,8,0,5.816458438322408,94.96312860338128
0,0,11,0,6.977279296723189,89.12254092093805
2,0,1,1,1.1304108450653279,72.62319564897534
1,1,17,0,4.6762803608161505,82.36415695381092
0,1,15,0,3.6420255799245704,79.783985651694
1,1,18,0,5.083499545683773,90.96587280942285
0,1,14,0,5.727414875887781,82.6575349452964
0,1,15,0,4.085480913624412,85.34049230657065
0,3,5,1,11.249780506130097,37.149712286092736
1,0,14,0,7.288681651255476,89.95486542016448
1,1,11,0,1.210104738717162,88.99662229466091
2,1,21,1,8.869301317613958,50.96769510122039
2,3,11,0,1.8598032921845231,56.584358943453964
1,0,9,0,4.838123416019073,90.94787784054088
1,2,20,0,6.89379921888953,70.6417653060697
0,0,14,0,2.3067530975150845,98.02836086930535
0,2,22,1,0.4850887505283834,49.583859216036615
0,2,3,1,10.76144325009152,42.97505342007284
1,0,9,0,0.5633434242004125,94.86827052740944
0,0,18,0,1.797575855272225,90.57725864217556
0,1,22,1,3.476068654820563,64.75046186999022
1,0,13,0,0.7376333013372773,93.37298070453681
0,0,9,0,6.675016817454584,90.85543675843431
1,0,16,0,1.0960064754140577,90.02206440544663
1,2,21,1,15.241358769894273,54.6143497087219
0,0,10,0,8.98739145986217,86.48252114779605
0,1,17,0,3.5471121034689084,91.69442080968659
0,1,1,1,4.0759376766540445,60.88040460103102
0,0,10,0,2.9695392919479917,85.75618340976652
1,0,7,0,2.036377111341451,96.67425824731998
1,1,18,0,1.816949758034744,85.31390532612879
0,0,15,0,8.078518433158086,89.34557464326036
0,0,3,1,3.3081957890210556,69.31743305690581
2,1,13,0,6.36643250129269,64.5781203443633
0,0,21,1,2.8259249630130654,74.66012688689167
0,0,16,0,1.583664351445545,90.79921517938152
1,1,10,0,0.6368611465777243,82.54347462192007
1,1,2,1,1.6688982553142384,75.57584683422363
1,0,3,1,7.724351549606737,77.28765618161795
1,0,20,0,4.656309982601695,94.48308311097068
0,1,12,0,5.693446680896951,83.78663438689777
1,1,16,0,5.496519788549159,82.87729347983463
0,0,19,0,0.7473070978108556,97.12510648608047
1,2,20,0,0.9054924306862315,74.33209150221413
2,1,19,0,1.6356377016368346,71.64640556852441
0,0,9,0,1.5535099807811483,90.91759244141439
0,1,22,1,0.5392796323586737,65.82775036021171
0,1,23,1,0.8831399743220443,67.2405916573497
0,0,11,0,7.088398578197711,90.16592849178494
0,0,7,0,3.4124490784911012,94.39637067176383
1,0,2,1,1.7664318213302146,85.30374204610226
2,2,20,0,2.916448412292926,65.17711868280385
0,0,9,0,1.360085331153393,96.1358228672859
0,0,23,1,3.368418659955946,75.92905438402012
0,1,6,0,0.571469015708357,94.96202155954823
0,1,9,0,8.45307404486021,80.26690518413547
0,1,6,0,1.2625862044358853,83.66981070279245
1,1,17,0,6.283864153817698,74.73517808739635
0,1,19,0,4.075822144632418,90.01363371201393
2,0,13,0,2.890886698912132,76.98240258241985
1,3,11,0,9.59724793233549,66.21016645327605
1,1,7,0,0.8969835641975641,88.76255232629613
0,0,6,0,0.7445442815796354,96.82071068395456
1,1,4,1,1.6594060097520436,73.41987354972694
1,1,0,1,6.506406576514123,72.67868701359005
0,0,14,0,0.4254258681500711,96.28603591094338
0,2,8,0,1.2577931552340011,76.95972016345897
2,0,11,0,2.235036056665229,84.09122095599706
0,1,21,1,4.668236143281162,63.795960512304255
1,0,17,0,1.5449293260098467,89.91270186293796
0,1,10,0,2.380438361385362,84.48088120209358
0,3,9,0,1.7376418358869217,69.92778140653888
0,1,9,0,0.6380204184448817,85.27933464738702
0,0,17,0,4.996979714621528,92.83623902583032
1,0,0,1,2.4656034589947105,84.9009496761205
1,1,19,0,6.159143756003806,79.28988360033051
1,1,10,0,4.452530128448557,82.866590263213
1,0,1,1,0.5084384592620278,86.03197325938247
0,1,10,0,2.7265464757640365,82.79868307760535
1,1,1,1,16.731156669947197,59.973986085568015
1,1,8,0,1.587936503295734,79.47242278209282
1,3,0,1,2.6770657287067414,60.66459619726197
1,2,22,1,3.9947611137575008,65.41093892477825
1,2,5,1,1.090928493213729,66.1248948254555
0,0,21,1,4.543278517839587,64.5486744212039
1,1,1,1,4.073535650492666,71.21288227443506
0,1,14,0,1.944791322990614,80.17585061569618
1,0,0,1,1.471410807436398,81.29681288641926
0,0,23,1,9.101011960335455,71.48139024825143
2,2,23,1,0.7754635390789291,53.96823936921565
1,0,17,0,2.279908251254737,96.87337968146774
1,0,3,1,5.398262969603428,82.59752876657912
1,1,12,0,0.8611538634892151,85.2264998603816
2,0,3,1,9.756935793010657,63.04985946798273
1,1,14,0,2.9147821099409046,76.97521039044784
0,0,1,1,2.759888096978173,71.63577043511765
2,0,8,0,2.2324527259502376,82.44099921825527
1,3,11,0,7.372788768306976,68.16906896010968
1,1,13,0,10.67762748770049,77.88177391916199
2,1,19,0,1.9735093433405917,75.68828245306203
0,1,3,1,3.0361108698386934,66.48308268399353
0,2,14,0,1.6263402031124223,78.55122919222028
1,3,3,1,1.9061234238660372,63.44744974171383
1,0,4,1,0.4005994597390072,84.23370427513596
1,2,9,0,5.695172421369425,70.61442123345796
1,0,11,0,12.496004488586086,85.96384218814096
1,0,11,0,5.4366686545242695,88.5001313612948
1,0,7,0,2.855874627053999,94.20617788020978
2,1,3,1,6.450955914045744,45.4282471156898
0,0,2,1,7.128768711416327,72.07939896457941
1,0,0,1,3.052432365279906,83.90839730841302
1,1,17,0,9.984932092274603,84.28224576171405
1,0,19,0,0.4072213787359063,94.64356141897254
0,0,13,0,0.33551562063390183,98.20010614245982
0,1,16,0,0.597391968252565,87.65678900887357
1,1,5,1,0.5085963972601577,72.14206712920537
0,0,5,1,2.234481233822721,68.77841689369569
0,0,9,0,10.165718872135123,85.8318332483416
0,0,18,0,4.23616362809642,95.3613375184387
1,0,9,0,4.070206031073217,95.39292939903899
1,0,2,1,2.0008170596472525,79.45888751342204
1,0,0,1,2.970740111904831,82.7762657210685
0,1,17,0,1.5692982782756608,86.29328142071311
1,3,14,0,2.8531610346855065,67.38405662800056
1,1,19,0,5.105592420546944,79.87065660822618
0,0,3,1,3.163046503127738,69.77631364374898
0,0,17,0,2.1997438597254,96.04014392564346
2,1,9,0,6.8233961627016315,66.52043048769033
1,1,21,1,1.4861332047024265,76.6815601412285
1,3,21,1,2.598765141044933,59.35141290731374
0,2,18,0,13.68200308080333,64.14066158435054
2,0,16,0,12.273646449196802,77.20489905888347
1,1,9,0,0.32206556798658653,90.82715304099916
2,1,3,1,2.959250455784656,54.907103730813226
2,1,4,1,1.7380048015396241,61.30740022978513
2,0,6,0,1.5047544478816468,84.22399549174763
2,0,18,0,3.4743768013812444,79.45200470813496
0,1,18,0,2.3689902205398052,84.36087256567677
2,2,7,0,4.91970369194554,61.69564157001212
0,0,0,1,0.3962819212194884,71.9295809189691
2,0,23,1,9.45530595723157,61.01117163514514
0,1,7,0,3.234360380768531,88.28571359398106
1,2,18,0,4.332784597223021,77.95173094980068
0,3,16,0,3.5473810678201043,67.07292253388646
1,1,8,0,16.12663727170319,73.78171735521532
0,2,19,0,15.315859875215722,66.5576318943167
1,0,22,1,3.5946557238538754,80.99223455977932
2,0,15,0,4.331639207811727,74.18383804700267
1,0,8,0,3.673396340779057,87.54082690292638
0,0,18,0,1.602178552267166,90.93457158880408
1,1,15,0,1.0488350134486386,81.98019823719791
0,1,20,0,2.104045297725135,81.23448988613305
1,1,12,0,4.318303369904842,87.71859455664801
2,0,18,0,0.5016179341698359,80.21289641820682
1,1,4,1,2.8276119746786605,74.35357591965659
0,0,1,1,2.1372201070546812,71.47261938865537
0,0,3,1,2.9238990771971434,71.01129013132277
2,2,11,0,7.187065415491494,61.14592064577249
0,0,17,0,0.47073283026837154,96.38627253757511
1,2,2,1,5.348161055957928,64.82929063718585
1,1,20,0,4.147697807841815,92.54697882301502
1,4,18,0,1.0978779644320666,61.04587530312827
2,3,21,1,4.937323934754338,39.37014091785344
0,2,3,1,2.70071045619483,54.1981829114387
1,2,3,1,2.595647104904624,61.954485765165224
1,0,15,0,2.609470822129835,92.04779200263704
0,1,10,0,10.731853831182013,76.04489626134176
0,0,12,0,10.41126867157,86.91536268397313
1,0,20,0,8.8710125915421,88.12344702099634
0,0,10,0,7.923306342037526,84.74645923545138
2,0,6,0,0.434094592516321,82.95201933360917
0,0,13,0,2.091361813006555,90.92042812001063
0,1,3,1,8.184186765485787,56.138937187052804
0,1,7,0,5.224548144653568,84.63840863219482
0,1,11,0,2.4350687406224396,85.55205352328274
1,3,12,0,5.493722046238687,68.1089246973959
0,1,8,0,1.1169999013744671,83.62825245470574
1,1,8,0,3.505261399843967,81.3566045472671
2,1,1,1,2.964978198005061,61.520680942990246
1,1,2,1,3.2828860916152145,72.65244998644546
0,0,20,0,4.777894877608471,91.86511371349454
2,0,11,0,10.771236690181455,72.8407912068599
0,1,16,0,1.3728940230381805,88.43468892803992
1,5,3,1,5.266595866415403,41.114351103857565
1,0,13,0,3.9261213226381075,91.16328162044516
0,1,20,0,4.45771736250144,86.08523224163251
2,0,8,0,2.2607888561486384,85.89537151679704
0,1,7,0,10.42476293782186,75.43401047082965
1,2,0,1,2.586429698325185,64.28493619624427
0,0,12,0,0.7537535136656608,95.27590777549653
1,1,2,1,4.295607684729678,65.53558579405839
1,0,13,0,0.7828706476777614,97.70481689804646
0,0,18,0,1.6636142238949856,96.0539020565762
1,1,5,1,1.2057232907619162,74.6255785112723
1,0,3,1,3.0097522672824777,81.99131016905201
1,0,19,0,1.7943253188873023,98.08510872007815
1,0,0,1,0.9096253952414914,83.13987773893015
1,0,9,0,5.775866244496782,86.58388239948027
0,1,12,0,2.5121271040774924,88.37159427574117
1,0,11,0,2.420856704526388,95.84270996055666
1,0,10,0,7.911609990107175,89.29543911198161
1,0,3,1,3.0089170908763885,88.43804141192174
2,1,16,0,4.6313064551805505,69.48037278421108
0,1,14,0,1.6915800701354244,80.76410231053485
0,1,20,0,3.183704302576801,85.73135227649122
0,0,2,1,4.83649620442796,69.57115042726086
0,0,9,0,1.530766624277029,99.0
0,1,20,0,4.382629506889531,85.06411889078475
2,0,13,0,3.2438424258625833,77.68097282255374
0,1,18,0,2.2932588785102905,81.89954374252052
1,0,20,0,4.668584541530006,96.68860015437238
0,1,3,1,1.6339214500998003,57.34867502396525
1,1,13,0,4.6873300470951955,85.15804424627223
2,0,5,1,3.1034527009281203,60.48971894192868
0,0,11,0,1.2864318025160415,93.09551804477987
2,3,1,1,4.1620763099623055,42.104043554451756
2,1,16,0,7.862717746287683,65.15015365360121
1,1,0,1,1.5987938656147005,73.11072112775318
0,0,16,0,6.155780777282231,90.4959771676992
1,0,4,1,1.7338431403408674,80.23010965451931
2,0,15,0,6.32366454290946,75.58677686892406
0,1,13,0,0.4837697705397251,85.0288128951702
1,0,19,0,0.3253451455105708,94.01330727546375
0,1,9,0,0.7207202152998944,89.84198685839534
0,0,20,0,7.548568489623321,87.57682838497938
2,2,2,1,2.9704052937568277,56.30792307667964
1,1,2,1,3.455780760277301,75.6495314738772
0,1,17,0,6.762615337204541,84.55388913931641
1,0,23,1,0.48190662153578023,82.63664290759587
0,1,22,1,2.01347742702705,61.036154907575224
0,2,17,0,3.9059542292903533,77.17199284505783
1,0,3,1,2.1152976763697433,86.58436011041043
1,0,6,0,0.4143019694363187,92.1931873396573
0,3,0,1,3.983826721535566,48.19445312091426
0,0,15,0,2.0380865902888665,90.64602355209936
1,0,16,0,0.36788562093477944,93.49714543449164
2,0,7,0,0.9543401617479221,81.13654474542246
2,0,5,1,1.1587823582427206,69.16603239428851
0,0,1,1,2.8011262195425513,71.11061734543436
1,1,9,0,1.0218945490853908,88.50193912281199
2,0,16,0,1.8692709172910593,80.86775586532521
1,1,18,0,5.161363386423505,82.38723416118341
2,1,3,1,6.070807211201078,58.813366378978756
2,3,12,0,5.853666551764458,50.91658688552562
0,0,20,0,4.457003129822376,90.65900838128029
0,0,18,0,3.031667348798676,91.18152371894536
0,1,15,0,3.099682661984371,86.1372282829653
0,1,12,0,11.030607349927836,71.5441027978237
2,2,4,1,7.659306362663874,46.67428765735126
2,2,11,0,3.972219297935964,64.19205713378099
0,0,6,0,2.5121489884977968,99.0
1,1,8,0,4.870637150190968,83.75268535122281
1,1,4,1,0.5266909341760732,71.83250095178498
0,0,3,1,10.426632776246972,66.68184966504897
1,0,9,0,3.076001242595676,90.4984085614222
2,0,15,0,2.7456030215189386,74.72981956657748
0,0,10,0,1.5028338447781555,94.34576930933683
0,0,8,0,0.31188338241943037,98.71827169508175
0,3,23,1,0.5211958846535243,47.67781810014978
0,0,4,1,1.3681260208191253,71.27125617691246
0,2,10,0,3.029635593201968,79.65483595437962
1,1,8,0,0.6054829745604865,90.08375666646292
1,1,16,0,12.820934853475666,81.5219347219136
1,0,21,1,2.152418802732631,79.18631175817613
0,0,10,0,1.6309156448091218,93.31981231249112
0,0,20,0,2.906989708351008,86.16578754089343
2,2,5,1,0.5351804340922035,52.38779019980042
2,0,15,0,6.950451492717182,72.2937373116962
0,0,18,0,2.458448195810237,93.4547720411341
0,1,13,0,0.9874805360768211,89.36722603053643
2,3,2,1,0.9174711155938666,47.83674926373875
0,1,9,0,1.8672278764002535,82.52723785675086
0,2,20,0,3.2813745738651092,76.17991772653039
1,3,22,1,2.1879231945148456,60.13300280422463
0,0,3,1,3.479105863788853,70.59176156991298
0,0,21,1,4.578402483768228,67.2267591765574
1,1,20,0,5.130936627639442,84.51914378879445
1,0,1,1,2.0934682241845297,83.6236496284287
2,0,12,0,4.7181202905789155,76.65677595854154
2,1,10,0,0.834007842803278,69.86160930159284
0,0,11,0,2.8189104917508714,93.87678849398776
0,0,0,1,0.5634742315131499,69.96187985313438
1,2,21,1,1.2794877231258825,70.94344797938999
1,0,20,0,3.362908989251015,84.39834073499537
0,2,8,0,5.020425428921582,75.00904462357083
0,2,11,0,0.650567811023431,76.80873307187
0,0,6,0,1.1120704912057007,96.24719740145336
1,2,16,0,17.154847845794162,70.57589211256257
0,3,9,0,1.7419044562827772,69.14371741157548
2,0,5,1,1.46946217809913,65.01092130901739
0,1,6,0,0.6118927963119449,88.9422449132659
2,0,18,0,4.454248391034571,72.06775194234072
2,2,13,0,2.7842709644870824,64.51207355195467
1,1,10,0,0.9000470270144001,86.67868112196183
1,0,1,1,3.8074066184772275,79.29747283889371
1,2,0,1,2.9111487845083217,63.15447394095311
0,0,9,0,3.2129922647939795,86.09640191136876
0,0,11,0,18.743922420958615,82.92637844649212
1,2,8,0,0.4016051814215648,81.56691738760428
1,0,22,1,8.926717952427191,75.685089474416
1,1,10,0,6.755641858607866,82.78401886320269
1,1,0,1,2.1785537000656263,73.3050642170016
1,1,19,0,7.748633771925994,84.24770174790558
1,0,9,0,3.960019350446177,91.23578399095734
1,0,18,0,8.004984115608242,88.5011085182974
1,2,22,1,3.4612138050885353,65.67293603743278
2,1,20,0,1.152378215591868,71.4233778257165
1,0,10,0,3.3049043230718413,92.07781124068018
1,1,2,1,0.9905779721788603,74.31263627402171
1,1,15,0,0.8312512101657421,84.77941637004642
1,0,21,1,4.015227216598702,76.92918065734241
1,0,9,0,10.6127388322812,85.91695084948539
0,2,1,1,3.4077777074730116,54.36533217045172
2,0,18,0,5.860081841387686,79.4874004243609
0,0,3,1,0.9452630474543022,69.35723971412293
0,1,15,0,4.016736392578683,82.61275169294424
0,2,5,1,4.92147786703284,54.61638938043249
0,2,10,0,0.44876820882990937,80.83557658103535
1,2,16,0,0.6577514851977684,79.05654310582217
1,1,14,0,5.62468823451152,85.45571279750796
2,1,21,1,2.329052381461967,59.32337605680825
0,0,3,1,2.1205978907603034,68.69853713946893
0,0,23,1,9.15625758869283,65.55732652805013
0,1,7,0,17.18417808141647,75.9882147619596
1,1,23,1,5.359439687855366,74.12963488652457
2,0,17,0,5.805765880600289,79.18889332441708
1,1,13,0,1.1175974425171507,87.18697354211656
0,0,1,1,1.0471529526628378,72.95007107163418
2,0,15,0,14.11366062816196,71.47847038716425
0,2,21,1,4.4571049327420385,49.549223358359356
1,2,14,0,4.362188742454358,74.35707284036576
1,0,20,0,1.479974656276817,94.71206486789391
0,0,5,1,7.9151968388049205,63.71019342106694
0,1,8,0,0.45910348506979204,90.58714381181237
0,0,11,0,1.4235656534492633,97.06363168500353
2,0,9,0,0.995181550081377,78.57801859953938
1,0,6,0,4.645813843970246,88.5641671828069
2,0,4,1,4.697732114397933,66.53187824108639
1,1,22,1,2.977992081111105,69.28631467561843
1,2,7,0,0.3184570139856333,80.16463045555503
1,0,11,0,7.543366778880796,97.45609403657778
2,0,0,1,11.199791189371751,57.0148985994491
0,1,9,0,1.0911340707721544,84.2806750734963
0,1,10,0,6.763220011950348,80.23703974521472
1,0,22,1,12.97904545815484,69.92277363792657
2,0,19,0,1.6859002513860455,77.10935476949135
2,0,4,1,1.0162291377997013,73.34398794137685
1,1,12,0,13.586075765948134,76.81932320577458
0,1,17,0,0.5156082151954281,89.81556584436002
0,0,9,0,1.4301833413676113,97.4541546049111
2,2,20,0,5.04218198140836,56.55382132851573
1,0,16,0,3.6622527557578874,89.76226359615781
0,0,18,0,4.337706937213114,88.80922997160013
2,1,3,1,4.609602572368844,49.9153372023647
0,3,8,0,4.3558759878340965,70.29315687007382
1,1,17,0,1.766209628018379,86.99809923543278
1,0,15,0,1.6063410148180346,97.6819621286771
0,1,6,0,2.2580129021557673,87.11595166300124
0,1,11,0,6.070146275969753,74.82108444536843
0,2,3,1,10.047507052329124,47.855929169146684
1,0,20,0,2.4259740557180387,91.1703789096882
1,1,11,0,0.6138410550737776,88.5430147734383
0,1,11,0,10.04906646391598,71.50229592446404
2,0,3,1,0.5934650648413025,70.15711748922054
0,0,11,0,0.9065288469865127,96.63908335204171
0,0,22,1,7.3788096075008776,66.34639613884204
0,0,7,0,3.106295629863615,90.1179356407395
0,1,23,1,1.8222343186061247,67.57669015278634
2,0,2,1,9.653192590321733,57.12674611413634
0,1,15,0,11.610657270314244,81.64860137807237
1,1,1,1,1.7056579756217098,76.86123120587517
2,2,5,1,7.398601096904286,49.7631831316681
1,0,16,0,4.271966182733075,97.03290385747059
0,1,11,0,1.423088104178874,86.41232503493845
2,0,8,0,10.231524524219132,74.67779282443438
1,0,15,0,0.5280101563061801,94.43338271808713
0,2,6,0,1.6392435680205701,77.72498465001314
1,4,7,0,2.066150068192906,64.93309358720222
2,2,6,0,4.406523253513353,61.56477845180907
1,1,20,0,0.4371687137422173,87.33796053538929
1,0,4,1,8.018370807435613,76.78928006747036
2,0,22,1,4.066611570144335,64.53220975866078
1,2,6,0,1.4256529055096028,81.06339147244327
0,2,17,0,4.058808609719655,71.43913826966306
0,0,17,0,2.994523714981163,90.51900100607835
1,1,15,0,1.7346098203430818,83.19138496621258
0,1,6,0,0.4015466044719856,88.10028779954916
2,0,20,0,3.1033482400697903,77.80418843697754
1,2,1,1,0.600144727575344,63.26343277766614
1,0,16,0,6.1158093922326815,91.51758251044876
1,0,7,0,0.6244213984610878,95.18291240682088
1,1,1,1,2.259683470310597,73.80166276634885
0,0,17,0,2.295478009504245,95.50557738348995
0,3,18,0,3.1433475478960777,71.55133711739177
1,0,19,0,0.44108328991604995,93.94797530368356
2,0,8,0,1.097809677859896,81.37042216122062
1,0,11,0,1.0788207896988544,98.24559345305661
0,1,21,1,3.4980220100042727,62.24141898962799
0,1,18,0,1.371105289102666,90.14249834498187
2,1,7,0,0.8449944856512066,78.50963179212216
2,1,21,1,0.364832527799581,62.198205264037306
0,1,7,0,6.725973733210694,79.10284341715311
1,1,9,0,12.758403126133837,76.40136383166879
1,0,17,0,4.552169816432691,91.84674239028855
1,1,14,0,2.162842358124458,85.83019179214176
2,2,23,1,0.7554240171198459,53.78226977389566
0,0,10,0,2.555948637144771,96.60019763596318
1,0,20,0,2.439335194237029,90.49826743863346
0,1,13,0,2.2057987820357217,86.83970828789575
0,1,14,0,1.9635618232088707,88.69297679204801
1,1,13,0,2.703362814645198,84.5849829885771
0,0,11,0,0.5659883649995111,91.46930894082645
1,0,3,1,0.43666488087380484,82.03461698064109
0,0,2,1,0.5313408001878375,69.45054985797043
1,0,11,0,1.0809957801256997,92.01558424882053
0,0,6,0,1.440396081052927,95.59188047187024
1,1,6,0,0.9498671242276027,87.53320435339975
1,0,21,1,1.3158433648848271,84.08339357416277
2,0,18,0,1.0195831109824527,81.63579300807338
2,0,13,0,0.8718780728287794,79.68445571144436
0,0,0,1,1.5134503136828492,68.75932380777655
0,0,6,0,2.0734100167514753,94.31230173061253
1,1,21,1,5.0726716319718825,69.83855603441287
1,1,9,0,11.196861608639047,78.12456942662462
0,4,17,0,9.095072813243204,55.579237314555535
0,0,12,0,2.5614803175276015,95.66257040555655
1,0,7,0,2.465380533412151,86.30469358615196
2,0,8,0,0.7701525686645907,81.92945327312859
2,0,14,0,12.782093335848243,71.22171257240555
0,1,7,0,5.296333743913352,85.92351278511396
0,0,0,1,6.883634376366178,63.82539377416416
0,0,2,1,1.2337537818034434,71.87485021347611
1,2,18,0,2.094230330218969,77.04114584787257
1,0,8,0,0.6790634648451459,93.98219795531769
1,0,18,0,10.194692975017718,86.89711556085948
1,1,14,0,1.478216047211076,84.87873768299731
0,1,13,0,3.472275979399059,84.39759292087757
0,0,0,1,0.8779695073605878,76.01466857296798
2,3,2,1,5.982319561369983,46.055791313985615
0,1,1,1,1.0217644938202266,65.39876482981548
0,0,0,1,6.101237390961372,72.51853562077397
1,0,17,0,2.098186343906347,88.98998974032047
1,1,0,1,3.31761019186243,75.26023183226953
2,0,8,0,1.4000916287295357,80.51716237507344
0,1,6,0,7.802853883822623,80.14454050058552
1,0,12,0,5.292989243253877,92.60482647741027
1,3,16,0,1.8308298528625775,71.50470892444565
2,0,12,0,3.381240245963293,76.4970129893107
1,2,12,0,0.7833501818594732,81.47182512154248
2,1,9,0,0.912205285883601,72.63488874243315
0,0,5,1,2.9700732895399096,68.48081802523866
1,1,4,1,3.881605556106253,74.82626358008294
1,1,9,0,3.1530617751427066,79.86465372928603
0,1,13,0,3.1687259895297637,89.89431253839152
0,0,10,0,5.04572316404902,93.68337244367918
1,0,4,1,8.44434052483172,70.57172200153968
0,2,3,1,2.0162796250349526,60.02852254422481
2,0,2,1,2.99459457748073,66.85932108015166
1,0,13,0,8.123027179538054,82.32943196555642
0,2,12,0,2.4844939714471757,72.42775013689375
1,1,23,1,2.3616945697246914,75.32807234749849
0,0,22,1,5.391222915512679,65.40946060230468
1,1,4,1,7.643077362083267,66.76063487871677
1,0,11,0,4.983562133062036,91.32893023773188
2,1,22,1,0.6692455804328097,62.48198262991055
1,2,9,0,2.487712009268318,78.64786887454618
2,0,1,1,1.1337652412649488,65.3736247655037
1,0,6,0,1.6361947125811802,91.44124737589588
1,1,6,0,2.5138579659404012,82.30702557796512
1,1,3,1,1.1764808978132821,75.25002589960107
1,0,11,0,2.8393666822136434,93.26808560773412
0,2,23,1,3.9077740148502342,56.06877721095699
2,0,3,1,7.575199907897268,63.4918489950101
1,1,6,0,1.1315052486046842,86.93341471391939
0,0,19,0,1.601590155583487,96.39899957582213
2,0,12,0,2.121890439595421,79.59502882487504
0,1,7,0,1.1900766252088932,89.19943590047939
2,2,13,0,1.7123448264314562,63.452606476106936
0,2,2,1,7.820036081625918,49.38434318524956
1,1,1,1,0.822409707673172,78.4444227667625
1,1,9,0,2.352865918272866,84.20850356307368
1,2,5,1,1.6036312746399493,66.3889290597642
0,0,22,1,0.5810658335024658,70.05289694805951
0,0,6,0,0.6537259832461356,99.0
0,1,15,0,5.67795601070978,78.36558426065321
2,1,5,1,6.994784847110254,58.852050352833636
0,0,15,0,5.033757715599558,85.39026844418672
1,1,23,1,3.011989782377865,71.95597895696973
2,0,11,0,5.484571812216397,78.83310974964341
2,2,21,1,0.8771262894228762,58.33637721108813
0,0,14,0,5.60265581683715,89.80153045727333
2,1,21,1,2.2275793407840414,58.096463341030415
0,0,2,1,5.156450534621054,69.48580914654224
1,1,15,0,1.2045615705254957,91.49005663238692
1,0,17,0,6.5546091634719055,90.26561674775256
0,1,14,0,3.238598281509642,86.4416107700914
0,1,22,1,0.3257759680341314,63.31949951523989
1,1,5,1,2.8635526220644953,75.93660140325201
1,0,16,0,1.6001408213087118,89.02093291368845
2,2,1,1,0.5072746729751489,57.35234952971844
0,1,1,1,2.375350443767904,67.58644320271354
2,2,16,0,1.6061881495144386,70.7774118131615
1,0,18,0,1.1002622913459834,98.1001179986656
2,1,4,1,1.8030157176098671,58.43897383364334
1,0,3,1,0.9929021708130032,86.60204908495102
2,1,17,0,1.547422735022921,75.65266179725751
0,1,7,0,0.7289093629430059,84.74265864541982
1,2,8,0,0.6082807988763044,80.13876886877237
0,0,23,1,8.728565194942117,57.276891739890296
0,1,22,1,8.457214766171266,54.59608666537971
1,2,17,0,6.461018595938867,77.29407040453786
1,0,21,1,1.216256688236875,86.93181755291482
0,0,10,0,4.829798068790759,93.61062800042578
1,1,15,0,3.4181368722801384,84.93154264037362
1,1,15,0,0.4840736384919384,84.01352856030404
0,0,3,1,8.34457905290745,68.2574077820438
1,0,20,0,22.019920366698503,74.25111459161899
1,2,8,0,4.617163259062337,77.85114974515378
0,3,12,0,1.221637099028687,68.81777653334457
1,1,19,0,3.129242925284485,87.26253750441155
1,2,7,0,0.7054329364590877,81.84692583101736
2,0,10,0,1.5422637186800054,78.06983694933659
0,1,20,0,4.721247085613165,86.52446788882733
2,1,8,0,1.5537375900843742,66.99449953928237
0,1,17,0,0.8573300237579982,86.38345159840641
1,1,19,0,0.3262473212552345,89.61217162775678
0,0,2,1,3.274421398490772,72.24557930837187
2,0,22,1,12.421185513834475,57.39596682858037
1,1,17,0,2.6166721295414863,88.0529764369861
0,1,18,0,1.1366192283396224,89.34831218100449
0,1,8,0,2.4779757248760363,81.99751749560002
0,1,23,1,3.525297774690583,62.343869795267764
0,1,17,0,5.957060526498514,83.3194888773818
1,0,21,1,2.4095168507477753,81.61463309471542
1,0,15,0,0.9646241791873922,96.66262046445377
2,0,13,0,1.0289351715914785,78.93713104676064
2,0,18,0,8.349471513961866,79.22787387062039
1,0,21,1,1.2432645188932736,80.8235406677291
0,0,14,0,4.857063045327609,87.71232786091205
0,1,20,0,1.3964511368645545,85.70274252357966
1,0,3,1,4.762412681323486,79.95247271593186
1,0,11,0,0.5856162194313153,90.99538790841014
1,1,6,0,1.1134974008716099,85.68741244351074
2,2,10,0,2.1390188594253274,60.568278382709586
2,0,6,0,2.8349077024787404,80.84153305199594
0,1,19,0,1.8236667230064676,85.50864148602473
0,2,2,1,3.2826341858760006,48.21604141918275
2,2,3,1,1.6775672551370542,55.77206320822972
2,0,1,1,4.270987471178756,62.071474932064625
0,2,19,0,2.8053569630646393,85.75649660146419
1,1,14,0,4.574026427022682,81.7904771531225
1,2,19,0,2.27343254682771,76.44623065829589
1,1,11,0,7.620303313887837,81.88499558963433
0,2,20,0,1.9851859067663187,71.16898874082325
2,0,16,0,1.5892687708912276,81.04984346105842
1,2,17,0,3.150321044182756,79.58336240874957
0,3,7,0,2.790818550656058,72.98617423860114
1,0,23,1,2.8550513007164353,81.55814821165241
1,1,7,0,5.865956162457257,83.08046984781963
2,1,4,1,3.4086350710316413,54.22071736539422
0,1,23,1,7.877969549670919,60.67708347620745
2,1,8,0,3.6782366999693292,70.43195382483424
0,0,19,0,0.37679026946987704,93.41743459478793
1,1,19,0,7.451384386634826,78.44017416077892
1,0,22,1,6.709324072818498,79.07219961568859
1,2,4,1,0.4752917630553234,66.65186852773574
1,1,9,0,0.7684978934903091,81.23891280565985
2,3,0,1,3.14456502464666,43.31522770711117
1,2,23,1,0.453292449892496,65.32610343511675
1,1,3,1,2.1536501495375,76.40502345120258
0,0,23,1,13.261936548892944,61.8930648502092
0,0,15,0,0.9638798007399878,93.44072112318685
0,1,17,0,1.1077737821756883,87.53997503185202
2,1,11,0,4.2483065765307,75.12612354693769
1,0,19,0,0.4574110030873041,95.85224375025638
2,1,14,0,6.315162022496877,66.0789661829322
0,2,17,0,1.0767662865286676,74.46775240706697
1,1,4,1,2.9541717849637203,77.12735556745396
0,0,13,0,1.3011200920343282,86.60339521424636
1,0,23,1,4.064343226478339,79.68355663259374
0,0,6,0,3.3969086704904394,99.0
0,1,10,0,10.544317254442499,73.73159920008716
1,1,14,0,2.3645456789329833,82.25731679474089
0,1,20,0,7.574657991903507,82.03794104237089
1,0,10,0,3.3016060029392644,89.94143605779809
1,1,6,0,8.905807636693513,80.02829902892044
1,3,20,0,1.5077096307604039,72.56919269523588
2,0,22,1,3.0929189140078455,68.23341782138178
0,0,19,0,2.030207205053245,96.69978920415878
1,1,19,0,0.5385911790861819,82.32439630923155
2,0,3,1,3.2887902712978243,70.16778240497914
1,0,23,1,5.83345963102143,82.37313809212975
0,0,0,1,3.1433630493609477,73.0224302282479
2,1,20,0,1.4465678812389497,68.94791950800719
0,0,1,1,1.3720251503995324,68.35365841653201
0,0,3,1,1.250589000225099,72.88933648546241
0,2,4,1,13.92820198312854,48.788992497783255
0,1,23,1,2.083339965427743,67.35970466732383
0,3,1,1,1.633744141737103,47.750353539192844
0,0,1,1,2.1973129304295016,73.12196045126296
1,0,17,0,0.7307437839379769,96.13203621035443
0,0,23,1,1.0636310465279109,70.18581251354364
0,0,13,0,2.788891535049937,91.44684963631694
1,0,2,1,5.91291598548643,73.47975442694725
0,0,20,0,7.618222438510931,85.71354967008327
0,1,17,0,7.334306337598877,79.74255745595792
1,5,21,1,10.435659298753617,38.71721852891714
0,0,9,0,0.7704473306678894,99.0
0,2,5,1,0.446416264717308,59.09721830648377
1,0,1,1,0.6911211431528884,78.71331647880481
1,1,19,0,3.513518311589816,83.2570609560031
1,1,10,0,3.142695584567469,88.13657298162151
2,1,17,0,4.193176775997103,67.73611356297235
1,1,13,0,1.923188472763164,90.45905075316192
1,1,19,0,2.039165118623357,87.92224882890214
0,0,12,0,3.060529076282416,91.79699861122232
1,0,6,0,0.5882465992615216,88.79008048973346
0,0,20,0,5.930796315537122,93.27786403206993
1,1,19,0,9.26726465559799,82.01723488020015
1,0,9,0,2.0148377224711953,94.80598975506702
1,0,18,0,5.009006708573258,99.0
2,1,12,0,3.0857253645459792,68.22322308530994
2,0,21,1,1.2421955864993235,72.57100690274258
0,3,1,1,0.545719334471024,49.503913317800276
0,0,19,0,1.2878009723571335,94.73520905929469
2,3,11,0,3.550211856921854,56.596242913555415
1,1,7,0,0.4437148061867808,89.64881987359486
1,1,17,0,6.631683820633727,80.05110637527832
1,0,1,1,12.608858783124829,80.09431100027282
1,1,15,0,0.6051835424399791,83.69915817433348
2,2,7,0,1.2915114202231956,63.896526539108166
1,0,15,0,4.240585549428885,97.13766066725762
1,2,7,0,6.041089353755058,78.70658791809127
1,1,22,1,1.786236127071759,73.00095041387503
2,0,12,0,2.8343434124556426,80.77345395623706
1,1,5,1,8.081895727449862,65.80232472324724
1,0,0,1,1.998043142710233,78.96982378994593
2,0,1,1,0.5976926565350127,67.42945451627673
1,1,6,0,18.770769917145223,76.77922594516218
0,0,12,0,0.9957744888531359,87.88524989358109
1,1,3,1,0.4750413649741254,77.76155685892087
1,1,8,0,2.1505940192927664,84.59284250606156
0,1,18,0,0.7532424692674651,88.76090052351799
1,1,19,0,13.777158729192543,78.22982233590004
1,3,2,1,1.977609620315228,58.83740449729238
1,1,22,1,6.416652938843563,68.10011541145568
1,1,1,1,0.9801190028310407,72.71524666465832
1,0,15,0,0.8230597705939704,93.40083265364606
2,0,9,0,3.967315864701204,72.9483537026049
0,1,11,0,8.701083876643448,80.80744831684858
0,0,17,0,0.7257539698744022,92.30207286999526
1,2,1,1,3.4142306188133418,63.87962316726731
1,1,13,0,0.610677802033377,86.3937308430157
0,1,11,0,6.152631454045684,84.82874179762837
0,1,19,0,8.700920931317619,84.2538964458855
1,2,23,1,3.7684962594482143,69.1034586443403
0,0,23,1,4.380483343667712,70.72750550175365
1,0,23,1,0.4996131392369287,81.43123935388724
1,0,7,0,0.5652198643612611,90.62431002189402
1,2,22,1,0.9931724044828978,74.52811838359878
0,1,21,1,1.4198915741026354,69.70694457399722
1,1,6,0,5.2928095773818375,85.94162956186439
1,1,12,0,2.300913480308985,87.63345931935795
2,0,14,0,0.5851831570758326,79.46985800068389
2,1,13,0,7.002188710860178,68.28962459765683
0,4,4,1,18.106327544080173,31.2768231437102
0,2,7,0,2.4245620514235973,72.38768641286296
0,2,17,0,2.8093473821199177,75.91602077126535
0,0,4,1,0.5861696082865844,72.56281338526864
1,1,22,1,1.990200772780501,68.1384661837109
1,1,8,0,1.9271627126705193,81.49572912864527
0,0,9,0,12.113485275430305,83.33459980563727
1,3,16,0,4.080278642024496,69.49379602555523
2,1,2,1,5.634352638877058,61.523449144398775
1,1,0,1,0.7807135184709064,73.53387083476096
0,0,6,0,2.188049391356627,98.89294736604667
1,1,14,0,1.0442396887585317,84.48279622135881
1,1,18,0,7.186122645922852,81.37380958145727
2,3,7,0,0.8785985148954687,53.35416731985192
0,2,10,0,2.322316952805747,76.83442619242419
1,0,1,1,0.49300084028417474,76.89632572537818
1,2,19,0,3.8207422304018044,87.10074480479764
1,1,1,1,2.601721719157891,70.28341572009238
1,2,10,0,2.711811398928922,78.90758164815027
0,0,19,0,0.6750632373910186,93.02906144645405
1,1,16,0,2.8252777980005357,84.53412428338586
0,1,9,0,3.203658023401022,84.707758439573
0,1,4,1,11.823836441541015,58.88932426800757
1,0,2,1,0.41825482430876454,84.18995203042834
0,0,8,0,9.260830898537662,88.31670779033276
0,1,19,0,2.5858123297835167,87.17038926246695
1,0,21,1,1.125535595521015,83.21294554694994
1,2,1,1,4.1333966145120895,60.864814361083745
0,2,22,1,2.847463594999659,54.977512961246056
1,0,18,0,1.200057742148814,96.09137010685315
0,1,16,0,3.74999461371334,82.71431440900939
0,0,11,0,2.5436838556830237,94.03646425932114
1,2,19,0,4.388032803004204,79.79677134170737
0,0,8,0,4.388734141555033,89.40724515849693
2,0,22,1,2.540715237321602,70.02216747369283
0,1,3,1,2.0346085337684015,63.55456168749514
1,2,17,0,0.5286644287601483,79.7967983613096
2,1,15,0,2.683204213442264,73.89280603742681
2,0,20,0,1.2749039684038346,81.75987837327718
1,1,23,1,0.4915113697952559,66.9500549136203
2,3,9,0,1.7036583253223363,51.632445066305024
2,0,21,1,0.6203663470795605,70.09890291348407
0,0,11,0,3.334101172364298,91.9092687438663
1,2,10,0,2.751793282756669,72.98922949000378
0,3,4,1,5.802986358164236,43.87985158158386
1,2,19,0,1.390159933965503,73.7997387755757
1,4,10,0,1.9256292422890258,63.14335169671149
0,0,15,0,4.3873100011176716,95.26490619734375
1,0,14,0,17.638827421830136,78.74408631629564
0,1,5,1,8.508119358418401,59.4306827874604
2,0,12,0,2.8749121715984893,78.3867902961582
0,1,15,0,4.265640242894897,88.89097255016492
1,0,2,1,2.95692359793368,84.43911190150592
0,0,17,0,2.2970489550774147,88.39555476390912
0,0,0,1,3.5271803102914996,69.60407530395516
1,0,16,0,2.0100081324163668,90.734686576153
0,0,19,0,1.450679972373967,92.03671543839528
1,0,5,1,4.580734332625396,81.69151983098831
2,0,8,0,7.494310636667292,75.58385376194026
0,0,3,1,1.4889902705255795,74.12334368776492
2,1,6,0,4.595244915623021,62.95019630271048
0,1,22,1,2.2921817186910074,66.45758801153009
0,0,21,1,1.5588030469663277,73.03721739069124
0,0,10,0,3.696791776541937,96.86343588003969
2,1,22,1,10.112946728487518,51.57720367819064
0,1,2,1,1.816860054045593,67.2748396750821
2,0,15,0,5.287321960308197,77.64630460599027
2,1,5,1,1.622635238107556,60.60103560812523
0,0,6,0,6.001392621889059,88.73523464884515
1,0,11,0,5.29468448257893,90.48046893121867
1,0,6,0,5.378031146093359,87.75966171927581
0,0,21,1,21.574260524347583,56.806757798262204
0,1,18,0,0.8299871450560157,85.06371058295272
1,1,21,1,2.0233833172803033,73.02278124532629
1,1,15,0,3.7875740585320488,83.92474682493119
1,2,17,0,3.424654683954877,76.79030317774745
0,0,9,0,5.609533384214182,90.48888323613288
0,0,0,1,0.468159258162221,72.5728570356186
2,0,7,0,4.573336869057377,77.66552993977935
0,0,2,1,4.9842520521670695,68.92257338751928
1,1,15,0,0.5206662160202864,86.2720462035929
0,1,23,1,3.007839551871215,64.38450078813408
2,1,2,1,1.2835975339799932,64.11028586423103
2,0,1,1,5.961626248872796,63.22389433361786
0,0,11,0,0.4781032636513997,93.01252255913283
0,0,7,0,0.8530570976584633,95.44723743416846
1,2,18,0,0.6861250241225436,79.77441955460897
0,2,23,1,0.5360456590102611,54.6706172441194
1,1,17,0,3.5076621723183274,82.44011569968187
1,0,19,0,7.401868608116501,87.2947566190509
0,1,14,0,2.803682409309471,82.14668831942245
0,1,16,0,1.1276054789353946,87.91282751808706
1,2,17,0,1.7744939017570023,80.87463023277047
1,3,17,0,1.8640082093802648,68.57438007328753
0,1,8,0,2.4028520818915053,81.49639135446871
1,1,4,1,2.20979538279957,74.25018235256638
1,1,10,0,4.192550786731522,84.2384221337704
1,1,3,1,1.7538383251985041,81.00249687161904
0,0,9,0,4.1064938168228045,93.71734930536289
0,3,3,1,3.069771096164992,44.66237521986218
2,0,22,1,0.4740371160267485,65.76585488241783
2,0,2,1,9.125733261844939,62.64547614453311
1,0,15,0,0.9858706842228588,94.04687965446416
0,0,20,0,2.4021721331566424,92.74705518931503
1,0,10,0,10.620783470931876,86.70401334696247
2,0,8,0,1.2944642669484847,82.29048542652414
0,0,0,1,0.3784485560029601,78.25946175706373
0,2,9,0,2.657047888903492,81.86265116971116
1,0,11,0,1.1872993424147489,91.00665072606711
2,0,23,1,3.3531889276434383,64.71368028437615
0,0,1,1,6.246010281309925,60.942271608619976
1,0,14,0,2.8054491556800762,93.38846551501612
1,1,23,1,3.9250205409837475,70.78473195793966
1,2,19,0,4.139747327720068,76.63000789592846
1,0,15,0,6.312202949084146,87.48159100126284
1,2,1,1,4.375811362266489,61.998892336439994
0,1,12,0,13.379151013386718,72.17558037731162
0,0,17,0,2.432180541511305,92.09663002116598
1,0,21,1,0.4804785622933259,84.3224138588333
0,0,18,0,2.053218911792414,91.3355621000156
1,0,10,0,6.711368322391716,91.5858186671032
1,0,13,0,0.7997801788573468,92.28626651794254
0,2,2,1,4.960524297276864,54.03364203859123
1,0,8,0,2.9849948196621674,96.67869682195237
1,1,4,1,8.38243921460833,67.33050169660727
0,2,13,0,4.898122300812008,76.75673971054252
1,0,6,0,4.081233233305089,92.51415480542477
2,1,11,0,7.927507200765274,67.97647564686373
1,0,20,0,8.659260272400955,89.66311376890773
1,1,17,0,2.0009915314146562,86.63807364569242
0,0,10,0,9.501397578021717,84.31795099337383
0,1,23,1,0.49687789727615295,63.86209214645422
0,0,8,0,5.3325388166782774,92.46083834177057
1,1,10,0,1.7359557134496002,88.22507904743699
0,0,17,0,2.638887272262836,90.6603528892201
0,0,1,1,6.622277246739006,70.6199271034226
1,0,19,0,3.847106947034032,90.49062539878538
0,0,12,0,2.4404272717294004,94.04538331336825
0,3,14,0,0.926663855843971,72.34424853844399
1,2,7,0,10.104311208723601,69.17735478472783
0,0,4,1,1.714637511937095,70.80549196387656
1,0,4,1,0.6732817584416138,76.32986286032681
0,1,6,0,3.2065738392240695,83.75384469305568
0,2,11,0,2.1247148484740164,82.001096823433
2,1,19,0,3.424959704564455,65.04539909959138
2,3,11,0,1.2308588494841104,54.908796735508226
2,0,8,0,1.9659568876303426,78.04306554273639
2,1,3,1,12.878558368096556,44.792353313098644
1,0,7,0,9.950500148735857,81.01242858891096
1,0,18,0,7.292689479669953,95.34649828053931
1,0,21,1,5.585488655269676,80.29223733041297
1,1,0,1,0.8959318567730601,77.78198197994695
1,0,22,1,2.501862733165915,82.04936285208355
0,0,10,0,4.855585550874812,92.85424132503957
2,3,22,1,1.3622379339003319,44.45509479660244
1,0,12,0,0.4177173628449531,97.79443760510583
2,0,17,0,2.1950917153027407,83.54593317574567
0,3,20,0,2.23770911327482,68.68035713204131
0,1,19,0,0.5356059392131012,86.32798855524177
0,0,9,0,1.6529885398778776,91.93678302634501
1,2,12,0,9.023877399638154,72.5243112222831
0,1,11,0,1.308272627233955,88.67594063401839
0,0,12,0,3.2470632216595208,91.8660442685039
0,0,1,1,2.6422006064532626,65.64563255898246
0,2,2,1,7.234947134070835,55.121243755583784
1,2,16,0,4.010061160636473,74.49927468191441
2,1,20,0,0.903699193025842,73.99481153920156
0,2,18,0,0.8395746809928952,80.83884516382231
1,1,11,0,3.1535008271119893,83.69420195210412
0,0,15,0,0.4665320177123519,91.88025782911319
0,0,19,0,2.0503555152651445,91.92503107239756
1,2,19,0,2.0821257270079627,83.12407151994428
1,1,21,1,1.0649964893349775,71.80181968641052
2,0,9,0,1.5534270131721553,76.45407678159596
1,0,22,1,1.7014011127918447,82.2110712596974
2,1,22,1,0.34139897383082174,60.58775635807992
0,1,14,0,6.03768125376479,81.44014311578078
0,0,7,0,11.349455472235432,83.21224514759137
0,1,18,0,1.495102221740119,86.2414043437745
1,1,4,1,0.7156854527609597,74.44316429600063
0,0,11,0,11.042987340397579,90.17623567696673
0,1,9,0,5.02218323162749,80.82440215763181
1,0,21,1,8.062002263310132,75.09113171586503
0,1,13,0,1.8667995947446216,89.85953146766121
0,0,21,1,2.6161922358622354,69.35457000539637
0,0,11,0,9.61941600156856,85.13931185282262
0,1,23,1,2.453751883639236,64.87715543338115
1,0,12,0,4.20261285057416,92.11329443535465
1,1,20,0,4.570343362745857,82.91605083990625
0,1,20,0,6.6514630998077156,82.40555587989496
0,0,16,0,13.236226981363108,85.83434426180865
2,1,0,1,1.7273590484504058,60.60045163362167
1,1,21,1,1.2950113879253784,76.19493780931278
1,0,9,0,0.5831191269942313,93.96913680648511
1,2,4,1,7.095886181126991,59.23400941748369
0,0,10,0,1.5119517119154169,95.48983576827585
2,1,9,0,0.47810027753968054,72.30447054010575
1,1,5,1,7.315701044111735,68.7565412204646
0,0,14,0,2.7960777233721243,95.00118983451978
1,0,8,0,6.677329617830189,94.63879485737722
0,0,7,0,3.12981138488227,87.4554530689732
0,2,22,1,1.6176932180893808,55.75889464400846
2,3,22,1,0.7865386919465684,45.64034467852037
2,0,5,1,2.311668997837752,67.47846868439085
0,1,5,1,0.3941774156356398,64.63818456214702
0,1,16,0,3.5286041182783667,84.41142744446074
1,0,11,0,2.253105559845586,94.29841854121064
0,0,6,0,0.8340864501006389,93.74784929965892
1,1,4,1,2.9443256889050256,71.54648391141652
1,0,15,0,5.949006289267519,88.55443174683826
1,3,22,1,13.183229243106744,53.93800483383811
1,1,5,1,2.9229633567474016,79.11156193024244
1,0,7,0,0.7856112231402187,93.35691588337185
2,1,2,1,6.125592143838239,55.64859348554588
0,1,7,0,4.465113359034701,85.1037309847591
2,0,6,0,11.07471158606823,72.54069387600659
0,1,16,0,2.9816161333035405,84.6725957814603
0,0,18,0,1.8462026217090264,89.77297753819595
0,0,19,0,11.823839623754976,83.09463420967289
1,1,13,0,3.006036020403923,87.17078464050363
0,0,5,1,0.3561173518975288,71.87833637814033
2,1,6,0,2.546387537409145,77.36181026639203
1,0,4,1,0.30833302028498627,88.5235942910076
0,1,18,0,4.984036631008807,80.7600649592303
1,0,20,0,3.2210450024814454,96.38827909857453
2,2,6,0,0.7070863004175403,65.03404970727394
1,0,8,0,6.1684749568096375,90.50040636211351
0,1,11,0,2.9908472241084234,87.21580396246293
2,1,14,0,0.7238726697380313,75.92858382450083
1,0,14,0,0.9102821688785088,92.1083531670103
0,1,23,1,6.342943677514035,66.9938332982042
0,0,20,0,1.8374103251789518,94.36853166994909
1,1,15,0,6.323172238375702,76.51157166102344
2,1,22,1,0.5521288407818445,60.27286972967214
0,1,19,0,1.2783462312427498,92.82378079624436
0,1,14,0,5.362383031972302,81.43585147545697
2,3,4,1,3.8923670093009806,50.254930836970324
0,0,11,0,1.5826523237531063,94.10551878517529
2,0,3,1,9.922498751316551,61.04972546052462
0,0,2,1,1.1297551859303945,68.94908247846392
1,1,0,1,6.934780342574257,71.80303460914556
0,2,12,0,4.464598915909791,75.44656817012677
2,1,4,1,0.7518625363671303,60.83923607393344
1,0,11,0,3.1347930375151667,91.85703725320539
2,1,1,1,9.602792213652046,56.34446551996827
1,0,5,1,3.6763908623021417,79.44470728363032
0,2,4,1,2.933709217657711,48.12595203190555
0,1,17,0,1.8967567665286411,83.44145701598431
1,2,23,1,5.742127518420359,59.44943743274778
1,1,4,1,8.84884803992191,72.86820657939053
2,0,17,0,5.19877608012152,78.63377950166574
0,1,15,0,4.821619741277894,83.78657781413351
1,1,16,0,1.0483010400011241,86.07484553777631
2,0,1,1,6.584898257702547,59.486988128591555
0,0,16,0,0.44541487244887173,93.96645953470684
2,1,9,0,5.25663875320351,72.15302146691788
1,0,2,1,1.128884874426166,84.55284385477991
1,0,13,0,2.6379610161709675,94.1750671188113
0,2,18,0,4.45873792651556,72.25872164678663
0,0,11,0,5.281493173574256,88.57744228707607
0,2,0,1,7.965021572710255,52.744311898816946
2,1,6,0,1.4623876729492118,68.88602039286977
2,1,6,0,1.1890543490209393,74.71409857185326
0,1,12,0,19.847460041796523,68.50548868842424
2,1,8,0,1.1142266125670939,69.30049966351149
1,1,4,1,4.132712949462658,68.21995809672217
2,1,3,1,10.982665981257997,51.23103408630302
0,0,4,1,8.240536623735366,61.8446699437849
0,2,23,1,2.3498208801479548,54.661477460043216
1,2,23,1,3.85234645393414,62.18458065040639
0,3,19,0,2.9358556996128193,68.09704317905704
1,3,11,0,1.7897779783348604,73.07548935260235
1,0,7,0,0.8459234660990502,94.29152366688501
0,1,12,0,5.9929415417268315,84.71042786446176
0,0,3,1,0.6317865895147432,79.15335301972833
2,0,19,0,3.592287472509364,73.06220048372627
0,0,10,0,3.4580913872732895,90.59858600947395
0,3,14,0,1.7269644223635938,68.03075189238379
1,0,23,1,0.8092437155262167,80.26641122139046
1,0,13,0,5.92668817569608,91.38842028949732
1,0,17,0,2.4691468076812377,98.33445932653724
1,1,19,0,4.821919523277361,85.57567755835043
0,0,0,1,0.3581812178996965,74.16909352119075
0,0,0,1,0.5709859808822284,75.66463861256331
1,0,10,0,0.9768997104830299,98.694174417461
2,0,23,1,0.7229945842919967,73.81214636337496
1,1,19,0,1.0449063267462924,88.12524463323336
0,1,5,1,4.359712509455483,59.125399067794305
0,2,4,1,0.4684805621350703,56.606857402322014
0,2,12,0,0.4351039960152407,73.50148474325582
1,0,9,0,0.4125735030449902,96.9689038786745
0,0,5,1,4.486584839402077,66.85583393939667
0,0,3,1,2.988569575143559,68.45945659387131
1,1,3,1,1.9184710992462204,75.02607068856636
1,1,6,0,4.240308171406676,78.26404477712884
1,4,15,0,3.122923034432193,65.59727119383024
1,1,0,1,0.3257665547473008,76.90555589041142
1,1,8,0,6.682453707376868,80.8546691575614
0,0,18,0,1.808733179735976,93.40563183570438
1,1,19,0,2.0853313206092046,83.81905701023852
0,0,14,0,5.6360690955034665,98.30437482046906
0,0,8,0,1.0249755804836678,91.42916602154119
1,2,20,0,0.33543021910671983,80.70014370899848
1,1,19,0,8.682923209199508,79.76466491304492
1,1,21,1,2.7645745469489116,73.45013231562656
1,1,0,1,1.805194909513101,75.59363169072567
2,0,0,1,6.2832853518585114,65.62800012961125
1,0,15,0,0.39326382383433534,93.61454605522385
1,0,4,1,1.091039149155376,78.64076962446309
1,0,20,0,0.8906586422888114,92.0911960563875
0,0,8,0,4.98567659227107,89.62959420620041
0,0,0,1,1.609323890377679,69.92236407315742
1,0,18,0,5.488380866409653,87.48395362148281
0,2,15,0,0.4482639929171506,80.9856409207384
1,2,2,1,3.578759133975006,61.06980346674395
1,1,3,1,1.6406726070457276,74.03323241261884
2,1,11,0,1.0242399278314698,67.78420684564922
2,0,6,0,6.239450144511279,79.28158680013894
0,2,14,0,2.16008830647371,76.42756013745397
1,1,22,1,3.2671846070553894,70.7034380236812
0,1,14,0,0.41775222316901633,84.4790086501114
0,0,4,1,5.789447674597765,73.48404891507656
1,1,22,1,1.4833819877951182,78.29566419074841
0,0,1,1,4.437809660491913,69.6128322402298
0,0,11,0,5.301835124852648,89.25264942238294
2,0,18,0,0.7359661213723127,86.63811052294433
2,1,22,1,1.5279249095533944,61.77070983170473
1,1,4,1,4.7986472294092986,70.8953520949505
2,0,22,1,1.2246886394527905,66.33709670847846
1,0,2,1,6.897569422141547,79.93533236098344
0,1,23,1,1.6087478923234864,63.551295335328206
1,1,5,1,2.1015090243809347,69.802100309564
1,1,12,0,0.6677638529782762,87.48147290032321
0,1,19,0,0.8592562802721495,87.52882726258179
2,0,14,0,1.4275787232224162,79.99096994756633
1,0,3,1,0.47550873089150436,84.13513697520735
0,0,19,0,1.0506506391917922,93.18899363596213
0,2,6,0,2.1404500262477972,78.30868505404352
0,1,21,1,1.9729121872653859,63.891743878946905
2,0,17,0,1.0752949974136632,76.1231909670775
1,0,20,0,0.593550609520525,96.63350028300708
1,1,20,0,1.6402984393918238,87.8383909558934
1,1,21,1,5.087481663731624,74.39768849607248
1,0,6,0,2.7974359096750456,89.73464302546817
1,0,11,0,10.568200560824767,85.27747998129712
1,0,10,0,0.8274175249945024,97.66535620204127
2,0,23,1,1.1131657687248366,66.38098045171401
2,0,11,0,1.4512206036624145,85.2284030304689
2,0,14,0,0.34580507535245597,76.04508943774134
1,1,7,0,10.349905073774647,77.52416163856374
2,1,10,0,2.3630502632371044,70.21496986781237
1,1,20,0,2.5998625324104423,87.71131834140269
2,0,17,0,0.9013208315632566,85.2751029899777
2,1,9,0,7.514167199108924,68.400388425113
2,1,7,0,4.428986127322009,62.09437778213666
2,0,5,1,2.275783147306544,66.93632207648164
1,4,2,1,7.662252196210301,47.23959625066586
0,0,19,0,8.55547915611528,89.33495989289304
0,1,11,0,0.47761325722102577,86.88220297104525
1,0,16,0,0.7447315397225756,98.32333895854721
0,1,2,1,0.39805998842982976,62.51671899895341
1,0,19,0,3.350700494557518,89.22715903352841
1,1,17,0,1.1604006283517558,84.73457742468749
1,0,11,0,6.8235320236118575,97.34678479704624
2,2,21,1,2.495193500985896,51.46428022525804
1,0,23,1,6.664291002946068,81.11498621576547
1,0,15,0,3.1386469133787736,95.87907036004913
1,1,21,1,5.866603555834752,65.65008974507761
2,0,9,0,1.927444911734239,79.28843149328996
0,1,18,0,10.476630072311952,82.47935143602326
0,0,8,0,4.150313413324469,99.0
2,3,13,0,3.467780583561767,58.96084952070587
1,2,19,0,1.8204531026186874,77.51634608037445
1,1,13,0,9.986407937702044,83.8915896872504
1,2,21,1,1.7423100838730248,65.31260888653603
0,0,3,1,6.624612405931781,64.30587401782225
1,1,14,0,2.1131116027485293,87.90900183402997
0,2,19,0,5.401273951948724,71.3225799716544
1,0,1,1,8.801612360503768,74.17232871323081
1,1,17,0,2.4931839108005853,89.96567382644017
1,1,1,1,2.9139163955496716,75.30587075393082
1,1,17,0,1.7034632412887722,83.54536512253453
2,2,7,0,0.4968692737920997,66.02356795229335
1,0,9,0,3.9992777811974998,91.51529450945135
2,1,19,0,0.7459953115836435,75.62521794011938
1,1,3,1,1.8296645008802612,75.17625071761141
1,0,9,0,1.8050161658820956,94.02029506333773
0,0,9,0,0.8729520701558691,94.19199683549974
0,0,2,1,4.1456013574479496,66.38403604905133
1,2,20,0,0.971602228248736,83.363178337747
0,0,3,1,5.573079463431858,69.79803765424798
1,1,22,1,1.303524536510723,73.47173956158584
1,0,9,0,1.4853700113124266,93.04419493226722
2,0,6,0,1.7741314072978809,79.27428516251398
2,0,21,1,0.880168718796378,65.82901331103542
0,1,22,1,2.2937001029679127,61.96165989140851
0,1,11,0,0.5930727355251881,89.97507223037688
1,0,6,0,2.249752608608158,88.50587288332721
0,1,12,0,1.7538381205157831,91.67226169449053
0,1,7,0,1.7451177339092352,86.11532583456457
2,0,12,0,4.082781533889288,75.35933883973253
2,1,0,1,5.429028089776112,56.118998257163696
1,2,15,0,1.8401899038600456,79.79081639871518
1,0,18,0,1.3634097688206546,92.4659626693555
1,0,18,0,2.6866830074959056,94.8290910487812
1,1,20,0,5.724456680354408,79.73360651919586
1,2,12,0,3.9205234045686046,74.47103823038809
1,1,6,0,0.43559780266051124,87.88461652009462
0,1,14,0,2.5882683086584453,83.56925544615429
2,0,5,1,16.773297396370804,61.45891819304772
1,0,3,1,1.8246213852171378,84.02841998512436
1,1,21,1,2.3338476117612945,75.16938481581735
2,1,22,1,1.485955652470646,60.64550912303271
0,1,19,0,2.7099150463420383,84.29171733952629
0,1,10,0,0.9140778058312651,86.00068122113456
2,0,23,1,1.2929785792408417,65.46063335416443
2,2,20,0,4.653578676687782,62.91315255603922
1,1,18,0,0.820914698397121,83.10563248913294
0,0,1,1,9.419721895455707,69.83926259251655
1,1,16,0,1.5883923914674105,86.4123509582211
0,3,14,0,3.2950380718111125,73.97325992634835
1,2,19,0,1.6592539944151523,81.35233733945117
0,0,17,0,2.5755132759119594,92.73168215747336
2,1,11,0,8.49468904267496,68.04211774346275
1,2,2,1,0.5486472006486832,66.28261208932852
2,1,16,0,7.091134583440621,67.53832734738262
0,0,13,0,3.1541847324937873,90.14835289715225
0,1,5,1,4.1284311879911995,67.19414760909542
2,1,3,1,0.5012832057537698,61.66320681909059
0,1,20,0,5.315370744668833,85.7865423271485
1,2,7,0,0.7784912152422194,78.0636010216861
0,0,19,0,12.015588766184104,90.12086006350191
1,2,21,1,5.920582199090746,61.089700790243526
0,1,2,1,2.6764436938196363,63.01401299957803
1,0,7,0,9.327274063052403,86.12505830867951
1,1,12,0,0.9482478573633082,87.56616407616593
1,3,18,0,17.055086112703272,56.78329016867097
0,0,14,0,4.7158420906447445,92.99910616964006
1,0,22,1,0.6624593688924139,83.25949553994495
1,1,6,0,2.9920121668910067,84.62912511803637
0,1,2,1,4.643153120454916,58.58896078416469
1,3,18,0,3.622858389631633,69.35919794913869
2,0,9,0,2.2304592058029398,78.89960880657729
0,0,15,0,1.298231293898377,96.65064618849273
1,2,13,0,1.252384793739915,78.12983697950648
1,2,7,0,9.458156790438006,69.4953498615427
0,0,10,0,1.2363921509918394,88.69831089730329
0,1,18,0,11.783097926803773,81.52096744001514
1,0,1,1,1.126029065169318,81.56370274239413
1,0,4,1,1.9973918546871992,82.38862530561705
0,2,10,0,0.3433999632474505,78.17873297615175
2,0,6,0,8.470852598556238,72.42667447612145
1,0,7,0,0.6857260324527459,94.16417229328046
0,0,16,0,1.847429636992072,91.01562358634686
1,0,11,0,6.769559158697698,88.48152442598
2,0,17,0,5.794043241848198,78.5081769803984
0,0,6,0,6.7470249251321395,91.70785591601583
1,1,8,0,8.891309375161118,78.87883916956433
1,0,18,0,8.769701113361192,87.29632918472997
0,0,13,0,5.451470130675599,84.8634237616997
0,1,23,1,3.3565076910061062,57.80399575331533
0,1,18,0,3.185777391470431,83.4080302931017
0,2,19,0,0.3455130118709748,79.85486253450975
0,0,17,0,4.787656586328779,87.35746855946037
2,1,14,0,1.1997033392139798,74.65173039990333
2,0,20,0,6.475133321033503,78.373580955687
0,4,20,0,3.1244900336445087,59.97117003849547
1,1,3,1,15.567202085634232,60.38489576825455
0,1,12,0,1.1262400155331214,87.83340571202132
0,1,4,1,4.798967165048719,66.66811068061095
0,0,11,0,3.0756475080837666,91.28683962598217
0,1,16,0,9.698938779216103,82.55016664465779
2,1,9,0,1.382331874700941,72.3147079260257
0,1,11,0,0.5144704876374038,87.27188308476109
1,0,5,1,3.047387471719651,79.99859220398857
0,1,19,0,2.8806735311383904,88.0045195981742
0,0,19,0,1.6073934273265145,99.0
2,1,11,0,15.377542720840456,63.76274057540532
0,1,12,0,0.5529115552544148,83.51892540492649
2,3,20,0,3.2499912446823713,55.13733920589979
0,1,16,0,1.3548939096599926,80.57475178799848
1,3,19,0,0.3066984465959648,78.42053300349897
2,1,9,0,15.736242929883618,61.967109096652145
0,0,18,0,2.599615137473029,90.51294963905983
1,1,4,1,7.111852806979099,70.59764430553311
1,0,4,1,6.715506299638686,83.2837499928901
0,1,7,0,6.154782805124458,80.06765684793058
1,2,16,0,2.4502876189245426,76.32900143651398
0,0,2,1,8.219296519863853,62.90402149754702
0,3,20,0,1.9020025386181683,72.67985881247476
0,2,15,0,2.13715852574921,77.8716732551161
2,0,18,0,1.3336132817365727,73.45837232503308
0,1,5,1,2.3802647865829747,64.6082401981982
0,1,9,0,15.36778215851304,78.05440945891982
1,0,15,0,3.280372627671183,90.77761486090793
0,2,12,0,6.524522958222283,74.6441551917903
1,0,2,1,1.3697147421292393,81.29860770131697
0,0,21,1,11.226176834311802,66.08140358566952
1,0,7,0,0.34641264309737185,89.75431460959678
1,0,19,0,9.619692601128731,85.33397009268606
0,0,7,0,8.28987212336502,87.44977758597906
0,2,6,0,0.5440618175290332,81.87682313478209
1,1,10,0,3.5496854502650406,84.66696955945052
1,2,19,0,5.6838855817145,71.52542040411318
0,0,2,1,2.1101731075706907,69.58445778705294
0,0,20,0,0.6372381934494776,98.26951700326973
0,1,20,0,6.489516266852387,78.33900498540457
1,0,6,0,2.4990256911817537,96.08353809611688
2,1,10,0,1.3692737825657089,75.21203387985044
0,1,16,0,0.557218305942635,90.71092385694335
0,0,17,0,3.8774504768288836,95.19771610831465
0,0,8,0,0.45127926005315555,98.72671564431234
0,0,12,0,5.780545835891763,84.98982540232052
1,1,14,0,5.455328187766702,87.06253110657259
2,1,18,0,1.6649978052335412,73.65326531724361
0,0,14,0,2.537211730275105,91.25407801695738
1,2,6,0,4.172052049148345,73.12077026774939
0,2,2,1,11.490230323833853,48.89867114109312
2,1,23,1,2.8699935099952305,66.34733965062914
1,0,7,0,20.276991758501445,81.5646402110249
0,1,12,0,1.676197636003832,84.70200347301008
2,0,15,0,2.916552254026082,85.77293023413003
0,0,2,1,0.7300219761599476,74.35239303813212
1,2,20,0,3.145224335273342,79.51658346060992
2,1,22,1,2.9899116683398743,59.97812996731157
0,3,0,1,6.912353462086134,46.513439582307115
1,1,2,1,20.14444124923351,53.10173554079164
2,1,15,0,15.285256603710268,61.73149145233383
2,0,0,1,1.243536309578446,70.39306235542398
1,0,17,0,1.7460704699896388,98.34431809105503
0,0,13,0,1.4238872155331468,99.0
1,2,6,0,1.0796007474114988,82.45019954987998
1,0,22,1,0.8693763524762395,82.94182907229941
1,1,2,1,2.8092040618914176,73.46387383074973
2,0,21,1,7.508702776103657,60.8987322558479
0,0,15,0,3.419463085187617,93.90300768112043
0,1,5,1,7.513231446671723,65.4300455147922
1,0,17,0,11.522122343744053,84.6747361393797
2,0,12,0,1.9909042105600274,79.96471583887462
1,1,23,1,6.62052865870416,68.07908737411348
2,0,1,1,0.4881405600800277,71.72418369146008
2,2,11,0,2.5959732426870996,67.66728908768741
2,1,3,1,1.907673106585949,57.89594556153255
2,1,8,0,1.102294062391809,74.37109701800289
2,3,19,0,2.3193341805380463,48.74443396298305
2,0,22,1,2.352582418411923,66.30246637935376
1,0,4,1,6.085759851596821,81.9861020839357
0,0,9,0,7.4117790230976395,87.66554608380373
0,1,5,1,4.044581073656681,58.363102979610034
0,1,0,1,3.812080741231517,64.52140966168137
0,3,19,0,0.7085856701092823,71.60419038019957
0,1,4,1,3.296988149236852,63.452190254132155
2,0,5,1,1.4228632802824344,68.876039063713
1,0,21,1,1.522273419216228,84.51139013137355
0,1,20,0,0.6484997713932524,90.22670296357775
1,1,18,0,3.8358374085547555,85.59299307859195
1,1,10,0,3.368133497445757,88.33919125591346
0,0,14,0,1.1708380290813527,94.00643229633356
2,0,1,1,1.3682612074739293,68.86480959518369
0,0,14,0,5.48983670259152,90.70756390067392
1,1,6,0,5.811501179427607,79.33194392011075
0,0,16,0,2.677939368056454,97.32623085670934
1,0,11,0,0.8647121130406803,94.48854001183479
2,1,11,0,0.5001909221681531,77.89783060394174
0,0,4,1,1.408537196011844,73.26825355833012
2,2,19,0,4.898071732492497,63.36183696701099
0,1,6,0,3.5141703985584014,87.5402024484892
1,0,1,1,4.731794123203071,80.11030050041862
2,1,12,0,2.5336363002010422,69.63201198660842
2,0,23,1,5.218540574209899,64.42347472311765
0,0,8,0,2.594170457768162,96.45267782801022
0,1,14,0,0.6071425699522857,89.18415227946777
1,0,14,0,0.5912965791872524,91.98436047857913
0,0,0,1,6.532924835405763,68.69608769216919
1,1,20,0,3.7763311641389405,81.5543914903272
1,0,19,0,1.4455233420921,94.14212267879581
1,0,20,0,5.253956222725473,93.85688810146603
0,0,2,1,0.8105667004619432,70.55587834449844
1,0,0,1,3.927132338775442,79.5734867664417
2,0,18,0,16.242649794108377,65.2062718187812
1,0,19,0,0.8688967391357363,96.13760875415933
1,1,12,0,0.835804267600847,87.27117031551846
0,1,14,0,2.5078020330862216,83.5738373822931
0,2,12,0,3.901750287906107,78.14132299343531
0,2,17,0,0.3941676852900645,79.61384274087688
1,1,16,0,2.7237122734502814,86.82752630515144
0,0,0,1,0.6039175814804334,69.74575887149518
1,1,14,0,1.2666306160070127,85.51433363834659
1,3,23,1,4.661617319712758,57.181750560297566
1,1,3,1,4.999511471381571,73.56730722521829
0,0,1,1,4.879200103833075,66.16934916805877
1,1,18,0,0.5357784413109445,87.41531295024534
1,1,7,0,5.7087304800637275,85.90955474363984
0,0,21,1,2.2809943016274725,71.36058030025848
0,2,15,0,2.557314033120469,77.00239114053969
1,0,7,0,2.2046777763550662,91.6220622671295
0,1,9,0,7.107734953462176,80.24973580083615
0,1,15,0,4.287695852349367,84.74315407480756
0,0,4,1,2.7261960284676836,64.86272438240941
0,0,18,0,6.591243122157754,88.0851992751175
2,0,5,1,6.028175404359167,65.43072592502764
1,1,9,0,0.3176992500197108,89.48238099460043
1,2,23,1,2.5812120435011576,63.12755182103647
2,2,4,1,0.4510755168179046,51.755208537492344
1,1,20,0,1.5844804323655248,86.45557233820327
1,1,18,0,6.000838792664978,84.56287222346292
0,1,18,0,10.391686095996569,78.07636960363583
1,0,12,0,1.270059440218879,93.60562397204797
0,1,14,0,0.3758029973619716,88.21592032632412
1,0,7,0,2.101544958666468,89.85774207344228
0,1,10,0,1.7285143567715895,90.99219505628157
0,0,0,1,4.25499392332081,69.84409050051664
0,0,3,1,2.691588706837908,69.79594480196917
0,1,21,1,2.081171837955214,67.25681178266274
2,0,21,1,1.2127572467430519,68.41167053668744
0,2,12,0,6.470702037271041,74.30069441173241
2,1,6,0,1.2993786519299295,73.57636729864046
1,0,6,0,0.497014808722542,94.7273735457152
1,2,5,1,3.2102999298386874,63.58509462192922
0,0,7,0,1.6361990572053569,96.89274823976082
2,0,11,0,4.662073923499563,72.77734368809783
0,0,23,1,0.5951533331201935,71.30880764952067
1,1,17,0,12.16668675666686,83.32968568989803
1,1,22,1,1.0239733974491825,74.99757569071802
1,1,14,0,1.8459466607099086,81.26673061871861
0,2,15,0,2.5951761609271435,81.31206749368674
1,2,0,1,8.029203111800351,60.7242528296241
2,0,9,0,4.787285935955446,73.99112777550486
2,1,14,0,0.8475862142785884,75.98254790697582
2,1,23,1,2.320710597279709,62.93519658466549
0,1,12,0,3.0400766788005216,89.34937287535251
0,0,18,0,4.538793212696065,88.46231169530235
0,0,12,0,3.2686943047554617,91.96527078034539
2,1,8,0,2.4394200923264835,70.67001702118559
0,0,20,0,5.376760179577841,87.9001151594461
1,0,15,0,1.9621774428674437,95.14652752995258
2,0,22,1,15.546630650568812,59.842563023893085
1,0,13,0,10.633182120344356,85.1254030604423
1,1,22,1,4.601086379477331,72.28528971852217
0,1,8,0,7.7979448101485564,81.69435106490884
1,0,17,0,2.048304890723885,96.61312312370362
2,1,3,1,3.3485253244102786,58.84422259239504
1,2,11,0,1.4142410530161424,78.96689761934276
0,0,23,1,7.889392370331586,69.43495083225115
0,0,4,1,2.5288496279889454,71.34754471284508
0,0,10,0,2.9886309905869304,90.90213411955204
1,1,4,1,7.297485797507693,66.38087325582548
0,1,18,0,5.885727707466148,80.93500439818375
1,2,20,0,1.6588025474159875,79.40075428463427
1,0,6,0,0.6202075033711218,90.60477720457628
1,1,3,1,0.9189694149499099,75.58464336372245
0,0,7,0,1.7495126173892552,89.06465837620587
1,0,5,1,1.5749169341494016,78.75088354343328
1,1,5,1,0.4367229384823956,77.10710246659494
0,0,21,1,2.280119924190354,69.8409735304433
2,2,3,1,0.6915873828895222,54.13720963112415
0,1,13,0,1.173609367216524,86.39539567190712
1,2,2,1,5.720569450371468,68.09668759256446
0,0,9,0,2.690354251941366,93.25552506538764
1,0,21,1,1.9335685452177935,78.3846494069874
1,1,5,1,1.0178551132288565,76.51053474566618
0,0,17,0,7.342028046125303,85.96693825135492
1,0,9,0,8.4906330226862,91.18372782331359
1,0,8,0,2.859265904668521,95.09297641360573
1,0,15,0,9.19626822130511,88.53173429402894
0,2,19,0,2.48782951555719,80.2747536718185
0,0,3,1,0.6970409168740975,75.96257425138843
1,0,10,0,0.3601524704430892,94.6300814812107
0,1,11,0,0.7808972450577762,87.38737314887521
1,2,23,1,3.711096231452678,65.75784555100468
0,2,18,0,1.6544808886826357,76.4779078388596
0,1,9,0,3.957508186915361,82.60546403789748
2,1,6,0,2.782298117865227,71.44743188291365
1,0,6,0,1.717444300910304,93.60811954034867
1,0,17,0,1.163695788642024,94.83175545216702
2,0,2,1,0.5958086499085783,67.0427624019523
1,2,11,0,5.637694903192801,71.07285121158581
1,1,13,0,6.2824847192066935,86.8838924501601
2,1,19,0,3.0289070036992576,66.89650113017022
1,1,1,1,0.8981522117577936,77.2223313927807
1,3,8,0,1.3705991865915363,70.49112751764417
1,0,9,0,11.165139748405641,86.66728058378438
2,0,5,1,1.1963742007844231,70.03028778264066
0,1,16,0,0.50468706779119,85.72718815350399
0,0,14,0,3.0951617394564677,88.42077554189686
0,1,0,1,1.3629320537340606,67.40967382896935
0,1,23,1,11.348522366737276,58.42715978787338
0,0,21,1,3.292920449264261,70.58201631968623
2,1,12,0,12.1158619847049,66.28206235825367
1,0,9,0,5.689309984902339,91.43302976324166
0,2,11,0,4.794153919954518,76.00016618363014
1,2,22,1,6.50936313569046,62.190816981893505
1,4,21,1,3.550029191214014,43.710288056973404
1,0,15,0,0.3391425899656434,95.53143670273803
0,2,1,1,2.044207972268239,53.316903389586614
2,0,2,1,1.1652115121679119,69.38701665927987
0,1,7,0,2.293998229705946,84.79106342503309
0,0,19,0,2.5257047693067047,87.79581340867682
0,0,14,0,0.7787025010541471,94.18794847464927
1,1,23,1,0.3829865144438751,73.84520700933454
1,1,18,0,0.8205633796662262,90.97841321920974
0,1,17,0,7.117657194133438,75.79868693121354
0,0,22,1,5.234963845270049,66.32238826231233
1,1,0,1,5.91371195407651,67.2349283665177
1,0,18,0,1.43185619283964,96.22392937630282
0,0,1,1,1.2426106483460253,72.64338225573799
2,2,4,1,0.43331030964662653,55.894423909796274
2,0,17,0,2.5370865080029836,75.62621915492042
0,0,15,0,1.9867501832271857,90.52020869749586
1,0,9,0,6.625181036806258,89.87444802447078
0,0,20,0,4.308506250999264,96.75788587504684
1,1,2,1,0.8453664814139032,76.45467869246477
1,0,9,0,15.54184053324113,79.93446467387352
0,2,23,1,5.4536297864418595,54.29083661085704
1,3,12,0,4.758350071338129,70.48091700396758
2,0,20,0,1.1544611213087275,75.99797152738626
0,1,9,0,8.544348612753764,79.89926554249027
0,0,10,0,2.54806212555511,92.41963239744679
0,1,6,0,1.5366616478376274,91.65769936096162
1,1,1,1,4.023050187244853,72.57016901758321
1,1,18,0,1.132798639162779,91.58494831518804
1,1,17,0,8.63439742725237,78.3480221565397
1,1,10,0,7.042768221653268,83.5092073384881
1,1,16,0,2.488630084160098,81.34856351706476
1,3,2,1,1.0403654737926702,61.51453369804842
1,1,19,0,2.7016291483022083,84.17794792022522
1,0,11,0,0.8652695349396509,93.3333956725909
2,0,1,1,1.4007631564529373,70.01779509605898
0,1,0,1,2.6071822152603334,65.85463242652611
0,0,8,0,0.3747823481939781,95.61509551904203
0,0,21,1,5.379372937776899,74.1196150383177
2,2,23,1,1.0675309763036203,53.351702978354595
1,1,18,0,7.350706377783207,82.60081177549232
0,2,7,0,0.3787896075850782,80.49087994167618
2,0,8,0,2.958489445677151,80.73713005476411
2,2,6,0,5.5465682735987025,61.63516232276805
2,2,3,1,1.25109368468513,49.930728996921694
0,0,21,1,4.603152109191369,70.4535992157895
2,1,15,0,4.766244519034815,65.08003722604118
0,0,5,1,3.8548775439322283,72.48690362407068
0,3,17,0,1.8853395985956471,74.50892573511514
0,2,1,1,5.680965390574055,51.99857484880977
1,1,10,0,3.7650980442317756,82.92987248944927
0,1,4,1,3.4239089678932313,56.90417130327576
1,0,16,0,6.2855237216456255,89.80996121118604
2,0,4,1,1.2819538102325436,69.12353517283702
0,3,2,1,1.2261038638304171,50.51652211034839
0,0,18,0,2.0097095577242525,94.19980086731118
0,0,7,0,0.5658084497844729,93.75452068150757
2,0,10,0,1.7405087657468619,82.34033923477287
0,2,2,1,2.124669382283325,53.40160627418768
1,0,2,1,2.6915922447534557,78.02369533475385
0,0,0,1,1.3256670456686757,67.89126949657381
2,0,23,1,8.607120879802917,60.14433473994529
0,2,12,0,1.4745382165209888,75.38630996861733
1,1,9,0,6.976293103640887,75.05292475459682
1,0,5,1,2.36045513956378,78.9457856754753
2,0,10,0,4.732414076243562,79.64905425650365
0,3,7,0,0.7114188739592777,72.8000187770869
1,1,18,0,3.0533130084954867,86.94421942297939
0,0,10,0,11.639087675103456,87.2727282087806
2,0,5,1,4.140783424936894,64.71798824579669
1,1,11,0,6.307423530965456,81.76850740935846
1,1,17,0,1.3589344870556161,84.25927133918151
1,0,2,1,5.935990058145278,78.9944370822612
0,0,12,0,1.8144956973614286,99.0
0,0,3,1,2.6230901413785777,66.99037039517611
1,0,8,0,1.0287100393518114,97.17037671927238
2,1,15,0,2.627308871503945,69.7991218661386
0,1,11,0,2.8376908749632963,89.590289976039
2,0,19,0,3.7080445322166615,79.13755837125782
0,0,6,0,7.404182373009785,87.35590885486155
2,1,11,0,1.5727025167313509,71.53426621830077
0,0,7,0,14.803131263321895,85.30743487779705
0,1,20,0,6.886429702069299,87.06018281243743
1,1,14,0,2.1049799545849717,88.2357183345893
1,1,1,1,1.199644170960411,73.20756386255006
1,1,10,0,0.5596267033795581,88.51527478067216
1,0,23,1,1.2346703221406494,86.80371877693469
1,2,20,0,7.855391285807676,75.11065044053566
0,0,4,1,1.5087444344090881,71.4051297767698
0,0,22,1,0.8196680776636378,68.10343780692028
0,1,5,1,0.38027463914308696,68.8843769332034
1,0,18,0,1.536783196987767,93.38319840555175
1,1,13,0,1.1523937132924307,84.4534998985159
1,0,6,0,0.6773369781488989,96.65588978130491
1,0,11,0,10.861906463328287,88.62652593265267
0,1,16,0,1.3901041718351668,83.61879276607905
1,1,3,1,0.3216859476049824,72.97937645880434
0,0,19,0,10.405679050235747,88.36436573322244
1,1,21,1,3.3238837517588102,76.46779671845695
0,0,21,1,0.602553516925262,71.52910210540284
1,0,9,0,0.41174183692234523,94.04945237779991
1,0,23,1,0.6994198232077613,80.36882779368798
1,1,0,1,3.433343408926989,76.4483106947114
1,1,22,1,0.5235396015243994,77.05130121077069
0,2,3,1,3.238793197689753,52.06412489977051
0,0,12,0,3.9998803230235165,96.78272793867325
1,0,5,1,0.8588524905677328,92.66458236878776
2,0,14,0,2.6459667420320914,73.48437404206543
0,2,13,0,11.92317310806049,71.5081658035702
0,2,2,1,6.638050696371826,48.05025270991766
1,0,23,1,4.79768890360668,78.27223101021157
1,0,18,0,2.85241623543724,88.31709464234562
1,1,5,1,2.054650759242626,78.26715966174756
2,2,1,1,2.4015715708393044,50.97464772395254
1,1,8,0,5.362790597555152,86.2423248445469
0,0,12,0,3.1283661907044973,93.0140848867367
0,3,17,0,5.363444556626167,73.32171213352714
1,0,11,0,12.55816381272733,81.32274259258558
1,0,20,0,3.8807816273732816,85.31508073004483
0,1,21,1,3.5342795877768713,60.93676177559286
2,1,3,1,2.1240202308357414,58.679585298783614
0,0,22,1,1.0668297087172396,67.36804844725665
1,1,6,0,1.9405397183885904,87.2353617913514
0,1,11,0,2.8696008653785223,86.34967594366688
2,0,22,1,0.4241716382343163,72.66060292511702
1,0,10,0,2.560620508424708,96.05597412010285
0,2,6,0,7.2355449184572365,72.7143598447539
2,0,9,0,13.446213265116558,66.77138595940873
0,1,8,0,7.071844312700359,76.69945126393564
1,4,1,1,0.9605202763814797,51.639426161289656
2,0,4,1,0.8895199215618899,67.64397826432976
1,0,9,0,2.049093342725559,94.51632944885053
2,0,13,0,1.1940674745475706,75.15185330036267
2,1,15,0,4.244481802600391,70.5255729002422
2,2,1,1,0.609219345257217,55.09541625304066
0,0,18,0,2.3526875785424846,91.17316820258348
0,0,22,1,1.4514964154227572,73.5301945688577
1,0,8,0,3.4670222140057154,91.50461945870443
1,1,13,0,5.882043760290063,86.34932280020557
1,2,14,0,9.299515911475579,76.86178388503565
0,0,18,0,11.92053889046256,85.5460134403163
2,1,7,0,1.8141782298724294,74.62749158443872
2,0,14,0,7.079099134815477,71.28168616265683
1,3,7,0,3.4373915678428393,68.32522508092835
0,1,3,1,4.424697878146581,63.06128023787778
0,1,5,1,6.96639975228864,58.585477929832386
0,0,10,0,0.7878727074090022,93.53715843733718
1,3,11,0,10.608120705062381,61.09077899441918
2,1,23,1,3.074590410231767,64.23738550284622
0,1,8,0,1.733173440355201,83.24533255764919
1,0,17,0,1.7475823479803145,95.91562183742295
1,2,16,0,5.166063071239656,74.35205663980508
0,0,20,0,4.273392851511436,93.44520277163241
1,2,2,1,4.8759335428000865,62.21363043256666
1,1,12,0,1.3208942649280002,85.38154482324772
2,0,5,1,0.9529810389601172,69.44794695454934
1,2,13,0,4.778703066087319,77.99710510976696
1,0,0,1,1.5407741811985296,84.40215810613063
0,0,3,1,1.1805633225440368,72.14140104400798
0,1,21,1,1.145505373433872,67.80790926976132
0,1,17,0,0.8622380436136374,87.50755278895866
0,2,10,0,2.2479176365709184,77.75124001123709
0,1,10,0,1.3583572062303302,88.94929130927792
0,0,7,0,8.150667607206694,88.80153805574597
1,1,3,1,4.3894401125229034,72.70242786232767
1,0,1,1,5.067136821405713,75.98371143621152
0,1,0,1,2.1090145102296316,61.885398315442444
0,0,23,1,3.5088513255042164,71.41574240495405
1,1,9,0,2.7316044774824197,82.66644493234374
0,1,16,0,0.9414231360200582,86.8323477695201
1,1,6,0,0.4716280101523601,81.43065452389824
1,0,6,0,4.326716217705126,97.25444566325069
0,1,12,0,0.7520830996337895,88.92127672495296
0,1,21,1,0.5067076298666859,63.74649237603107
0,0,23,1,2.341055064269505,75.65019130103487
0,0,0,1,4.988290002109506,66.33356881521273
2,1,0,1,5.426688712063752,55.475334108601324
0,1,12,0,7.535454577956215,82.99420308509613
1,1,0,1,1.077565466115484,77.43203300787842
1,0,5,1,15.147778833203251,69.16448122381051
0,2,22,1,5.342021905778684,55.10262200724668
0,0,9,0,0.8986450135023036,95.29072658735808
2,0,20,0,6.729848925717779,75.54088956945755
2,1,0,1,2.718737610645741,57.697145450117624
0,0,4,1,0.5410239594238988,75.09427166312571
0,0,21,1,0.7956409139746878,66.31841732659298
1,1,1,1,2.291404347409423,74.08423272687794
0,2,2,1,2.946355210267892,53.592347462514084
0,1,22,1,10.61379188690223,56.6437086666829
0,1,2,1,1.15042853561197,62.4976990574235
0,0,17,0,2.5492847113106247,89.34020363789847
0,0,22,1,1.196142138628906,70.10678555866556
1,1,7,0,3.1607332043131167,83.30723517684787
1,0,8,0,8.701390209471102,87.34451996420428
1,2,1,1,3.2356336652692343,65.37590336978877
0,1,1,1,2.797228493590638,65.14308159875971
1,0,15,0,5.15384242982828,95.32267670383995
1,2,6,0,0.8590034427156032,79.51605768325152
0,0,3,1,8.561305553973495,63.01919333230472
0,0,4,1,3.316590423866348,72.67381907463087
0,1,0,1,4.357718621104586,62.80886382009717
0,4,21,1,6.281645177946755,34.98219510606743
2,0,9,0,3.827865701899325,78.1642421627485
1,1,12,0,3.887516102015241,86.41798852119837
0,0,23,1,4.877762810145627,66.56178991087629
1,1,14,0,0.48777618992815885,85.41678472919071
0,1,0,1,1.985626276822013,64.13875875847562
0,0,17,0,11.832952298667074,84.66134874058831
0,1,22,1,1.3441185682884413,59.782251078042464
1,1,13,0,3.035053992263181,92.1069523319301
0,0,17,0,0.9751155702597232,92.4124681654916
0,1,21,1,1.6667124821617105,62.06504858604901
0,0,11,0,4.719069402604843,90.09184861705035
0,0,11,0,3.905990166198162,91.53973844413753
1,1,4,1,2.1724142563110345,74.6938478323625
2,0,6,0,10.036476902717832,69.730960069477
1,1,23,1,5.521520385344413,74.82208553755754
1,1,12,0,1.3915474910577508,82.0851712906286
2,1,8,0,2.4921308892794496,70.13603207629671
0,1,5,1,7.66405988046021,61.6293085203588
0,0,20,0,0.3795209632786927,96.77164922567799
1,1,6,0,3.348492406590937,76.42999747208329
0,0,17,0,1.2236989971635102,93.80521525801672
1,0,14,0,0.5308167371592656,94.70541390754431
0,0,7,0,8.840880863984674,88.59998134181967
0,1,19,0,6.230256060759754,80.67370287268079
1,3,15,0,1.0172459891776924,70.89582525568116
2,0,16,0,6.647868967160145,77.20410565599703
0,1,2,1,0.8541364030839553,67.0284714874523
0,1,12,0,2.5630005326104626,81.1149108069534
1,1,8,0,4.828300504556503,85.00718489556641
0,0,19,0,2.9710339503997383,93.6489137729473
0,1,14,0,6.958184205718438,84.44529071493477
0,1,15,0,3.6579050463751055,81.95627473195408
1,1,15,0,2.279420574924204,86.98416929224665
2,4,18,0,9.373507475447811,37.875238769789846
1,3,3,1,0.42939392149471234,59.032057654667945
0,0,18,0,2.645734924631837,91.90144629705921
0,1,18,0,4.083888342287845,84.46851628608232
0,1,1,1,6.628857337912472,62.37002601763518
2,0,5,1,3.026661490026063,63.29293354150495
1,4,12,0,7.8856732931068185,62.29334057308206
0,1,14,0,2.244629019056027,78.65848144065953
1,4,9,0,1.6350704579704665,58.626132284229605
1,0,21,1,13.04859530166121,75.38306831263822
2,1,9,0,4.1505472482066175,70.49128553127287
2,1,3,1,2.241588320165378,64.82676771547021
0,2,13,0,7.6685173313522474,76.16309165676981
1,1,7,0,4.3218752327476535,84.07958900676796
1,2,5,1,3.8557574937056605,63.438995293657946
0,0,11,0,4.863764989152267,89.22675315355693
1,0,7,0,4.991855491790143,92.10795480849262
1,3,5,1,2.6772402792322443,56.613354305420856
0,1,14,0,2.2023690975328747,86.4865534666513
1,0,18,0,8.700024477993072,86.01262663995239
1,0,13,0,2.706802139675825,93.4420835702811
0,1,2,1,1.150915736395824,69.19780318014949
0,0,17,0,2.880598648514547,94.3590135099676
1,0,9,0,0.4225997384333416,93.25623868113016
0,0,13,0,4.797107015751905,92.21458070133767
2,0,13,0,0.7753051217379521,81.20930915243898
0,1,21,1,0.7146557526553137,65.54842074094424
0,0,6,0,10.538859124163011,87.72086379081702
0,0,6,0,5.482989773160869,93.33569543601898
1,1,20,0,2.1718908913080193,88.9867908502435
1,2,21,1,1.2585775283058618,66.99972822625438
1,0,22,1,6.791234552418054,73.433076498537
0,0,10,0,12.41151544297134,85.32519938404477
2,2,17,0,2.784987912495269,63.29916265662445
0,0,9,0,3.3368859797728314,93.98303140345439
0,1,14,0,1.2746194168016067,82.84789034932336
0,2,11,0,3.4141990772983206,78.7699898213693
0,1,22,1,2.0913776249453986,64.20989482334288
0,1,16,0,6.838242895887262,79.10686159108485
0,0,21,1,1.9568656611098891,65.21275645995823
0,1,23,1,3.962190163577353,64.9379539674171
2,0,16,0,1.096199182314134,77.1556781043553
0,1,0,1,0.6326761655520101,60.55409500779222
1,1,5,1,0.44417229312749806,73.45088984197254
1,1,20,0,2.180365733830007,89.26963365830936
0,0,14,0,0.9249708301923252,94.84593720674346
1,2,18,0,17.91518529906405,67.00190186989902
1,1,13,0,5.904855716251218,82.6324890263373
0,1,9,0,4.437433119986111,84.85469766009186
2,0,9,0,5.991593054015935,75.59420858823306
1,0,22,1,1.3668857951062396,80.49398831411357
2,0,6,0,7.699520777063358,72.91897536656624
2,0,6,0,19.320598552182453,65.08061015994583
0,4,13,0,1.4979987488425313,71.0418728773018
0,0,14,0,14.917940002265944,84.7768498519004
0,2,21,1,1.6518603255412538,54.10526593226258
2,1,19,0,0.34127331337279754,69.23546298725763
2,0,8,0,1.9016807726306164,79.20799941110727
1,0,14,0,21.291190459523573,74.87210178707667
0,0,8,0,3.8289534273932104,94.65523753208663
0,1,22,1,4.461478995029186,54.272229048951125
2,1,6,0,1.2529254254463904,71.56152360828433
2,2,23,1,0.852056835202212,47.91828557451609
0,0,10,0,7.885450663059061,90.03533570803137
0,2,4,1,2.1668959173778037,53.992498893197165
0,0,8,0,0.31440615475513517,96.86233595534328
0,0,5,1,1.5197096767502805,65.29267187045696
2,0,6,0,1.0623800334057758,83.53890408988309
1,0,22,1,3.540181440076592,81.22118735375817
1,1,22,1,5.2388219160244915,71.20465389290335
1,2,13,0,2.7085482853300036,75.30604104363401
0,0,18,0,1.0198480599779707,93.25492297395732
0,1,21,1,0.5089929823902586,67.244191387526
1,0,21,1,1.6166950588869606,79.20003069929702
1,0,10,0,6.0389790683550615,89.83369297992252
0,2,6,0,2.2036107805996514,77.3351567099056
0,1,5,1,1.3174081956073846,64.99091139546663
0,2,3,1,0.37329892413472243,53.51909943146167
0,0,13,0,2.6985574830777947,97.19712343952438
1,1,21,1,4.341163222765095,74.83674602870474
1,0,2,1,1.038947506381302,76.85071599120215
1,1,16,0,2.99652659124597,79.20996043569833
2,1,14,0,2.2110057888075216,75.9488058539781
1,2,0,1,4.560266752396855,64.55100413952108
0,1,20,0,7.196550329779915,76.3370861527931
0,0,10,0,1.5837853786721598,92.24960386525065
2,0,12,0,8.53015050505206,73.30645724097931
1,0,23,1,4.595963603677543,81.24042169701438
0,0,2,1,0.43256032029946606,75.48887391265212
1,1,12,0,5.783043622538821,83.24980166195878
1,0,17,0,2.6886052196415475,92.33165238463494
2,2,23,1,10.480930386278883,44.19177011849795
2,0,8,0,1.6685603016390138,83.88878175138736
1,0,1,1,3.4309692869387387,78.98829364966775
1,1,7,0,11.244127320669547,80.05532287453482
0,0,1,1,1.4070523922599738,68.65373787986191
1,2,22,1,2.534998552691774,62.171556210665415
1,0,23,1,5.187142584881891,79.42275246470152
1,2,0,1,4.411566978376383,63.332260974414126
1,1,23,1,6.685783409892409,66.02681498632334
2,2,2,1,2.8674098808498205,50.74035733367199
0,1,16,0,1.6442703939706254,93.6478207501289
0,2,6,0,2.9806494633858693,77.50324170233033
1,2,9,0,1.8075249986942659,77.65436241556431
2,1,18,0,0.9793758366736283,71.82192339682906
2,0,23,1,3.133645203001496,70.08911402379395
1,2,8,0,0.47356522918394606,79.18558406313815
2,2,17,0,0.43041332450270614,66.40063171863306
1,1,14,0,0.5336346114506282,89.22334102877815
0,2,16,0,4.208123592105393,80.54599202969179
1,1,23,1,2.128885470171852,71.61437338963846
0,2,21,1,2.6850619405102534,52.96487235285876
0,3,16,0,1.7723748966551336,68.9402176799295
0,1,18,0,1.3238975704425118,88.40005886765297
0,0,8,0,1.8527484670272194,95.82083885694388
0,1,5,1,1.0521511624005127,65.24623188651927
0,0,18,0,4.2744609096952395,94.51778025501203
0,2,7,0,0.6755174658528094,81.76559812651526
0,0,5,1,2.846365809040501,68.85749177678669
1,0,16,0,2.5674507603666346,88.44733686676163
1,1,5,1,1.5579936321475005,72.9357821665296
2,1,12,0,0.6776763290371708,74.56991937562883
2,1,20,0,4.553298974517067,71.33871949757541
1,0,23,1,3.250156001372138,74.99042427914475
1,0,1,1,6.102926329862126,71.03436089541681
0,1,11,0,1.2399749173198475,88.57958150890758
0,0,6,0,5.788433277429608,92.51414925952966
1,0,5,1,1.508320845245579,82.87174790825951
1,0,16,0,0.7180714825126175,97.14180162980159
2,1,7,0,0.8072515019724555,73.48512235999002
1,0,5,1,1.1743675745460678,78.07403838178435
0,1,18,0,4.314687377663637,83.11674728290974
2,1,20,0,1.2788215118457325,72.24529780347865
1,1,22,1,3.5410533702577367,70.95676592366236
2,0,8,0,1.3374600321768748,78.1669192894408
1,1,19,0,1.8906878957274813,85.7096737572566
0,1,15,0,8.016604399556492,78.60137216221938
0,0,17,0,2.728550325535885,86.42389377434061
0,2,18,0,3.5092216862262493,77.51371183928796
0,1,6,0,1.034400192507031,90.40787447929145
0,0,7,0,0.7934813876127738,87.75057807611867
1,1,20,0,2.165631564548509,86.26524126321273
2,0,18,0,7.0678929208236205,72.3126243767836
2,0,0,1,1.264785248638549,70.02812234635006
1,1,12,0,3.7021673124750554,85.68095565298916
0,1,0,1,7.497669492776335,62.65991010458331
0,0,10,0,9.835184738346802,84.59904972998619
1,2,1,1,18.085730964305732,53.728598373795954
0,0,20,0,5.3383003815957,98.19820050526477
2,1,2,1,0.572903678846916,61.65038283421083
2,2,12,0,7.480357262456236,62.14381057002422
0,2,6,0,7.889318056926993,77.89808839696593
1,0,1,1,3.151884616177605,77.83077355721558
0,0,1,1,0.5443449548261722,66.50810135642551
1,0,2,1,2.56636927780669,75.8581323747814
0,1,12,0,1.1281309670318906,83.11806658329687
0,2,11,0,2.3425587430624715,76.86854109698979
1,1,0,1,4.807344697281153,73.14397049324216
1,0,17,0,4.154437128362686,94.53598973272524
1,1,4,1,5.5993172421199775,67.7942336751948
1,1,18,0,2.5654159122788878,91.88187548913933
1,0,9,0,2.802386923378113,96.65813215646712
1,1,5,1,9.904099010289745,66.05900299873144
2,1,17,0,3.791097914009247,77.61060487902222
2,0,14,0,5.11776734811799,78.68648819217051
1,0,13,0,4.122646448404116,91.50147763380252
1,1,23,1,3.8805018495029966,69.58454152792204
1,0,15,0,8.868343911768404,84.56036859533526
0,1,3,1,1.8428391182148165,66.83755007243512
0,1,18,0,2.2532626959523867,85.98627517706329
2,1,20,0,1.9717165720154026,73.19607361950712
2,0,7,0,5.371528044708411,73.29262225957027
1,0,0,1,7.3984806341610305,78.71400722927945
1,0,19,0,1.8483726925949306,93.74418012551087
0,0,21,1,0.8374451971357741,69.07467851614241
0,1,21,1,2.685002701478398,59.084831725172705
1,0,12,0,14.845700684148095,83.23917557360119
1,1,8,0,1.0971473311963622,88.67640015833288
2,0,0,1,2.4051859633438584,70.25932235420304
0,0,14,0,1.4081429875487925,94.57219468363341
1,2,14,0,9.259258652767091,70.17345752145849
0,0,13,0,3.101918832883458,92.58047965820708
2,0,4,1,3.3258047534765356,67.40514372944152
2,0,16,0,0.32903445943523346,78.44378214035495
1,1,5,1,4.0022859645323665,70.88393296020182
2,0,8,0,1.5802694074890509,79.8225193192663
1,3,19,0,2.821212529457985,70.90852366480706
0,0,18,0,2.9505366802160027,88.86558470016884
1,0,22,1,3.43963498369007,78.59301851767111
0,0,20,0,6.3713016121371515,90.323493867635
1,1,16,0,1.5430395461274773,87.75597632233294
2,1,6,0,1.335759136757717,72.85018151239966
1,0,7,0,5.860445462208572,91.18757669952066
0,0,14,0,4.739398540312345,91.97788091330355
0,0,5,1,1.1949011147120827,69.57863186116396
0,2,0,1,0.3029284721084122,61.891736234140204
0,1,8,0,4.137482735732165,83.03631307674387
0,1,6,0,0.8984983404804026,84.51638863166862
1,2,21,1,11.312640441172622,54.57528720410866
1,2,19,0,3.5457953164443072,75.61314673296235
1,0,18,0,6.931805196955349,87.37134352157165
0,0,3,1,6.032818292878711,67.04407067059527
0,1,0,1,3.1559575278874146,63.93048312325613
0,3,8,0,2.319071843140866,74.21353812696144
0,1,1,1,2.703675435137976,65.77629334398095
0,2,15,0,5.985730388926738,69.17098012319454
0,2,1,1,3.8801639710748157,57.92054759226975
1,1,2,1,1.1061049008381016,76.17865054596572
2,0,13,0,3.589847281456455,83.53224915846221
1,0,12,0,2.1152178059752313,91.39452504360395
1,1,16,0,0.5213983945073232,84.05997071621107
0,2,9,0,1.98029745034912,81.01049723353361
2,1,2,1,1.2038914880081641,62.79812188841026
0,1,3,1,6.683207958261211,58.1229215352725
0,1,4,1,0.6882583582629886,64.18723151925886
0,0,10,0,1.8654160093155554,94.94390408941814
0,1,5,1,4.461702503749723,62.97683849258509
1,0,0,1,8.268935012104578,76.27614926532802
2,0,18,0,1.72955612624599,79.89341026488401
1,0,6,0,3.563812997138213,89.69400145017033
0,0,22,1,1.937458564761357,70.84464423502496
1,2,9,0,1.0936301494253216,74.96941227554527
1,0,11,0,1.679372969769359,93.64013213502542
2,1,11,0,3.8361643279526216,66.3215986150482
1,1,0,1,4.709918133239599,68.42157946008777
1,1,8,0,1.9204902015499332,95.52456421022815
1,1,16,0,0.8792578980651982,81.09764625085313
1,0,22,1,0.8260797553845787,85.26389442583387
0,0,11,0,6.161048024320601,90.88787668780135
0,2,1,1,4.007266691456934,55.69503501857621
1,2,8,0,4.857232675699458,72.91330508084003
2,0,11,0,2.6447455362164427,81.07378891428887
1,1,3,1,2.4393226670435997,68.09568945398448
2,1,21,1,1.1301273983422253,59.11476347504638
0,1,11,0,0.9451592653490128,86.79974118230405
1,0,17,0,0.8849672325574558,99.0
0,0,2,1,17.107831683358,61.28050569527763
2,0,21,1,6.319176883325539,62.64957629292141
0,1,0,1,3.7434612960790883,61.66848437242449
1,2,22,1,1.1445937761873188,68.80443772397112
0,0,17,0,1.7419106079230888,89.97042106958509
1,0,23,1,1.8119735452465306,84.88024707668089
2,0,20,0,2.5731177971820776,78.65704561397784
0,1,22,1,2.218615524402268,61.09949772641179
2,1,7,0,9.821484723294983,61.4580248240721
2,1,18,0,4.765515308684059,62.196410358774095
0,0,21,1,0.5971857552395576,77.77767611456963
1,2,3,1,1.8617686175413621,60.85067400929335
0,0,22,1,0.7993561996341346,73.79908812119824
0,2,15,0,1.4466280597243402,80.1440845583876
1,0,16,0,11.470519280459904,84.39342450511226
1,4,22,1,4.575857933944716,48.99923674165428
0,1,8,0,0.3275911540733234,86.03545959622411
0,3,7,0,1.6957280599579097,71.81202634870284
2,0,19,0,2.321259980956666,77.97568964624519
1,0,18,0,3.528973789808198,91.30916879771446
0,1,6,0,2.7241047792968414,85.07241797841714
1,1,11,0,0.553142289729223,88.93248797048713
0,0,0,1,2.836575394605169,72.52882788130596
0,1,23,1,0.7884604557057455,64.4947841166537
1,0,16,0,2.863061951638479,91.95059861029713
1,1,22,1,1.2885886842034373,76.15867225482815
0,0,5,1,0.8449835178569571,69.74474301475782
1,0,23,1,1.4884919964168006,78.31245439405163
0,1,21,1,0.6672924186873932,60.94136619607369
1,2,4,1,1.4691833282021254,67.54218486811564
0,0,19,0,7.359151043158061,92.39554743184492
1,0,6,0,1.5844006923521035,93.94507410910977
0,1,21,1,2.5235405239691735,64.27357973175519
1,1,21,1,2.8674950036806175,71.64766999297629
1,0,11,0,0.9872903391142294,94.99110158423161
0,0,4,1,2.3405354094235564,71.53827338776114
0,0,1,1,7.01017996544378,68.84048152095184
1,0,3,1,0.5938413778527653,75.35226977587693
0,3,16,0,9.265635078172693,66.3730498398789
1,0,7,0,7.47088274553387,90.915260129226
1,0,19,0,7.078655735898778,91.15804291811347
1,0,4,1,1.074632872569376,81.77658511662148
2,1,16,0,2.6178975656124814,76.67094032315254
1,2,19,0,3.6513118782008767,79.89127381783368
1,2,3,1,0.6685670702655366,71.82001112411656
1,1,20,0,3.148428938464486,86.3414669987342
2,1,17,0,6.71498054671813,68.13152482642276
0,0,17,0,9.95147809150807,88.81373433801993
2,1,17,0,1.441648432955154,70.4685792408399
2,0,15,0,1.4925069845629755,82.29081485095983
0,0,10,0,1.404992321063428,92.51400530153502
0,0,7,0,0.8830513457118461,92.52596290418451
2,0,11,0,2.2718016587048417,75.23379508788942
1,2,17,0,5.67127438463881,78.48100793951282
0,4,21,1,4.657859191505592,45.31629209276971
1,2,17,0,8.37024300711757,77.40802533870281
0,1,7,0,1.8387932317223719,88.73206710866657
0,2,15,0,3.2720056978912013,80.17027540688012
1,0,16,0,5.391538285704185,93.37152153867137
1,0,1,1,8.295690396422053,75.98403503934668
2,3,20,0,7.4883259603769945,51.3650772068916
1,1,21,1,2.492597633125007,70.58499153117747
2,0,14,0,8.607698990497962,79.69968133336536
0,0,21,1,2.3548054669051903,70.51460705778447
1,1,23,1,8.459606291379258,69.15970511013965
0,0,6,0,5.551584118564056,87.18907192295622
0,0,0,1,1.1770171025042515,69.7363961141425
2,0,1,1,9.590833155550012,58.37376407884082
0,2,3,1,1.2718974931724878,55.904727539399225
2,2,15,0,8.666896855765971,60.979526122231995
0,0,11,0,3.641783487352991,93.48551441049767
0,1,16,0,4.152600074278305,85.98340826851336
0,2,23,1,0.7052482036839688,57.38815576365088
1,0,3,1,0.5380056269765154,84.81598937278541
0,0,15,0,12.384567528084634,84.65005350818667
1,0,6,0,1.738049493180271,94.97783334563573
1,2,22,1,6.8109837856472355,61.37314798870075
0,1,7,0,4.566511783463721,87.15955567475133
1,0,8,0,3.543417016545164,89.48025736639735
1,2,13,0,4.345472819572166,79.90326890209741
2,0,22,1,0.6277311338058831,69.58359878970826
0,1,8,0,2.1609526064897087,90.3226991403694
0,2,14,0,3.5694902244423403,75.16242248900646
0,0,20,0,7.375767572395833,88.40713958390371
1,1,3,1,4.689593883696079,70.97330079094964
1,1,2,1,1.3200124105562239,71.85415053305799
2,1,21,1,14.98181086726323,55.43267145797292
2,0,9,0,3.905426992125174,75.73850500499267
0,1,3,1,2.735243614341173,60.538575472381716
1,0,17,0,5.621451762929847,94.8595550070239
1,0,10,0,3.5307262197748215,94.47427421443743
2,1,18,0,4.632422012838878,69.22273916641373
0,1,18,0,3.6602388171868676,79.01426166745208
1,1,17,0,0.9896221435701571,91.85037592406857
2,1,12,0,3.0434796141344873,76.90312184683943
0,0,3,1,1.464871844926127,73.65927552466957
1,2,2,1,3.256243843687373,66.95727824475193
2,1,15,0,0.7693746290183855,73.4978131129507
2,0,13,0,1.2237233660377997,78.73206162311912
